,ProcessName,RegionName,Time,cap_par,cap_exp,fix_par,fix_exp,var_par,var_exp,MaxCapacityAddition,MaxCapacityGrowth,TotalCapacityLimit,TechnicalLife,UtilizationFactor,ScalingSize,efficiency,InterestRate,Fuel,EndUse,A2,H20,B5,C9,C8,F15,C7,A1,E13,I21,D11,B4,G17,E14,D10,I22,J24,B6,D12,key_0,A3,G18,J23,F16,H19
0,Unit,-,year,MGBP2020/PJ_a,-,MGBP2020/PJ_a,-,MGBP2020/PJ,-,PJ,%,PJ,years,-,PJ,%,-,-,-,new,new,new,new,new,new,new,new,new,new,new,new,new,new,new,new,new,new,new,new,new,new,new,new,new
1,RCEOTHER00 [RES.COOKING: .00.OTHER.KETTLE.MICROWAVE],UK,2010,61.177609885735,1,0.0,1,0,1,2.0,100,100000000.0,5.0,1.0,1,0.8,0.1,ELC,RES.COOKING.OTHER,0.030260551443329987,0.03338326191168345,0.05940700365493817,0.035443825962229614,0.030961106276292456,0.0619824778167257,0.03875772278578839,0.02912405477627617,0.05390393070372049,0.04322935920475712,0.026362474089977193,0.026660798692543942,0.0531394161842944,0.04322935920475712,0.04122190247510133,0.049750938210093944,0.06774577664030618,0.03216179353120505,0.041976026431744515,RES.COOKING,0.0373769324426389,0.04767328745630479,0.04813647565502685,0.02392323175134321,0.04418829269892097
2,RCEOTHER01 [RES.COOKING: .01.OTHER.KETTLE.MICROWAVE],UK,2010,61.177609885735,1,0.0,1,0,1,100000000.0,100,100000000.0,5.0,1.0,1,0.8,0.1,ELC,RES.COOKING.OTHER,0.030260551443329987,0.03338326191168345,0.05940700365493817,0.035443825962229614,0.030961106276292456,0.0619824778167257,0.03875772278578839,0.02912405477627617,0.05390393070372049,0.04322935920475712,0.026362474089977193,0.026660798692543942,0.0531394161842944,0.04322935920475712,0.04122190247510133,0.049750938210093944,0.06774577664030618,0.03216179353120505,0.041976026431744515,RES.COOKING,0.0373769324426389,0.04767328745630479,0.04813647565502685,0.02392323175134321,0.04418829269892097
3,RCHEHOB00 [RES.COOKING: .00.HOB.ELECTRIC.],UK,2010,164.642857142857,1,8.23214285714286,1,0,1,2.0,100,100000000.0,14.0,1.0,1,1.09656574908097,0.1,ELC,RES.COOKING.HOBS,0.030260551443329987,0.03338326191168345,0.05940700365493817,0.035443825962229614,0.030961106276292456,0.0619824778167257,0.03875772278578839,0.02912405477627617,0.05390393070372049,0.04322935920475712,0.026362474089977193,0.026660798692543942,0.0531394161842944,0.04322935920475712,0.04122190247510133,0.049750938210093944,0.06774577664030618,0.03216179353120505,0.041976026431744515,RES.COOKING,0.0373769324426389,0.04767328745630479,0.04813647565502685,0.02392323175134321,0.04418829269892097
4,RCHEHOB01 [RES.COOKING: .01.HOB.ELECTRIC.],UK,2010,164.642857142857,1,8.23214285714286,1,0,1,100000000.0,100,100000000.0,14.0,1.0,1,1.09656574908097,0.1,ELC,RES.COOKING.HOBS,0.030260551443329987,0.03338326191168345,0.05940700365493817,0.035443825962229614,0.030961106276292456,0.0619824778167257,0.03875772278578839,0.02912405477627617,0.05390393070372049,0.04322935920475712,0.026362474089977193,0.026660798692543942,0.0531394161842944,0.04322935920475712,0.04122190247510133,0.049750938210093944,0.06774577664030618,0.03216179353120505,0.041976026431744515,RES.COOKING,0.0373769324426389,0.04767328745630479,0.04813647565502685,0.02392323175134321,0.04418829269892097
5,RCHEOVEN00 [RES.COOKING: .00.OVEN.ELECTRIC.],UK,2010,164.642857142857,1,8.23214285714286,1,0,1,2.0,100,100000000.0,14.0,1.0,1,1.51803094504518,0.1,ELC,RES.COOKING.OVENS,0.030260551443329987,0.03338326191168345,0.05940700365493817,0.035443825962229614,0.030961106276292456,0.0619824778167257,0.03875772278578839,0.02912405477627617,0.05390393070372049,0.04322935920475712,0.026362474089977193,0.026660798692543942,0.0531394161842944,0.04322935920475712,0.04122190247510133,0.049750938210093944,0.06774577664030618,0.03216179353120505,0.041976026431744515,RES.COOKING,0.0373769324426389,0.04767328745630479,0.04813647565502685,0.02392323175134321,0.04418829269892097
6,RCHEOVEN01 [RES.COOKING: .01.OVEN.ELECTRIC.],UK,2010,164.642857142857,1,8.23214285714286,1,0,1,100000000.0,100,100000000.0,14.0,1.0,1,1.51803094504518,0.1,ELC,RES.COOKING.OVENS,0.030260551443329987,0.03338326191168345,0.05940700365493817,0.035443825962229614,0.030961106276292456,0.0619824778167257,0.03875772278578839,0.02912405477627617,0.05390393070372049,0.04322935920475712,0.026362474089977193,0.026660798692543942,0.0531394161842944,0.04322935920475712,0.04122190247510133,0.049750938210093944,0.06774577664030618,0.03216179353120505,0.041976026431744515,RES.COOKING,0.0373769324426389,0.04767328745630479,0.04813647565502685,0.02392323175134321,0.04418829269892097
7,RCHGHOB00 [RES.COOKING: .00.HOB.GAS.],UK,2010,175.714285714286,1,8.78571428571429,1,0,1,2.0,100,100000000.0,14.0,1.0,1,0.8,0.1,NGA,RES.COOKING.HOBS,0.030260551443329987,0.03338326191168345,0.05940700365493817,0.035443825962229614,0.030961106276292456,0.0619824778167257,0.03875772278578839,0.02912405477627617,0.05390393070372049,0.04322935920475712,0.026362474089977193,0.026660798692543942,0.0531394161842944,0.04322935920475712,0.04122190247510133,0.049750938210093944,0.06774577664030618,0.03216179353120505,0.041976026431744515,RES.COOKING,0.0373769324426389,0.04767328745630479,0.04813647565502685,0.02392323175134321,0.04418829269892097
8,RCHGHOB01 [RES.COOKING: .01.HOB.GAS.],UK,2010,175.714285714286,1,8.78571428571429,1,0,1,100000000.0,100,100000000.0,14.0,1.0,1,0.8,0.1,NGA,RES.COOKING.HOBS,0.030260551443329987,0.03338326191168345,0.05940700365493817,0.035443825962229614,0.030961106276292456,0.0619824778167257,0.03875772278578839,0.02912405477627617,0.05390393070372049,0.04322935920475712,0.026362474089977193,0.026660798692543942,0.0531394161842944,0.04322935920475712,0.04122190247510133,0.049750938210093944,0.06774577664030618,0.03216179353120505,0.041976026431744515,RES.COOKING,0.0373769324426389,0.04767328745630479,0.04813647565502685,0.02392323175134321,0.04418829269892097
9,RCHGOVEN00 [RES.COOKING: .00.OVEN.GAS.],UK,2010,175.714285714286,1,8.78571428571429,1,0,1,2.0,100,100000000.0,14.0,1.0,1,1.11553538908557,0.1,NGA,RES.COOKING.OVENS,0.030260551443329987,0.03338326191168345,0.05940700365493817,0.035443825962229614,0.030961106276292456,0.0619824778167257,0.03875772278578839,0.02912405477627617,0.05390393070372049,0.04322935920475712,0.026362474089977193,0.026660798692543942,0.0531394161842944,0.04322935920475712,0.04122190247510133,0.049750938210093944,0.06774577664030618,0.03216179353120505,0.041976026431744515,RES.COOKING,0.0373769324426389,0.04767328745630479,0.04813647565502685,0.02392323175134321,0.04418829269892097
10,RCHGOVEN01 [RES.COOKING: .01.OVEN.GAS.],UK,2010,175.714285714286,1,8.78571428571429,1,0,1,100000000.0,100,100000000.0,14.0,1.0,1,1.11553538908557,0.1,NGA,RES.COOKING.OVENS,0.030260551443329987,0.03338326191168345,0.05940700365493817,0.035443825962229614,0.030961106276292456,0.0619824778167257,0.03875772278578839,0.02912405477627617,0.05390393070372049,0.04322935920475712,0.026362474089977193,0.026660798692543942,0.0531394161842944,0.04322935920475712,0.04122190247510133,0.049750938210093944,0.06774577664030618,0.03216179353120505,0.041976026431744515,RES.COOKING,0.0373769324426389,0.04767328745630479,0.04813647565502685,0.02392323175134321,0.04418829269892097
11,RCHHHOB01 [RES.COOKING: .01.HOB.HYDROGEN.],UK,2010,175.714285714286,1,8.78571428571429,1,0,1,100000000.0,100,100000000.0,14.0,1.0,1,0.8,0.1,HYDROGEN,RES.COOKING.HOBS,0.030260551443329987,0.03338326191168345,0.05940700365493817,0.035443825962229614,0.030961106276292456,0.0619824778167257,0.03875772278578839,0.02912405477627617,0.05390393070372049,0.04322935920475712,0.026362474089977193,0.026660798692543942,0.0531394161842944,0.04322935920475712,0.04122190247510133,0.049750938210093944,0.06774577664030618,0.03216179353120505,0.041976026431744515,RES.COOKING,0.0373769324426389,0.04767328745630479,0.04813647565502685,0.02392323175134321,0.04418829269892097
12,RCHHOVEN01 [RES.COOKING: .01.OVEN.HYDROGEN.],UK,2010,175.714285714286,1,8.78571428571429,1,0,1,100000000.0,100,100000000.0,14.0,1.0,1,1.11553538908557,0.1,HYDROGEN,RES.COOKING.OVENS,0.030260551443329987,0.03338326191168345,0.05940700365493817,0.035443825962229614,0.030961106276292456,0.0619824778167257,0.03875772278578839,0.02912405477627617,0.05390393070372049,0.04322935920475712,0.026362474089977193,0.026660798692543942,0.0531394161842944,0.04322935920475712,0.04122190247510133,0.049750938210093944,0.06774577664030618,0.03216179353120505,0.041976026431744515,RES.COOKING,0.0373769324426389,0.04767328745630479,0.04813647565502685,0.02392323175134321,0.04418829269892097
13,REAIRCON00 [RES.AIR-CONDITIONER: .00.],UK,2010,162.760416666667,1,8.13802083333333,1,0,1,2.0,100,100000000.0,15.0,1.0,1,0.555555555555556,0.1,ELC,RES.COOLING,0.031664718343394425,0.034932330555734886,0.060648413968349274,0.03708851004278948,0.018015432586425385,0.06327770704019221,0.04055618014568139,0.03047548532733855,0.05640521080825789,0.0452353119191349,0.027585760241595286,0.015513199601448455,0.05424985460470352,0.0452353119191349,0.043134704068344604,0.052059508852390135,0.06916143978837223,0.03365418292165613,0.043923821303297576,RES.COOLING,0.03911131760280975,0.04866950182635154,0.05037013110995561,0.013920283242455412,0.045111682180186435
14,REAIRCON01 [RES.AIR-CONDITIONER: .01.],UK,2010,162.760416666667,1,8.13802083333333,1,0,1,100000000.0,100,100000000.0,15.0,1.0,1,0.555555555555556,0.1,ELC,RES.COOLING,0.031664718343394425,0.034932330555734886,0.060648413968349274,0.03708851004278948,0.018015432586425385,0.06327770704019221,0.04055618014568139,0.03047548532733855,0.05640521080825789,0.0452353119191349,0.027585760241595286,0.015513199601448455,0.05424985460470352,0.0452353119191349,0.043134704068344604,0.052059508852390135,0.06916143978837223,0.03365418292165613,0.043923821303297576,RES.COOLING,0.03911131760280975,0.04866950182635154,0.05037013110995561,0.013920283242455412,0.045111682180186435
15,REAUDVIS00 [RES.CONSUMER-ELECTRONICS: .00.TV.DVD.SET-TOP-BOX.GAME-CONSOLE.],UK,2010,369.940960908303,1,0.0,1,0,1,2.0,100,100000000.0,6.0,1.0,1,0.6,0.1,ELC,RES.CONSUMER-ELECTRONICS.TV,0.03340547126796928,0.036852718917243746,0.05586534498288509,0.039127433352479285,0.015467504463361677,0.058287277477216626,0.04278573698028076,0.03215086072894762,0.059506060612475986,0.04772210181138468,0.02910227437244638,0.013319163052305892,0.04997141136031604,0.04772210181138468,0.04550601403685109,0.05492145574558375,0.06370698655544103,0.03550430572109897,0.04633851261881874,RES.CONSUMER-ELECTRONICS.TV,0.041261443802030146,0.04483115603143757,0.053139205260244564,0.011951533339597701,0.04155392569819875
16,REAUDVIS01 [RES.CONSUMER-ELECTRONICS: .01.TV.DVD.SET-TOP-BOX.GAME-CONSOLE.],UK,2010,369.940960908303,1,0.0,1,0,1,100000000.0,100,100000000.0,6.0,1.0,1,0.6,0.1,ELC,RES.CONSUMER-ELECTRONICS.TV,0.03340547126796928,0.036852718917243746,0.05586534498288509,0.039127433352479285,0.015467504463361677,0.058287277477216626,0.04278573698028076,0.03215086072894762,0.059506060612475986,0.04772210181138468,0.02910227437244638,0.013319163052305892,0.04997141136031604,0.04772210181138468,0.04550601403685109,0.05492145574558375,0.06370698655544103,0.03550430572109897,0.04633851261881874,RES.CONSUMER-ELECTRONICS.TV,0.041261443802030146,0.04483115603143757,0.053139205260244564,0.011951533339597701,0.04155392569819875
17,RECOLFRE00 [RES.FREEZERS: .00.],UK,2010,152.777777777778,1,6.94444444444444,1,0,1,2.0,100,100000000.0,15.0,1.0,1,0.858325268073987,0.1,ELC,RES.FREEZERS,0.015832359171697213,0.017466165277867443,0.030324206984174637,0.01854425502139474,0.009007716293212693,0.03163885352009611,0.020278090072840694,0.015237742663669274,0.028202605404128944,0.02261765595956745,0.013792880120797643,0.007756599800724228,0.02712492730235176,0.02261765595956745,0.021567352034172302,0.026029754426195068,0.03458071989418612,0.016827091460828066,0.021961910651648788,RES.FREEZERS,0.019555658801404877,0.02433475091317577,0.025185065554977806,0.006960141621227706,0.022555841090093218
18,RECOLFRE01 [RES.FREEZERS: .01.CLASS-A+.],UK,2010,152.777777777778,1,7.63888888888889,1,0,1,100000000.0,100,100000000.0,15.0,1.0,1,1.04190517484119,0.1,ELC,RES.FREEZERS,0.015832359171697213,0.017466165277867443,0.030324206984174637,0.01854425502139474,0.009007716293212693,0.03163885352009611,0.020278090072840694,0.015237742663669274,0.028202605404128944,0.02261765595956745,0.013792880120797643,0.007756599800724228,0.02712492730235176,0.02261765595956745,0.021567352034172302,0.026029754426195068,0.03458071989418612,0.016827091460828066,0.021961910651648788,RES.FREEZERS,0.019555658801404877,0.02433475091317577,0.025185065554977806,0.006960141621227706,0.022555841090093218
19,RECOLFRE02 [RES.FREEZERS: .01.CLASS-A+++.],UK,2010,180.555555555556,1,9.02777777777778,1,0,1,100000000.0,100,100000000.0,15.0,1.0,1,1.27343965813923,0.1,ELC,RES.FREEZERS,0.015832359171697213,0.017466165277867443,0.030324206984174637,0.01854425502139474,0.009007716293212693,0.03163885352009611,0.020278090072840694,0.015237742663669274,0.028202605404128944,0.02261765595956745,0.013792880120797643,0.007756599800724228,0.02712492730235176,0.02261765595956745,0.021567352034172302,0.026029754426195068,0.03458071989418612,0.016827091460828066,0.021961910651648788,RES.FREEZERS,0.019555658801404877,0.02433475091317577,0.025185065554977806,0.006960141621227706,0.022555841090093218
20,RECOLREF00 [RES.REFRIGERATORS: .00.],UK,2010,243.055555555556,1,11.4583333333333,1,0,1,2.0,100,100000000.0,15.0,1.0,1,0.763291334037606,0.1,ELC,RES.REFRIGERATORS,0.015832359171697213,0.017466165277867443,0.030324206984174637,0.01854425502139474,0.009007716293212693,0.03163885352009611,0.020278090072840694,0.015237742663669274,0.028202605404128944,0.02261765595956745,0.013792880120797643,0.007756599800724228,0.02712492730235176,0.02261765595956745,0.021567352034172302,0.026029754426195068,0.03458071989418612,0.016827091460828066,0.021961910651648788,RES.REFRIGERATORS,0.019555658801404877,0.02433475091317577,0.025185065554977806,0.006960141621227706,0.022555841090093218
21,RECOLREF01 [RES.REFRIGERATORS: .01.CLASS-A+.],UK,2010,243.055555555556,1,12.1527777777778,1,0,1,100000000.0,100,100000000.0,15.0,1.0,1,0.926545239230526,0.1,ELC,RES.REFRIGERATORS,0.015832359171697213,0.017466165277867443,0.030324206984174637,0.01854425502139474,0.009007716293212693,0.03163885352009611,0.020278090072840694,0.015237742663669274,0.028202605404128944,0.02261765595956745,0.013792880120797643,0.007756599800724228,0.02712492730235176,0.02261765595956745,0.021567352034172302,0.026029754426195068,0.03458071989418612,0.016827091460828066,0.021961910651648788,RES.REFRIGERATORS,0.019555658801404877,0.02433475091317577,0.025185065554977806,0.006960141621227706,0.022555841090093218
22,RECOLREF02 [RES.REFRIGERATORS: .01.CLASS-A+++.],UK,2010,270.833333333333,1,13.5416666666667,1,0,1,100000000.0,100,100000000.0,15.0,1.0,1,1.13244418128175,0.1,ELC,RES.REFRIGERATORS,0.015832359171697213,0.017466165277867443,0.030324206984174637,0.01854425502139474,0.009007716293212693,0.03163885352009611,0.020278090072840694,0.015237742663669274,0.028202605404128944,0.02261765595956745,0.013792880120797643,0.007756599800724228,0.02712492730235176,0.02261765595956745,0.021567352034172302,0.026029754426195068,0.03458071989418612,0.016827091460828066,0.021961910651648788,RES.REFRIGERATORS,0.019555658801404877,0.02433475091317577,0.025185065554977806,0.006960141621227706,0.022555841090093218
23,RECOMPUT00 [RES.COMPUTERS: .00.],UK,2010,802.099253931767,1,0.0,1,0,1,2.0,100,100000000.0,5.0,1.0,1,0.6,0.1,ELC,RES.COMPUTERS,0.034249786615053554,0.0377841626293834,0.046804172431985334,0.04011636993135616,0.02862777565482228,0.048833275556973636,0.04386713631391029,0.03296346609283147,0.06101006215212242,0.048928266592933645,0.029837827440703023,0.024651553369491676,0.041866215176769056,0.048928266592933645,0.04665616772657874,0.05630958248680619,0.0533739259065978,0.03640166861017275,0.04750970751235228,RES.COMPUTERS,0.04230431698784607,0.03755969211079739,0.054482286044023415,0.022120298461046677,0.034814017602509024
24,RECOMPUT01 [RES.COMPUTERS: .01.],UK,2010,802.099253931767,1,0.0,1,0,1,100000000.0,100,100000000.0,5.0,1.0,1,0.6,0.1,ELC,RES.COMPUTERS,0.034249786615053554,0.0377841626293834,0.046804172431985334,0.04011636993135616,0.02862777565482228,0.048833275556973636,0.04386713631391029,0.03296346609283147,0.06101006215212242,0.048928266592933645,0.029837827440703023,0.024651553369491676,0.041866215176769056,0.048928266592933645,0.04665616772657874,0.05630958248680619,0.0533739259065978,0.03640166861017275,0.04750970751235228,RES.COMPUTERS,0.04230431698784607,0.03755969211079739,0.054482286044023415,0.022120298461046677,0.034814017602509024
25,RELITCON00 [RES.LIGHTING: .00.CONVENTIONAL.],UK,2010,0.260416666666667,1,0.0,1,0,1,2.0,100,100000000.0,1.0,1.0,1,10.7251815634471,0.1,ELC,RES.LIGHTING,0.033656562011639794,0.03712972074502768,0.0506061228115556,0.03942153297046051,0.024857831851740706,0.052800052040615005,0.043107334075280314,0.03239252124812787,0.05995333527871953,0.04808080287377113,0.029321020327444706,0.02140523161602372,0.04526705028209634,0.04808080287377113,0.04584805797373606,0.05533427043261523,0.05770954402172696,0.03577117226087936,0.04668681399438415,RES.LIGHTING,0.04157158361493873,0.04061070398126047,0.05353862374052353,0.019207313424729665,0.037641995548931835
26,RELITCON01 [RES.LIGHTING: .01.CONVENTIONAL.],UK,2010,0.260416666666667,1,0.0,1,0,1,100000000.0,100,100000000.0,1.0,1.0,1,10.7251815634471,0.1,ELC,RES.LIGHTING,0.033656562011639794,0.03712972074502768,0.0506061228115556,0.03942153297046051,0.024857831851740706,0.052800052040615005,0.043107334075280314,0.03239252124812787,0.05995333527871953,0.04808080287377113,0.029321020327444706,0.02140523161602372,0.04526705028209634,0.04808080287377113,0.04584805797373606,0.05533427043261523,0.05770954402172696,0.03577117226087936,0.04668681399438415,RES.LIGHTING,0.04157158361493873,0.04061070398126047,0.05353862374052353,0.019207313424729665,0.037641995548931835
27,RELITENS00 [RES.LIGHTING: .00.ENERGY-SAVING.],UK,2010,0.78125,1,0.0,1,0,1,2.0,100,100000000.0,7.0,1.0,1,25.249808575804,0.1,ELC,RES.LIGHTING,0.033656562011639794,0.03712972074502768,0.0506061228115556,0.03942153297046051,0.024857831851740706,0.052800052040615005,0.043107334075280314,0.03239252124812787,0.05995333527871953,0.04808080287377113,0.029321020327444706,0.02140523161602372,0.04526705028209634,0.04808080287377113,0.04584805797373606,0.05533427043261523,0.05770954402172696,0.03577117226087936,0.04668681399438415,RES.LIGHTING,0.04157158361493873,0.04061070398126047,0.05353862374052353,0.019207313424729665,0.037641995548931835
28,RELITENS01 [RES.LIGHTING: .01.ENERGY-SAVING.],UK,2010,0.78125,1,0.0,1,0,1,100000000.0,100,100000000.0,7.0,1.0,1,25.249808575804,0.1,ELC,RES.LIGHTING,0.033656562011639794,0.03712972074502768,0.0506061228115556,0.03942153297046051,0.024857831851740706,0.052800052040615005,0.043107334075280314,0.03239252124812787,0.05995333527871953,0.04808080287377113,0.029321020327444706,0.02140523161602372,0.04526705028209634,0.04808080287377113,0.04584805797373606,0.05533427043261523,0.05770954402172696,0.03577117226087936,0.04668681399438415,RES.LIGHTING,0.04157158361493873,0.04061070398126047,0.05353862374052353,0.019207313424729665,0.037641995548931835
29,RELITLED00 [RES.LIGHTING: .00.LED.],UK,2010,2.08333333333333,1,0.0,1,0,1,2.0,100,100000000.0,21.0,1.0,1,12.5850340136054,0.1,ELC,RES.LIGHTING,0.033656562011639794,0.03712972074502768,0.0506061228115556,0.03942153297046051,0.024857831851740706,0.052800052040615005,0.043107334075280314,0.03239252124812787,0.05995333527871953,0.04808080287377113,0.029321020327444706,0.02140523161602372,0.04526705028209634,0.04808080287377113,0.04584805797373606,0.05533427043261523,0.05770954402172696,0.03577117226087936,0.04668681399438415,RES.LIGHTING,0.04157158361493873,0.04061070398126047,0.05353862374052353,0.019207313424729665,0.037641995548931835
30,RELITLED01 [RES.LIGHTING: .01.LED.],UK,2010,2.08333333333333,1,0.0,1,0,1,100000000.0,100,100000000.0,21.0,1.0,1,12.5850340136054,0.1,ELC,RES.LIGHTING,0.033656562011639794,0.03712972074502768,0.0506061228115556,0.03942153297046051,0.024857831851740706,0.052800052040615005,0.043107334075280314,0.03239252124812787,0.05995333527871953,0.04808080287377113,0.029321020327444706,0.02140523161602372,0.04526705028209634,0.04808080287377113,0.04584805797373606,0.05533427043261523,0.05770954402172696,0.03577117226087936,0.04668681399438415,RES.LIGHTING,0.04157158361493873,0.04061070398126047,0.05353862374052353,0.019207313424729665,0.037641995548931835
31,REOTHER00 [RES.OTHER: .00.ALL.],UK,2010,0.0,1,0.0,1,0,1,2.0,100,100000000.0,50.0,1.0,1,0.7,0.1,ELC,RES.OTHER,0.023912414229897448,0.02638003437155763,0.08679680311848387,0.02800832793442183,0.019010747009728927,0.09055970833174541,0.03062702686026528,0.02301433479058575,0.042595823873895954,0.03416059175699636,0.020832085685716206,0.016370270961841037,0.07763952329879843,0.03416059175699636,0.03257426452307195,0.03931405695080367,0.09898019552226074,0.02541480880594225,0.0331701863940171,RES.OTHER,0.029535902307830514,0.06965321747904404,0.03803828055103378,0.014689349354036116,0.0645614541310293
32,REOTHER01 [RES.OTHER: .01.ALL.],UK,2010,0.0,1,0.0,1,0,1,100000000.0,100,100000000.0,50.0,1.0,1,0.7,0.1,ELC,RES.OTHER,0.023912414229897448,0.02638003437155763,0.08679680311848387,0.02800832793442183,0.019010747009728927,0.09055970833174541,0.03062702686026528,0.02301433479058575,0.042595823873895954,0.03416059175699636,0.020832085685716206,0.016370270961841037,0.07763952329879843,0.03416059175699636,0.03257426452307195,0.03931405695080367,0.09898019552226074,0.02541480880594225,0.0331701863940171,RES.OTHER,0.029535902307830514,0.06965321747904404,0.03803828055103378,0.014689349354036116,0.0645614541310293
33,REWETALL00 [RES.WET-APPLIANCES: .00.WASHING-MACHINE.DRIER.DISHWASHER.],UK,2010,947.079230225173,1,47.3539615112587,1,0,1,2.0,100,100000000.0,13.0,1.0,1,0.6,0.1,ELC,RES.WET.APPLIANCES,0.032537666583138565,0.035895361906214285,0.059276876174403983,0.03811098399014861,0.014544386676439229,0.06184670891441907,0.041674252496269784,0.03131564821725726,0.057960216886426184,0.046482380833055094,0.028346257795489615,0.012524260658734406,0.05302301747842321,0.046482380833055094,0.04432386241107784,0.0534947105213833,0.0675973835773899,0.03458197768120168,0.04513473441086824,RES.WET.APPLIANCES,0.040189557285385966,0.04756886197776181,0.051758759197888374,0.0112382526010718,0.04409150089249664
34,REWETALL01 [RES.WET-APPLIANCES: .01.WASHING-MACHINE.DRIER.DISHWASHER.],UK,2010,947.079230225173,1,47.3539615112587,1,0,1,100000000.0,100,100000000.0,13.0,1.0,1,0.6,0.1,ELC,RES.WET.APPLIANCES,0.032537666583138565,0.035895361906214285,0.059276876174403983,0.03811098399014861,0.014544386676439229,0.06184670891441907,0.041674252496269784,0.03131564821725726,0.057960216886426184,0.046482380833055094,0.028346257795489615,0.012524260658734406,0.05302301747842321,0.046482380833055094,0.04432386241107784,0.0534947105213833,0.0675973835773899,0.03458197768120168,0.04513473441086824,RES.WET.APPLIANCES,0.040189557285385966,0.04756886197776181,0.051758759197888374,0.0112382526010718,0.04409150089249664
35,RCHPEA-CCG00 [RES.CHP.EXISTING-AVERAGE: .00.COMBINED-CYCLE.NGA.],UK,2010,423.684210526316,1,16.8421052631579,1,0,1,2.0,100,100000000.0,25.0,0.383762178584872,1,0.545074179608265,0.1,NGA,RES.SPACE-HEAT.EXISTING-AVERAGE,0.047201524174322454,0.058238820560393416,0.0,0.06825368325502988,0.0,0.0,0.06543076877038632,0.05452813438269943,0.08340066433252537,0.07711145025984778,0.04380006184476963,0.0,0.0,0.07284715364435268,0.06972997775583285,0.09241803074283549,0.0,0.05249324196267369,0.08012388903851334,,0.05297702766057196,0.0,0.08144557161524574,0.0,0.0
36,RCHPEA-CCG01 [RES.CHP.EXISTING-AVERAGE: .01.COMBINED-CYCLE.NGA.],UK,2010,423.684210526316,1,16.8421052631579,1,0,1,100000000.0,100,100000000.0,25.0,0.383762178584872,1,0.8,0.1,NGA,RES.SPACE-HEAT.EXISTING-AVERAGE,0.047201524174322454,0.058238820560393416,0.0,0.06825368325502988,0.0,0.0,0.06543076877038632,0.05452813438269943,0.08340066433252537,0.07711145025984778,0.04380006184476963,0.0,0.0,0.07284715364435268,0.06972997775583285,0.09241803074283549,0.0,0.05249324196267369,0.08012388903851334,,0.05297702766057196,0.0,0.08144557161524574,0.0,0.0
37,RCHPEA-CCH01 [RES.CHP.EXISTING-AVERAGE: .01.COMBINED-CYCLE.HYG.],UK,2010,423.684210526316,1,16.8421052631579,1,0,1,100000000.0,100,100000000.0,25.0,0.383762178584872,1,0.8,0.1,ELC,RES.SPACE-HEAT.EXISTING-AVERAGE,0.0,0.0,0.2339776556126973,0.0,0.19815570136549032,0.24412129810250044,0.0,0.0,0.0,0.0,0.0,0.17063309097357687,0.0,0.0,0.0,0.0,0.0,0.0,0.0,,0.0,0.0,0.0,0.15311225394573505,0.0
38,RCHPEA-FCH01 [RES.CHP.EXISTING-AVERAGE: .01.FUEL-CELL.HYG.],UK,2010,6456.04931207143,1,531.651428571429,1,0,1,100000000.0,100,100000000.0,17.0,0.383762178584872,1,0.83,0.1,ELC,RES.SPACE-HEAT.EXISTING-AVERAGE,0.0,0.0,0.2339776556126973,0.0,0.19815570136549032,0.24412129810250044,0.0,0.0,0.0,0.0,0.0,0.17063309097357687,0.0,0.0,0.0,0.0,0.0,0.0,0.0,,0.0,0.0,0.0,0.15311225394573505,0.0
39,RCHPEA-STW01 [RES.CHP.EXISTING-AVERAGE: .01.STEAM-TURBINE.BIOMASS.],UK,2010,534.534534534534,1,24.024024024024,1,0,1,100000000.0,100,100000000.0,25.0,0.383762178584872,1,0.8,0.1,ELC,RES.SPACE-HEAT.EXISTING-AVERAGE,0.0,0.0,0.2339776556126973,0.0,0.19815570136549032,0.24412129810250044,0.0,0.0,0.0,0.0,0.0,0.17063309097357687,0.0,0.0,0.0,0.0,0.0,0.0,0.0,,0.0,0.0,0.0,0.15311225394573505,0.0
40,RHEAAHBRE01 [RES.HEAT.EXISTING-AVERAGE: .01.ELC.HEAT PUMP.AIR.NGA.BOILER.RADIATOR.],UK,2010,10.5209266569536,1,0.631255599417215,1,0,1,100000000.0,100,100000000.0,20.0,1.0,1,0.84,0.1,ELC,RES.SPACE-HEAT.EXISTING-AVERAGE,0.0,0.0,0.2339776556126973,0.0,0.19815570136549032,0.24412129810250044,0.0,0.0,0.0,0.0,0.0,0.17063309097357687,0.0,0.0,0.0,0.0,0.0,0.0,0.0,,0.0,0.0,0.0,0.15311225394573505,0.0
41,RHEAAHHRE01 [RES.HEAT.EXISTING-AVERAGE: .01.ELC.HEAT PUMP.AIR.HDG.BOILER.RADIATOR.],UK,2010,10.5209266569536,1,0.631255599417215,1,0,1,100000000.0,100,100000000.0,20.0,1.0,1,2.51,0.1,ELC,RES.SPACE-HEAT.EXISTING-AVERAGE,0.0,0.0,0.2339776556126973,0.0,0.19815570136549032,0.24412129810250044,0.0,0.0,0.0,0.0,0.0,0.17063309097357687,0.0,0.0,0.0,0.0,0.0,0.0,0.0,,0.0,0.0,0.0,0.15311225394573505,0.0
42,RHEAAHPRE00 [RES.HEAT.EXISTING-AVERAGE: .00.ELC.HEAT PUMP.AIR.RADIATOR.],UK,2010,30.9743189793675,1,3.09743189793675,1,0,1,2.0,100,100000000.0,20.0,1.0,1,2.71942348008938,0.1,ELC,RES.SPACE-HEAT.EXISTING-AVERAGE,0.0,0.0,0.2339776556126973,0.0,0.19815570136549032,0.24412129810250044,0.0,0.0,0.0,0.0,0.0,0.17063309097357687,0.0,0.0,0.0,0.0,0.0,0.0,0.0,,0.0,0.0,0.0,0.15311225394573505,0.0
43,RHEAAHPRE01 [RES.HEAT.EXISTING-AVERAGE: .01.ELC.HEAT PUMP.AIR.RADIATOR.],UK,2010,30.9743189793675,1,1.54871594896837,1,0,1,100000000.0,100,100000000.0,20.0,1.0,1,2.51,0.1,ELC,RES.SPACE-HEAT.EXISTING-AVERAGE,0.0,0.0,0.2339776556126973,0.0,0.19815570136549032,0.24412129810250044,0.0,0.0,0.0,0.0,0.0,0.17063309097357687,0.0,0.0,0.0,0.0,0.0,0.0,0.0,,0.0,0.0,0.0,0.15311225394573505,0.0
44,RHEAAHSRE01 [RES.HEAT.EXISTING-AVERAGE: .01.ELC.HEAT PUMP.AIR.SOLAR-THERMAL.RADIATOR.],UK,2010,42.8639848528759,1,2.1431992426438,1,0,1,100000000.0,100,100000000.0,20.0,1.0,1,2.51,0.1,ELC,RES.SPACE-HEAT.EXISTING-AVERAGE,0.0,0.0,0.2339776556126973,0.0,0.19815570136549032,0.24412129810250044,0.0,0.0,0.0,0.0,0.0,0.17063309097357687,0.0,0.0,0.0,0.0,0.0,0.0,0.0,,0.0,0.0,0.0,0.15311225394573505,0.0
45,RHEABLCRG00 [RES.HEAT.EXISTING-AVERAGE: .00.NGA.BOILER.CON.RADIATOR.],UK,2010,2.85090453604836,1,0.285090453604836,1,0,1,2.0,100,100000000.0,15.0,1.0,1,0.888379065708687,0.1,NGA,RES.SPACE-HEAT.EXISTING-AVERAGE,0.047201524174322454,0.058238820560393416,0.0,0.06825368325502988,0.0,0.0,0.06543076877038632,0.05452813438269943,0.08340066433252537,0.07711145025984778,0.04380006184476963,0.0,0.0,0.07284715364435268,0.06972997775583285,0.09241803074283549,0.0,0.05249324196267369,0.08012388903851334,,0.05297702766057196,0.0,0.08144557161524574,0.0,0.0
46,RHEABLCRG01 [RES.HEAT.EXISTING-AVERAGE: .01.NGA.BOILER.CON.RADIATOR.],UK,2010,2.85090453604836,1,0.285090453604836,1,0,1,100000000.0,100,100000000.0,15.0,1.0,1,0.84,0.1,NGA,RES.SPACE-HEAT.EXISTING-AVERAGE,0.047201524174322454,0.058238820560393416,0.0,0.06825368325502988,0.0,0.0,0.06543076877038632,0.05452813438269943,0.08340066433252537,0.07711145025984778,0.04380006184476963,0.0,0.0,0.07284715364435268,0.06972997775583285,0.09241803074283549,0.0,0.05249324196267369,0.08012388903851334,,0.05297702766057196,0.0,0.08144557161524574,0.0,0.0
47,RHEABLCRH01 [RES.HEAT.EXISTING-AVERAGE: .01.HDG.BOILER.CON.RADIATOR.],UK,2010,2.95143025037617,1,0.295143025037617,1,0,1,100000000.0,100,100000000.0,15.0,1.0,1,0.84,0.1,HYDROGEN,RES.SPACE-HEAT.EXISTING-AVERAGE,0,0,0,0,0,0,0,0,0,0,0,0,0,0,0,0,0,0,0,,0,0,0,0,0
48,RHEABLCRO00 [RES.HEAT.EXISTING-AVERAGE: .00.OIL.BOILER.CON.RADIATOR.],UK,2010,23.6904861111111,1,0.469444512257088,1,0,1,2.0,100,100000000.0,15.0,1.0,1,0.63142550991176,0.1,OIL,RES.SPACE-HEAT.EXISTING-AVERAGE,0.0,0.0,0.0,0.0,0.0,0.0,0.0,0.0,0.0,0.0,0.0,0.0,0.3219136981070318,0.0,0.0,0.0,0.4103976869783427,0.0,0.0,,0.0,0.0,0.0,0.0,0.2676886149146255
49,RHEABLCRO01 [RES.HEAT.EXISTING-AVERAGE: .01.KER.BOILER.CON.RADIATOR.],UK,2010,4.69444512257088,1,0.469444512257088,1,0,1,100000000.0,100,100000000.0,15.0,1.0,1,0.84,0.1,KEROSENE,RES.SPACE-HEAT.EXISTING-AVERAGE,0.0,0.0,0.37078462230215825,0.0,0.0,0.0,0.0,0.0,0.0,0.0,0.0,0.0,0.33166591726618705,0.0,0.0,0.0,0.0,0.0,0.0,,0.0,0.2975494604316547,0.0,0.0,0.0
50,RHEABLCRP01 [RES.HEAT.EXISTING-AVERAGE: .01.PEL.BOILER.CON.RADIATOR.],UK,2010,23.6904861111111,1,2.36904861111111,1,0,1,100000000.0,100,100000000.0,20.0,1.0,1,0.74,0.1,PELLETS,RES.SPACE-HEAT.EXISTING-AVERAGE,0.0,0.0,0.37078462230215825,0.0,0.0,0.0,0.0,0.0,0.0,0.0,0.0,0.0,0.33166591726618705,0.0,0.0,0.0,0.0,0.0,0.0,,0.0,0.2975494604316547,0.0,0.0,0.0
51,RHEABLRRC00 [RES.HEAT.EXISTING-AVERAGE: .00.HCO.BOILER.STD.RADIATOR.],UK,2010,23.6904861111111,1,0.469444512257088,1,0,1,2.0,100,100000000.0,15.0,1.0,1,0.435129571045746,0.1,HCO,RES.SPACE-HEAT.EXISTING-AVERAGE,0.0,0.0,0.0,0.0,0.0,0.0,0.0,0.0,0.0,0.0,0.0,0.0,0.3219136981070318,0.0,0.0,0.0,0.4103976869783427,0.0,0.0,,0.0,0.0,0.0,0.0,0.2676886149146255
52,RHEABLRRE00 [RES.HEAT.EXISTING-AVERAGE: .00.ELC.BOILER.STD.RADIATOR.],UK,2010,2.19012447748871,1,0.219012447748871,1,0,1,2.0,100,100000000.0,15.0,1.0,1,0.90461487617917,0.1,ELC,RES.SPACE-HEAT.EXISTING-AVERAGE,0.0,0.0,0.2339776556126973,0.0,0.19815570136549032,0.24412129810250044,0.0,0.0,0.0,0.0,0.0,0.17063309097357687,0.0,0.0,0.0,0.0,0.0,0.0,0.0,,0.0,0.0,0.0,0.15311225394573505,0.0
53,RHEABLRRE01 [RES.HEAT.EXISTING-AVERAGE: .01.ELC.BOILER.CON.RADIATOR.],UK,2010,2.19012447748871,1,0.219012447748871,1,0,1,100000000.0,100,100000000.0,15.0,1.0,1,1.0,0.1,ELC,RES.SPACE-HEAT.EXISTING-AVERAGE,0.0,0.0,0.2339776556126973,0.0,0.19815570136549032,0.24412129810250044,0.0,0.0,0.0,0.0,0.0,0.17063309097357687,0.0,0.0,0.0,0.0,0.0,0.0,0.0,,0.0,0.0,0.0,0.15311225394573505,0.0
54,RHEABLRRG00 [RES.HEAT.EXISTING-AVERAGE: .00.NGA.BOILER.STD.RADIATOR.],UK,2010,2.85090453604836,1,0.285090453604836,1,0,1,2.0,100,100000000.0,15.0,1.0,1,0.744430283067581,0.1,NGA,RES.SPACE-HEAT.EXISTING-AVERAGE,0.047201524174322454,0.058238820560393416,0.0,0.06825368325502988,0.0,0.0,0.06543076877038632,0.05452813438269943,0.08340066433252537,0.07711145025984778,0.04380006184476963,0.0,0.0,0.07284715364435268,0.06972997775583285,0.09241803074283549,0.0,0.05249324196267369,0.08012388903851334,,0.05297702766057196,0.0,0.08144557161524574,0.0,0.0
55,RHEABLRRO00 [RES.HEAT.EXISTING-AVERAGE: .00.OIL.BOILER.STD.RADIATOR.],UK,2010,23.6904861111111,1,0.469444512257088,1,0,1,2.0,100,100000000.0,15.0,1.0,1,0.538417980555508,0.1,OIL,RES.SPACE-HEAT.EXISTING-AVERAGE,0.0,0.0,0.0,0.0,0.0,0.0,0.0,0.0,0.0,0.0,0.0,0.0,0.3219136981070318,0.0,0.0,0.0,0.4103976869783427,0.0,0.0,,0.0,0.0,0.0,0.0,0.2676886149146255
56,RHEABLRRW00 [RES.HEAT.EXISTING-AVERAGE: .00.WOD.BOILER.STD.RADIATOR.],UK,2010,23.6904861111111,1,2.36904861111111,1,0,1,2.0,100,100000000.0,20.0,1.0,1,0.0752892938270835,0.1,WOOD,RES.SPACE-HEAT.EXISTING-AVERAGE,0.0,0.0,0.37078462230215825,0.0,0.0,0.0,0.0,0.0,0.0,0.0,0.0,0.0,0.33166591726618705,0.0,0.0,0.0,0.0,0.0,0.0,,0.0,0.2975494604316547,0.0,0.0,0.0
57,RHEABLRRW01 [RES.HEAT.EXISTING-AVERAGE: .01.WOD.BOILER.CON.RADIATOR.],UK,2010,23.6904861111111,1,2.36904861111111,1,0,1,100000000.0,100,100000000.0,20.0,1.0,1,0.74,0.1,WOOD,RES.SPACE-HEAT.EXISTING-AVERAGE,0.0,0.0,0.37078462230215825,0.0,0.0,0.0,0.0,0.0,0.0,0.0,0.0,0.0,0.33166591726618705,0.0,0.0,0.0,0.0,0.0,0.0,,0.0,0.2975494604316547,0.0,0.0,0.0
58,RHEABLSRE01 [RES.HEAT.EXISTING-AVERAGE: .01.ELC.BOILER.CON.SOLAR-THERMAL.RADIATOR.],UK,2010,7.46809840342137,1,0.746809840342137,1,0,1,100000000.0,100,100000000.0,15.0,1.0,1,1.0,0.1,ELC,RES.SPACE-HEAT.EXISTING-AVERAGE,0.0,0.0,0.2339776556126973,0.0,0.19815570136549032,0.24412129810250044,0.0,0.0,0.0,0.0,0.0,0.17063309097357687,0.0,0.0,0.0,0.0,0.0,0.0,0.0,,0.0,0.0,0.0,0.15311225394573505,0.0
59,RHEABLSRG01 [RES.HEAT.EXISTING-AVERAGE: .01.NGA.BOILER.CON.SOLAR-THERMAL.RADIATOR.],UK,2010,8.11392868690048,1,0.811392868690048,1,0,1,100000000.0,100,100000000.0,15.0,1.0,1,0.84,0.1,NGA,RES.SPACE-HEAT.EXISTING-AVERAGE,0.047201524174322454,0.058238820560393416,0.0,0.06825368325502988,0.0,0.0,0.06543076877038632,0.05452813438269943,0.08340066433252537,0.07711145025984778,0.04380006184476963,0.0,0.0,0.07284715364435268,0.06972997775583285,0.09241803074283549,0.0,0.05249324196267369,0.08012388903851334,,0.05297702766057196,0.0,0.08144557161524574,0.0,0.0
60,RHEABLSRH01 [RES.HEAT.EXISTING-AVERAGE: .01.HDG.BOILER.CON.SOLAR-THERMAL.RADIATOR.],UK,2010,8.11392868690048,1,0.811392868690048,1,0,1,100000000.0,100,100000000.0,19.0,1.0,1,0.84,0.1,HYDROGEN,RES.SPACE-HEAT.EXISTING-AVERAGE,0,0,0,0,0,0,0,0,0,0,0,0,0,0,0,0,0,0,0,,0,0,0,0,0
61,RHEABLSRO01 [RES.HEAT.EXISTING-AVERAGE: .01.KER.BOILER.CON.SOLAR-THERMAL.RADIATOR.],UK,2010,9.91576021037951,1,0.991576021037951,1,0,1,100000000.0,100,100000000.0,15.0,1.0,1,0.84,0.1,KEROSENE,RES.SPACE-HEAT.EXISTING-AVERAGE,0.0,0.0,0.37078462230215825,0.0,0.0,0.0,0.0,0.0,0.0,0.0,0.0,0.0,0.33166591726618705,0.0,0.0,0.0,0.0,0.0,0.0,,0.0,0.2975494604316547,0.0,0.0,0.0
62,RHEABLSRP01 [RES.HEAT.EXISTING-AVERAGE: .01.PEL.BOILER.CON.SOLAR-THERMAL.RADIATOR.],UK,2010,28.4820265159211,1,2.84820265159211,1,0,1,100000000.0,100,100000000.0,20.0,1.0,1,0.74,0.1,PELLETS,RES.SPACE-HEAT.EXISTING-AVERAGE,0.0,0.0,0.37078462230215825,0.0,0.0,0.0,0.0,0.0,0.0,0.0,0.0,0.0,0.33166591726618705,0.0,0.0,0.0,0.0,0.0,0.0,,0.0,0.2975494604316547,0.0,0.0,0.0
63,RHEABLSRW01 [RES.HEAT.EXISTING-AVERAGE: .01.WOD.BOILER.CON.SOLAR-THERMAL.RADIATOR.],UK,2010,28.4820265159211,1,2.84820265159211,1,0,1,100000000.0,100,100000000.0,20.0,1.0,1,1.0,0.1,WOOD,RES.SPACE-HEAT.EXISTING-AVERAGE,0.0,0.0,0.37078462230215825,0.0,0.0,0.0,0.0,0.0,0.0,0.0,0.0,0.0,0.33166591726618705,0.0,0.0,0.0,0.0,0.0,0.0,,0.0,0.2975494604316547,0.0,0.0,0.0
64,RHEACHBRH01 [RES.HEAT.EXISTING-AVERAGE: .01.HDG.MICRO-CHP-BOILER.STD.RADIATOR.],UK,2010,1.52713798806213,1,0.0763568994031067,1,0,1,100000000.0,100,100000000.0,15.0,1.0,1,0.88,0.1,HYDROGEN,RES.SPACE-HEAT.EXISTING-AVERAGE,0,0,0,0,0,0,0,0,0,0,0,0,0,0,0,0,0,0,0,,0,0,0,0,0
65,RHEACHPRG01 [RES.HEAT.EXISTING-AVERAGE: .01.GAS.MICRO-CHP.STD.RADIATOR.],UK,2010,373.088133385614,1,18.6544066692807,1,0,1,100000000.0,100,100000000.0,15.0,1.0,1,0.8,0.1,NGA,RES.SPACE-HEAT.EXISTING-AVERAGE,0.047201524174322454,0.058238820560393416,0.0,0.06825368325502988,0.0,0.0,0.06543076877038632,0.05452813438269943,0.08340066433252537,0.07711145025984778,0.04380006184476963,0.0,0.0,0.07284715364435268,0.06972997775583285,0.09241803074283549,0.0,0.05249324196267369,0.08012388903851334,,0.05297702766057196,0.0,0.08144557161524574,0.0,0.0
66,RHEACHPRH01 [RES.HEAT.EXISTING-AVERAGE: .01.HDG.MICRO-CHP.STD.RADIATOR.],UK,2010,7697.41616835455,1,300.0321672,1,0,1,100000000.0,100,100000000.0,15.0,1.0,1,0.88,0.1,HYDROGEN,RES.SPACE-HEAT.EXISTING-AVERAGE,0,0,0,0,0,0,0,0,0,0,0,0,0,0,0,0,0,0,0,,0,0,0,0,0
67,RHEACHPRW01 [RES.HEAT.EXISTING-AVERAGE: .01.PELH.MICRO-CHP.STD.RADIATOR.],UK,2010,855.689698959045,1,42.7844849479523,1,0,1,100000000.0,100,100000000.0,15.0,1.0,1,0.8,0.1,PELLETS,RES.SPACE-HEAT.EXISTING-AVERAGE,0.0,0.0,0.37078462230215825,0.0,0.0,0.0,0.0,0.0,0.0,0.0,0.0,0.0,0.33166591726618705,0.0,0.0,0.0,0.0,0.0,0.0,,0.0,0.2975494604316547,0.0,0.0,0.0
68,RHEACSV01 [RES.HEAT.EXISTING-AVERAGE: .01.CONSERVATION-MEASURES.],UK,2010,0.000281025993785082,1,0.000281025993785082,1,0,1,100000000.0,100,100000000.0,50.0,1.0,1,1.0,0.1,ELC,RES.SPACE-HEAT.EXISTING-AVERAGE,0.0,0.0,0.2339776556126973,0.0,0.19815570136549032,0.24412129810250044,0.0,0.0,0.0,0.0,0.0,0.17063309097357687,0.0,0.0,0.0,0.0,0.0,0.0,0.0,,0.0,0.0,0.0,0.15311225394573505,0.0
69,RHEACSVCAV01 [RES.HEAT.EXISTING-AVERAGE: .01.CONSERVATION.CAVITY-WALL.EASY.],UK,2010,22.2701747961182,1,0.000281025993785082,1,0,1,100000000.0,100,48.3656857518234,200.0,1.0,1,1.0,0.1,ELC,RES.SPACE-HEAT.EXISTING-AVERAGE,0.0,0.0,0.2339776556126973,0.0,0.19815570136549032,0.24412129810250044,0.0,0.0,0.0,0.0,0.0,0.17063309097357687,0.0,0.0,0.0,0.0,0.0,0.0,0.0,,0.0,0.0,0.0,0.15311225394573505,0.0
70,RHEACSVCAV02 [RES.HEAT.EXISTING-AVERAGE: .02.CONSERVATION.CAVITY-WALL.HARD.],UK,2010,52.0186802435903,1,0.000281025993785082,1,0,1,100000000.0,100,73.6483991631816,200.0,1.0,1,1.0,0.1,ELC,RES.SPACE-HEAT.EXISTING-AVERAGE,0.0,0.0,0.2339776556126973,0.0,0.19815570136549032,0.24412129810250044,0.0,0.0,0.0,0.0,0.0,0.17063309097357687,0.0,0.0,0.0,0.0,0.0,0.0,0.0,,0.0,0.0,0.0,0.15311225394573505,0.0
71,RHEACSVCON01 [RES.HEAT.EXISTING-AVERAGE: .01.CONSERVATION.HEATING-CONTROLS.],UK,2010,0.001,1,0.000281025993785082,1,0,1,100000000.0,100,0.0,200.0,1.0,1,1.0,0.1,ELC,RES.SPACE-HEAT.EXISTING-AVERAGE,0.0,0.0,0.2339776556126973,0.0,0.19815570136549032,0.24412129810250044,0.0,0.0,0.0,0.0,0.0,0.17063309097357687,0.0,0.0,0.0,0.0,0.0,0.0,0.0,,0.0,0.0,0.0,0.15311225394573505,0.0
72,RHEACSVFLR01 [RES.HEAT.EXISTING-AVERAGE: .01.CONSERVATION.FLOOR-INSULATION.],UK,2010,490.248493161499,1,0.000281025993785082,1,0,1,100000000.0,100,2.40479748940999,200.0,1.0,1,1.0,0.1,ELC,RES.SPACE-HEAT.EXISTING-AVERAGE,0.0,0.0,0.2339776556126973,0.0,0.19815570136549032,0.24412129810250044,0.0,0.0,0.0,0.0,0.0,0.17063309097357687,0.0,0.0,0.0,0.0,0.0,0.0,0.0,,0.0,0.0,0.0,0.15311225394573505,0.0
73,RHEACSVLOF02 [RES.HEAT.EXISTING-AVERAGE: .01.CONSERVATION.LOFT-INSULATION.TOPUP.],UK,2010,48.1466787692946,1,0.000281025993785082,1,0,1,100000000.0,100,55.7049756154778,200.0,1.0,1,1.0,0.1,ELC,RES.SPACE-HEAT.EXISTING-AVERAGE,0.0,0.0,0.2339776556126973,0.0,0.19815570136549032,0.24412129810250044,0.0,0.0,0.0,0.0,0.0,0.17063309097357687,0.0,0.0,0.0,0.0,0.0,0.0,0.0,,0.0,0.0,0.0,0.15311225394573505,0.0
74,RHEACSVSOL01 [RES.HEAT.EXISTING-AVERAGE: .01.CONSERVATION.SOLID-WALL.SYSTEM.],UK,2010,171.782252264459,1,0.000281025993785082,1,0,1,100000000.0,100,19.417876983334,200.0,1.0,1,1.0,0.1,ELC,RES.SPACE-HEAT.EXISTING-AVERAGE,0.0,0.0,0.2339776556126973,0.0,0.19815570136549032,0.24412129810250044,0.0,0.0,0.0,0.0,0.0,0.17063309097357687,0.0,0.0,0.0,0.0,0.0,0.0,0.0,,0.0,0.0,0.0,0.15311225394573505,0.0
75,RHEACSVSOL02 [RES.HEAT.EXISTING-AVERAGE: .02.CONSERVATION.SOLID-WALL.PRE-1966-SOLID-BRICK.],UK,2010,193.194503534752,1,0.000281025993785082,1,0,1,100000000.0,100,224.288755770791,200.0,1.0,1,1.0,0.1,ELC,RES.SPACE-HEAT.EXISTING-AVERAGE,0.0,0.0,0.2339776556126973,0.0,0.19815570136549032,0.24412129810250044,0.0,0.0,0.0,0.0,0.0,0.17063309097357687,0.0,0.0,0.0,0.0,0.0,0.0,0.0,,0.0,0.0,0.0,0.15311225394573505,0.0
76,RHEACSVSOL03 [RES.HEAT.EXISTING-AVERAGE: .03.CONSERVATION.SOLID-WALL.OTHER.],UK,2010,279.306728096606,1,0.000281025993785082,1,0,1,100000000.0,100,71.596297154923,200.0,1.0,1,1.0,0.1,ELC,RES.SPACE-HEAT.EXISTING-AVERAGE,0.0,0.0,0.2339776556126973,0.0,0.19815570136549032,0.24412129810250044,0.0,0.0,0.0,0.0,0.0,0.17063309097357687,0.0,0.0,0.0,0.0,0.0,0.0,0.0,,0.0,0.0,0.0,0.15311225394573505,0.0
77,RHEAGHBRE01 [RES.HEAT.EXISTING-AVERAGE: .01.ELC.HEAT PUMP.GROUND.NGA.BOILER.RADIATOR.],UK,2010,18.1093204118542,1,1.08655922471125,1,0,1,100000000.0,100,100000000.0,20.0,1.0,1,0.84,0.1,ELC,RES.SPACE-HEAT.EXISTING-AVERAGE,0.0,0.0,0.2339776556126973,0.0,0.19815570136549032,0.24412129810250044,0.0,0.0,0.0,0.0,0.0,0.17063309097357687,0.0,0.0,0.0,0.0,0.0,0.0,0.0,,0.0,0.0,0.0,0.15311225394573505,0.0
78,RHEAGHHRE01 [RES.HEAT.EXISTING-AVERAGE: .01.ELC.HEAT PUMP.GROUND.HDG.BOILER.RADIATOR.],UK,2010,18.1093204118542,1,1.08655922471125,1,0,1,100000000.0,100,100000000.0,20.0,1.0,1,2.84,0.1,ELC,RES.SPACE-HEAT.EXISTING-AVERAGE,0.0,0.0,0.2339776556126973,0.0,0.19815570136549032,0.24412129810250044,0.0,0.0,0.0,0.0,0.0,0.17063309097357687,0.0,0.0,0.0,0.0,0.0,0.0,0.0,,0.0,0.0,0.0,0.15311225394573505,0.0
79,RHEAGHPRE01 [RES.HEAT.EXISTING-AVERAGE: .01.ELC.HEAT PUMP.GROUND.RADIATOR.],UK,2010,58.798429414003,1,2.93992147070015,1,0,1,100000000.0,100,100000000.0,20.0,1.0,1,2.84,0.1,ELC,RES.SPACE-HEAT.EXISTING-AVERAGE,0.0,0.0,0.2339776556126973,0.0,0.19815570136549032,0.24412129810250044,0.0,0.0,0.0,0.0,0.0,0.17063309097357687,0.0,0.0,0.0,0.0,0.0,0.0,0.0,,0.0,0.0,0.0,0.15311225394573505,0.0
80,RHEAGHSRE01 [RES.HEAT.EXISTING-AVERAGE: .01.ELC.HEAT PUMP.GROUND.SOLAR-THERMAL.RADIATOR.],UK,2010,69.0704144482885,1,3.45352072241442,1,0,1,100000000.0,100,100000000.0,20.0,1.0,1,2.84,0.1,ELC,RES.SPACE-HEAT.EXISTING-AVERAGE,0.0,0.0,0.2339776556126973,0.0,0.19815570136549032,0.24412129810250044,0.0,0.0,0.0,0.0,0.0,0.17063309097357687,0.0,0.0,0.0,0.0,0.0,0.0,0.0,,0.0,0.0,0.0,0.15311225394573505,0.0
81,RHEANSTRE00 [RES.HEAT.EXISTING-AVERAGE: .00.ELC.RESISTANCE.STANDALONE.NIGHT-STORAGE.],UK,2010,2.99592532122074,1,0.299592532122074,1,0,1,2.0,100,100000000.0,15.0,1.0,1,0.810297627311947,0.1,ELC,RES.SPACE-HEAT.EXISTING-AVERAGE,0.0,0.0,0.2339776556126973,0.0,0.19815570136549032,0.24412129810250044,0.0,0.0,0.0,0.0,0.0,0.17063309097357687,0.0,0.0,0.0,0.0,0.0,0.0,0.0,,0.0,0.0,0.0,0.15311225394573505,0.0
82,RHEANSTRE01 [RES.HEAT.EXISTING-AVERAGE: .01.ELC.RESISTANCE.STANDALONE.NIGHT-STORAGE.],UK,2010,2.99592532122074,1,0.299592532122074,1,0,1,100000000.0,100,100000000.0,15.0,1.0,1,0.7,0.1,ELC,RES.SPACE-HEAT.EXISTING-AVERAGE,0.0,0.0,0.2339776556126973,0.0,0.19815570136549032,0.24412129810250044,0.0,0.0,0.0,0.0,0.0,0.17063309097357687,0.0,0.0,0.0,0.0,0.0,0.0,0.0,,0.0,0.0,0.0,0.15311225394573505,0.0
83,RHEARAD00 [RES.HEAT.EXISTING-AVERAGE: .00.HTP.RADIATOR.],UK,2010,35.9435703435755,1,0.71887140687151,1,0,1,2.0,100,100000000.0,50.0,1.0,1,1.0,0.1,ELC,RES.SPACE-HEAT.EXISTING-AVERAGE,0.0,0.0,0.2339776556126973,0.0,0.19815570136549032,0.24412129810250044,0.0,0.0,0.0,0.0,0.0,0.17063309097357687,0.0,0.0,0.0,0.0,0.0,0.0,0.0,,0.0,0.0,0.0,0.15311225394573505,0.0
84,RHEARAD01 [RES.HEAT.EXISTING-AVERAGE: .01.HTP.RADIATOR.],UK,2010,35.9435703435755,1,0.71887140687151,1,0,1,100000000.0,100,100000000.0,50.0,1.0,1,1.0,0.1,ELC,RES.SPACE-HEAT.EXISTING-AVERAGE,0.0,0.0,0.2339776556126973,0.0,0.19815570136549032,0.24412129810250044,0.0,0.0,0.0,0.0,0.0,0.17063309097357687,0.0,0.0,0.0,0.0,0.0,0.0,0.0,,0.0,0.0,0.0,0.15311225394573505,0.0
85,RHEAREFCG01 [RES.HEAT.EXISTING-AVERAGE: .01.HDG.MICRO-CHP.REFORMER.],UK,2010,5.07991357136648,1,0.253995678568324,1,0,1,100000000.0,100,100000000.0,15.0,0.102330509469646,1,0.81,0.1,HYDROGEN,RES.SPACE-HEAT.EXISTING-AVERAGE,0,0,0,0,0,0,0,0,0,0,0,0,0,0,0,0,0,0,0,,0,0,0,0,0
86,RHEASA00 [RES.HEAT.EXISTING-AVERAGE: .00.STANDALONE.DELIVERY.],UK,2010,0.000281025993785082,1,0.0,1,0,1,2.0,100,100000000.0,50.0,1.0,1,1.0,0.1,ELC,RES.SPACE-HEAT.EXISTING-AVERAGE,0.0,0.0,0.2339776556126973,0.0,0.19815570136549032,0.24412129810250044,0.0,0.0,0.0,0.0,0.0,0.17063309097357687,0.0,0.0,0.0,0.0,0.0,0.0,0.0,,0.0,0.0,0.0,0.15311225394573505,0.0
87,RHEASHTRE00 [RES.HEAT.EXISTING-AVERAGE: .00.ELC.RESISTANCE.STANDALONE.],UK,2010,2.62143465606815,1,0.262143465606815,1,0,1,2.0,100,100000000.0,15.0,1.0,1,0.913593004537911,0.1,ELC,RES.SPACE-HEAT.EXISTING-AVERAGE,0.0,0.0,0.2339776556126973,0.0,0.19815570136549032,0.24412129810250044,0.0,0.0,0.0,0.0,0.0,0.17063309097357687,0.0,0.0,0.0,0.0,0.0,0.0,0.0,,0.0,0.0,0.0,0.15311225394573505,0.0
88,RHEASHTRE01 [RES.HEAT.EXISTING-AVERAGE: .01.ELC.RESISTANCE.STANDALONE.],UK,2010,2.62143465606815,1,0.262143465606815,1,0,1,100000000.0,100,100000000.0,15.0,1.0,1,0.9,0.1,ELC,RES.SPACE-HEAT.EXISTING-AVERAGE,0.0,0.0,0.2339776556126973,0.0,0.19815570136549032,0.24412129810250044,0.0,0.0,0.0,0.0,0.0,0.17063309097357687,0.0,0.0,0.0,0.0,0.0,0.0,0.0,,0.0,0.0,0.0,0.15311225394573505,0.0
89,RHEASHTRG00 [RES.HEAT.EXISTING-AVERAGE: .00.NGA.HEATER.STANDALONE.],UK,2010,6.10855195224853,1,0.610855195224853,1,0,1,2.0,100,100000000.0,15.0,1.0,1,0.728829693612716,0.1,NGA,RES.SPACE-HEAT.EXISTING-AVERAGE,0.047201524174322454,0.058238820560393416,0.0,0.06825368325502988,0.0,0.0,0.06543076877038632,0.05452813438269943,0.08340066433252537,0.07711145025984778,0.04380006184476963,0.0,0.0,0.07284715364435268,0.06972997775583285,0.09241803074283549,0.0,0.05249324196267369,0.08012388903851334,,0.05297702766057196,0.0,0.08144557161524574,0.0,0.0
90,RHEASHTRG01 [RES.HEAT.EXISTING-AVERAGE: .01.NGA.HEATER.STANDALONE.],UK,2010,6.10855195224853,1,0.610855195224853,1,0,1,100000000.0,100,100000000.0,15.0,1.0,1,0.7,0.1,NGA,RES.SPACE-HEAT.EXISTING-AVERAGE,0.047201524174322454,0.058238820560393416,0.0,0.06825368325502988,0.0,0.0,0.06543076877038632,0.05452813438269943,0.08340066433252537,0.07711145025984778,0.04380006184476963,0.0,0.0,0.07284715364435268,0.06972997775583285,0.09241803074283549,0.0,0.05249324196267369,0.08012388903851334,,0.05297702766057196,0.0,0.08144557161524574,0.0,0.0
91,RHEASTGNT00 [RES.HEAT.EXISTING-AVERAGE .00.ELC.NIGHT-STORAGE.HEAT-SUPPLY.],UK,2010,0.001,1,0.001,1,0,1,2.0,100,100000000.0,15.0,1.0,1,1.0,0.1,ELC,RES.SPACE-HEAT.EXISTING-AVERAGE,0.0,0.0,0.2339776556126973,0.0,0.19815570136549032,0.24412129810250044,0.0,0.0,0.0,0.0,0.0,0.17063309097357687,0.0,0.0,0.0,0.0,0.0,0.0,0.0,,0.0,0.0,0.0,0.15311225394573505,0.0
92,RHEASTGNT01 [RES.HEAT.EXISTING-AVERAGE: .01.ELC.NIGHT-STORAGE.HEAT-SUPPLY.],UK,2010,0.001,1,0.001,1,0,1,100000000.0,100,100000000.0,15.0,1.0,1,1.0,0.1,ELC,RES.SPACE-HEAT.EXISTING-AVERAGE,0.0,0.0,0.2339776556126973,0.0,0.19815570136549032,0.24412129810250044,0.0,0.0,0.0,0.0,0.0,0.17063309097357687,0.0,0.0,0.0,0.0,0.0,0.0,0.0,,0.0,0.0,0.0,0.15311225394573505,0.0
93,RHEAUND01 [RES.HEAT.EXISTING-AVERAGE: .01.HTP.UNDERFLOOR.],UK,2010,83.8902852776298,1,0.838902852776298,1,0,1,100000000.0,100,100000000.0,50.0,1.0,1,1.0,0.1,ELC,RES.SPACE-HEAT.EXISTING-AVERAGE,0.0,0.0,0.2339776556126973,0.0,0.19815570136549032,0.24412129810250044,0.0,0.0,0.0,0.0,0.0,0.17063309097357687,0.0,0.0,0.0,0.0,0.0,0.0,0.0,,0.0,0.0,0.0,0.15311225394573505,0.0
94,RHNAAHBRE01 [RES.HEAT.NEW-AVERAGE: .01.ELC.HEAT PUMP.AIR.NGA.BOILER.RADIATOR.],UK,2010,8.41674132556286,1,0.505004479533772,1,0,1,100000000.0,100,100000000.0,20.0,1.0,1,0.84,0.1,ELC,RES.SPACE-HEAT.NEW-AVERAGE,0.0,0.0,0.2339776556126973,0.0,0.19815570136549032,0.24412129810250044,0.0,0.0,0.0,0.0,0.0,0.17063309097357687,0.0,0.0,0.0,0.0,0.0,0.0,0.0,,0.0,0.0,0.0,0.15311225394573505,0.0
95,RHNAAHHRE01 [RES.HEAT.NEW-AVERAGE: .01.ELC.HEAT PUMP.AIR.HDG.BOILER.RADIATOR.],UK,2010,8.41674132556286,1,0.505004479533772,1,0,1,100000000.0,100,100000000.0,20.0,1.0,1,2.8865,0.1,ELC,RES.SPACE-HEAT.NEW-AVERAGE,0.0,0.0,0.2339776556126973,0.0,0.19815570136549032,0.24412129810250044,0.0,0.0,0.0,0.0,0.0,0.17063309097357687,0.0,0.0,0.0,0.0,0.0,0.0,0.0,,0.0,0.0,0.0,0.15311225394573505,0.0
96,RHNAAHPRE01 [RES.HEAT.NEW-AVERAGE: .01.ELC.HEAT PUMP.AIR.RADIATOR.],UK,2010,24.779455183494,1,1.2389727591747,1,0,1,100000000.0,100,100000000.0,20.0,1.0,1,2.8865,0.1,ELC,RES.SPACE-HEAT.NEW-AVERAGE,0.0,0.0,0.2339776556126973,0.0,0.19815570136549032,0.24412129810250044,0.0,0.0,0.0,0.0,0.0,0.17063309097357687,0.0,0.0,0.0,0.0,0.0,0.0,0.0,,0.0,0.0,0.0,0.15311225394573505,0.0
97,RHNAAHSRE01 [RES.HEAT.NEW-AVERAGE: .01.ELC.HEAT PUMP.AIR.SOLAR-THERMAL.RADIATOR.],UK,2010,34.6153720372864,1,1.73076860186432,1,0,1,100000000.0,100,100000000.0,20.0,1.0,1,2.8865,0.1,ELC,RES.SPACE-HEAT.NEW-AVERAGE,0.0,0.0,0.2339776556126973,0.0,0.19815570136549032,0.24412129810250044,0.0,0.0,0.0,0.0,0.0,0.17063309097357687,0.0,0.0,0.0,0.0,0.0,0.0,0.0,,0.0,0.0,0.0,0.15311225394573505,0.0
98,RHNABLCRG01 [RES.HEAT.NEW-AVERAGE: .01.NGA.BOILER.CON.RADIATOR.],UK,2010,2.28072362883868,1,0.228072362883868,1,0,1,100000000.0,100,100000000.0,15.0,1.0,1,0.84,0.1,NGA,RES.SPACE-HEAT.NEW-AVERAGE,0.047201524174322454,0.058238820560393416,0.0,0.06825368325502988,0.0,0.0,0.06543076877038632,0.05452813438269943,0.08340066433252537,0.07711145025984778,0.04380006184476963,0.0,0.0,0.07284715364435268,0.06972997775583285,0.09241803074283549,0.0,0.05249324196267369,0.08012388903851334,,0.05297702766057196,0.0,0.08144557161524574,0.0,0.0
99,RHNABLCRH01 [RES.HEAT.NEW-AVERAGE: .01.HDG.BOILER.CON.RADIATOR.],UK,2010,2.36114420030093,1,0.236114420030093,1,0,1,100000000.0,100,100000000.0,15.0,1.0,1,0.84,0.1,HYDROGEN,RES.SPACE-HEAT.NEW-AVERAGE,0,0,0,0,0,0,0,0,0,0,0,0,0,0,0,0,0,0,0,,0,0,0,0,0
100,RHNABLCRO01 [RES.HEAT.NEW-AVERAGE: .01.KER.BOILER.CON.RADIATOR.],UK,2010,3.7555560980567,1,0.37555560980567,1,0,1,100000000.0,100,100000000.0,15.0,1.0,1,0.84,0.1,KEROSENE,RES.SPACE-HEAT.NEW-AVERAGE,0.0,0.0,0.37078462230215825,0.0,0.0,0.0,0.0,0.0,0.0,0.0,0.0,0.0,0.33166591726618705,0.0,0.0,0.0,0.0,0.0,0.0,,0.0,0.2975494604316547,0.0,0.0,0.0
101,RHNABLCRP01 [RES.HEAT.NEW-AVERAGE: .01.PEL.BOILER.CON.RADIATOR.],UK,2010,18.9523888888889,1,1.89523888888889,1,0,1,100000000.0,100,100000000.0,20.0,1.0,1,0.74,0.1,PELLETS,RES.SPACE-HEAT.NEW-AVERAGE,0.0,0.0,0.37078462230215825,0.0,0.0,0.0,0.0,0.0,0.0,0.0,0.0,0.0,0.33166591726618705,0.0,0.0,0.0,0.0,0.0,0.0,,0.0,0.2975494604316547,0.0,0.0,0.0
102,RHNABLRRE01 [RES.HEAT.NEW-AVERAGE: .01.ELC.BOILER.CON.RADIATOR.],UK,2010,1.75209958199097,1,0.175209958199097,1,0,1,100000000.0,100,100000000.0,15.0,1.0,1,1.0,0.1,ELC,RES.SPACE-HEAT.NEW-AVERAGE,0.0,0.0,0.2339776556126973,0.0,0.19815570136549032,0.24412129810250044,0.0,0.0,0.0,0.0,0.0,0.17063309097357687,0.0,0.0,0.0,0.0,0.0,0.0,0.0,,0.0,0.0,0.0,0.15311225394573505,0.0
103,RHNABLRRW01 [RES.HEAT.NEW-AVERAGE: .01.WOD.BOILER.CON.RADIATOR.],UK,2010,18.9523888888889,1,1.89523888888889,1,0,1,100000000.0,100,100000000.0,20.0,1.0,1,0.74,0.1,WOOD,RES.SPACE-HEAT.NEW-AVERAGE,0.0,0.0,0.37078462230215825,0.0,0.0,0.0,0.0,0.0,0.0,0.0,0.0,0.0,0.33166591726618705,0.0,0.0,0.0,0.0,0.0,0.0,,0.0,0.2975494604316547,0.0,0.0,0.0
104,RHNABLSRE01 [RES.HEAT.NEW-AVERAGE: .01.ELC.BOILER.CON.SOLAR-THERMAL.RADIATOR.],UK,2010,6.10063183282202,1,0.610063183282202,1,0,1,100000000.0,100,100000000.0,15.0,1.0,1,1.0,0.1,ELC,RES.SPACE-HEAT.NEW-AVERAGE,0.0,0.0,0.2339776556126973,0.0,0.19815570136549032,0.24412129810250044,0.0,0.0,0.0,0.0,0.0,0.17063309097357687,0.0,0.0,0.0,0.0,0.0,0.0,0.0,,0.0,0.0,0.0,0.15311225394573505,0.0
105,RHNABLSRG01 [RES.HEAT.NEW-AVERAGE: .01.NGA.BOILER.CON.SOLAR-THERMAL.RADIATOR.],UK,2010,6.6172960596053,1,0.66172960596053,1,0,1,100000000.0,100,100000000.0,15.0,1.0,1,0.84,0.1,NGA,RES.SPACE-HEAT.NEW-AVERAGE,0.047201524174322454,0.058238820560393416,0.0,0.06825368325502988,0.0,0.0,0.06543076877038632,0.05452813438269943,0.08340066433252537,0.07711145025984778,0.04380006184476963,0.0,0.0,0.07284715364435268,0.06972997775583285,0.09241803074283549,0.0,0.05249324196267369,0.08012388903851334,,0.05297702766057196,0.0,0.08144557161524574,0.0,0.0
106,RHNABLSRH01 [RES.HEAT.NEW-AVERAGE: .01.HDG.BOILER.CON.SOLAR-THERMAL.RADIATOR.],UK,2010,6.6172960596053,1,0.66172960596053,1,0,1,100000000.0,100,100000000.0,19.0,1.0,1,0.84,0.1,HYDROGEN,RES.SPACE-HEAT.NEW-AVERAGE,0,0,0,0,0,0,0,0,0,0,0,0,0,0,0,0,0,0,0,,0,0,0,0,0
107,RHNABLSRO01 [RES.HEAT.NEW-AVERAGE: .01.KER.BOILER.CON.SOLAR-THERMAL.RADIATOR.],UK,2010,8.05876127838853,1,0.805876127838853,1,0,1,100000000.0,100,100000000.0,15.0,1.0,1,0.84,0.1,KEROSENE,RES.SPACE-HEAT.NEW-AVERAGE,0.0,0.0,0.37078462230215825,0.0,0.0,0.0,0.0,0.0,0.0,0.0,0.0,0.0,0.33166591726618705,0.0,0.0,0.0,0.0,0.0,0.0,,0.0,0.2975494604316547,0.0,0.0,0.0
108,RHNABLSRP01 [RES.HEAT.NEW-AVERAGE: .01.PEL.BOILER.CON.SOLAR-THERMAL.RADIATOR.],UK,2010,22.9117743228218,1,2.29117743228218,1,0,1,100000000.0,100,100000000.0,20.0,1.0,1,0.74,0.1,PELLETS,RES.SPACE-HEAT.NEW-AVERAGE,0.0,0.0,0.37078462230215825,0.0,0.0,0.0,0.0,0.0,0.0,0.0,0.0,0.0,0.33166591726618705,0.0,0.0,0.0,0.0,0.0,0.0,,0.0,0.2975494604316547,0.0,0.0,0.0
109,RHNABLSRW01 [RES.HEAT.NEW-AVERAGE: .01.WOD.BOILER.CON.SOLAR-THERMAL.RADIATOR.],UK,2010,22.9117743228218,1,2.29117743228218,1,0,1,100000000.0,100,100000000.0,20.0,1.0,1,1.0,0.1,WOOD,RES.SPACE-HEAT.NEW-AVERAGE,0.0,0.0,0.37078462230215825,0.0,0.0,0.0,0.0,0.0,0.0,0.0,0.0,0.0,0.33166591726618705,0.0,0.0,0.0,0.0,0.0,0.0,,0.0,0.2975494604316547,0.0,0.0,0.0
110,RHNACHBRH01 [RES.HEAT.NEW-AVERAGE: .01.HDG.MICRO-CHP-BOILER.STD.RADIATOR.],UK,2010,1.22171039044971,1,0.0610855195224853,1,0,1,100000000.0,100,100000000.0,15.0,1.0,1,0.88,0.1,HYDROGEN,RES.SPACE-HEAT.EXISTING-AVERAGE,0,0,0,0,0,0,0,0,0,0,0,0,0,0,0,0,0,0,0,,0,0,0,0,0
111,RHNACHPRG01 [RES.HEAT.NEW-AVERAGE: .01.GAS.MICRO-CHP.STD.RADIATOR.],UK,2010,276.19658829741,1,13.8098294148705,1,0,1,100000000.0,100,100000000.0,15.0,1.0,1,0.8,0.1,NGA,RES.SPACE-HEAT.EXISTING-AVERAGE,0.047201524174322454,0.058238820560393416,0.0,0.06825368325502988,0.0,0.0,0.06543076877038632,0.05452813438269943,0.08340066433252537,0.07711145025984778,0.04380006184476963,0.0,0.0,0.07284715364435268,0.06972997775583285,0.09241803074283549,0.0,0.05249324196267369,0.08012388903851334,,0.05297702766057196,0.0,0.08144557161524574,0.0,0.0
112,RHNACHPRW01 [RES.HEAT.NEW-AVERAGE: .01.PELH.MICRO-CHP.STD.RADIATOR.],UK,2010,662.277840756155,1,33.1138920378077,1,0,1,100000000.0,100,100000000.0,15.0,1.0,1,0.8,0.1,PELLETS,RES.SPACE-HEAT.EXISTING-AVERAGE,0.0,0.0,0.37078462230215825,0.0,0.0,0.0,0.0,0.0,0.0,0.0,0.0,0.0,0.33166591726618705,0.0,0.0,0.0,0.0,0.0,0.0,,0.0,0.2975494604316547,0.0,0.0,0.0
113,RHNADUMMY00 [RES.HEAT.NEW-AVERAGE: .00.DUMMY-TECH.],UK,2010,32.9474556872679,1,0.658949113745357,1,0,1,2.0,100,2.0,1.0,1.0,1,1.0,0.1,ELC,RES.SPACE-HEAT.NEW-AVERAGE,0.0,0.0,0.2339776556126973,0.0,0.19815570136549032,0.24412129810250044,0.0,0.0,0.0,0.0,0.0,0.17063309097357687,0.0,0.0,0.0,0.0,0.0,0.0,0.0,,0.0,0.0,0.0,0.15311225394573505,0.0
114,RHNAGHBRE01 [RES.HEAT.NEW-AVERAGE: .01.ELC.HEAT PUMP.GROUND.NGA.BOILER.RADIATOR.],UK,2010,14.4874563294833,1,0.869247379769001,1,0,1,100000000.0,100,100000000.0,20.0,1.0,1,0.84,0.1,ELC,RES.SPACE-HEAT.NEW-AVERAGE,0.0,0.0,0.2339776556126973,0.0,0.19815570136549032,0.24412129810250044,0.0,0.0,0.0,0.0,0.0,0.17063309097357687,0.0,0.0,0.0,0.0,0.0,0.0,0.0,,0.0,0.0,0.0,0.15311225394573505,0.0
115,RHNAGHHRE01 [RES.HEAT.NEW-AVERAGE: .01.ELC.HEAT PUMP.GROUND.HDG.BOILER.RADIATOR.],UK,2010,14.4874563294833,1,0.869247379769001,1,0,1,100000000.0,100,100000000.0,20.0,1.0,1,3.266,0.1,ELC,RES.SPACE-HEAT.NEW-AVERAGE,0.0,0.0,0.2339776556126973,0.0,0.19815570136549032,0.24412129810250044,0.0,0.0,0.0,0.0,0.0,0.17063309097357687,0.0,0.0,0.0,0.0,0.0,0.0,0.0,,0.0,0.0,0.0,0.15311225394573505,0.0
116,RHNAGHPRE01 [RES.HEAT.NEW-AVERAGE: .01.ELC.HEAT PUMP.GROUND.RADIATOR.],UK,2010,47.0387435312024,1,2.35193717656012,1,0,1,100000000.0,100,100000000.0,20.0,1.0,1,3.266,0.1,ELC,RES.SPACE-HEAT.NEW-AVERAGE,0.0,0.0,0.2339776556126973,0.0,0.19815570136549032,0.24412129810250044,0.0,0.0,0.0,0.0,0.0,0.17063309097357687,0.0,0.0,0.0,0.0,0.0,0.0,0.0,,0.0,0.0,0.0,0.15311225394573505,0.0
117,RHNAGHSRE01 [RES.HEAT.NEW-AVERAGE: .01.ELC.HEAT PUMP.GROUND.SOLAR-THERMAL.RADIATOR.],UK,2010,55.5805157136164,1,2.77902578568082,1,0,1,100000000.0,100,100000000.0,20.0,1.0,1,3.266,0.1,ELC,RES.SPACE-HEAT.NEW-AVERAGE,0.0,0.0,0.2339776556126973,0.0,0.19815570136549032,0.24412129810250044,0.0,0.0,0.0,0.0,0.0,0.17063309097357687,0.0,0.0,0.0,0.0,0.0,0.0,0.0,,0.0,0.0,0.0,0.15311225394573505,0.0
118,RHNANSTRE01 [RES.HEAT.NEW-AVERAGE: .01.ELC.RESISTANCE.STANDALONE.NIGHT-STORAGE.],UK,2010,2.39674025697659,1,0.239674025697659,1,0,1,100000000.0,100,100000000.0,15.0,1.0,1,0.7,0.1,ELC,RES.SPACE-HEAT.NEW-AVERAGE,0.0,0.0,0.2339776556126973,0.0,0.19815570136549032,0.24412129810250044,0.0,0.0,0.0,0.0,0.0,0.17063309097357687,0.0,0.0,0.0,0.0,0.0,0.0,0.0,,0.0,0.0,0.0,0.15311225394573505,0.0
119,RHNARAD01 [RES.HEAT.NEW-AVERAGE: .01.HTP.RADIATOR.],UK,2010,32.9474556872679,1,0.658949113745357,1,0,1,100000000.0,100,100000000.0,50.0,1.0,1,1.0,0.1,ELC,RES.SPACE-HEAT.NEW-AVERAGE,0.0,0.0,0.2339776556126973,0.0,0.19815570136549032,0.24412129810250044,0.0,0.0,0.0,0.0,0.0,0.17063309097357687,0.0,0.0,0.0,0.0,0.0,0.0,0.0,,0.0,0.0,0.0,0.15311225394573505,0.0
120,RHNAREFCG01 [RES.HEAT.NEW-AVERAGE: .01.HDG.MICRO-CHP.REFORMER.],UK,2010,3.96212165788904,1,0.198106082894452,1,0,1,100000000.0,100,100000000.0,15.0,0.0604063612889421,1,0.81,0.1,HYDROGEN,RES.SPACE-HEAT.EXISTING-AVERAGE,0,0,0,0,0,0,0,0,0,0,0,0,0,0,0,0,0,0,0,,0,0,0,0,0
121,RHNASA01 [RES.HEAT.NEW-AVERAGE: .01.STANDALONE.DELIVERY.],UK,2010,0.000281025993785082,1,0.000281025993785082,1,0,1,100000000.0,100,100000000.0,50.0,1.0,1,1.0,0.1,ELC,RES.SPACE-HEAT.NEW-AVERAGE,0.0,0.0,0.2339776556126973,0.0,0.19815570136549032,0.24412129810250044,0.0,0.0,0.0,0.0,0.0,0.17063309097357687,0.0,0.0,0.0,0.0,0.0,0.0,0.0,,0.0,0.0,0.0,0.15311225394573505,0.0
122,RHNASHTRE01 [RES.HEAT.NEW-AVERAGE: .01.ELC.RESISTANCE.STANDALONE.],UK,2010,2.09714772485452,1,0.209714772485452,1,0,1,100000000.0,100,100000000.0,15.0,1.0,1,0.9,0.1,ELC,RES.SPACE-HEAT.NEW-AVERAGE,0.0,0.0,0.2339776556126973,0.0,0.19815570136549032,0.24412129810250044,0.0,0.0,0.0,0.0,0.0,0.17063309097357687,0.0,0.0,0.0,0.0,0.0,0.0,0.0,,0.0,0.0,0.0,0.15311225394573505,0.0
123,RHNASHTRG01 [RES.HEAT.NEW-AVERAGE: .01.NGA.HEATER.STANDALONE.],UK,2010,4.88684156179883,1,0.488684156179883,1,0,1,100000000.0,100,100000000.0,15.0,1.0,1,0.7,0.1,NGA,RES.SPACE-HEAT.NEW-AVERAGE,0.047201524174322454,0.058238820560393416,0.0,0.06825368325502988,0.0,0.0,0.06543076877038632,0.05452813438269943,0.08340066433252537,0.07711145025984778,0.04380006184476963,0.0,0.0,0.07284715364435268,0.06972997775583285,0.09241803074283549,0.0,0.05249324196267369,0.08012388903851334,,0.05297702766057196,0.0,0.08144557161524574,0.0,0.0
124,RHNASTGNT01 [RES.HEAT.NEW-AVERAGE: .01.ELC.NIGHT-STORAGE.HEAT-SUPPLY.],UK,2010,0.001,1,0.001,1,0,1,100000000.0,100,100000000.0,15.0,1.0,1,1.0,0.1,ELC,RES.SPACE-HEAT.NEW-AVERAGE,0.0,0.0,0.2339776556126973,0.0,0.19815570136549032,0.24412129810250044,0.0,0.0,0.0,0.0,0.0,0.17063309097357687,0.0,0.0,0.0,0.0,0.0,0.0,0.0,,0.0,0.0,0.0,0.15311225394573505,0.0
125,RHNAUND01 [RES.HEAT.NEW-AVERAGE: .01.HTP.UNDERFLOOR.],UK,2010,50.3384781365875,1,1.00676956273175,1,0,1,100000000.0,100,100000000.0,50.0,1.0,1,1.0,0.1,ELC,RES.SPACE-HEAT.NEW-AVERAGE,0.0,0.0,0.2339776556126973,0.0,0.19815570136549032,0.24412129810250044,0.0,0.0,0.0,0.0,0.0,0.17063309097357687,0.0,0.0,0.0,0.0,0.0,0.0,0.0,,0.0,0.0,0.0,0.15311225394573505,0.0
126,RWEACSV01 [RES.WATER.EXISTING-AVERAGE: .01.CONSERVATION-MEASURES.],UK,2010,0.000593142810946307,1,0.000593142810946307,1,0,1,100000000.0,100,100000000.0,50.0,1.0,1,1.0,0.1,ELC,RES.HOT-WATER.EXISTING-AVERAGE,0.0,0.0,0.2339776556126973,0.0,0.19815570136549032,0.24412129810250044,0.0,0.0,0.0,0.0,0.0,0.17063309097357687,0.0,0.0,0.0,0.0,0.0,0.0,0.0,,0.0,0.0,0.0,0.15311225394573505,0.0
127,RWEASA00 [RES.WATER.EXISTING-AVERAGE: .00.STANDALONE.DELIVERY.],UK,2010,0.000593142810946307,1,0.0,1,0,1,2.0,100,100000000.0,50.0,1.0,1,1.0,0.1,ELC,RES.HOT-WATER.EXISTING-AVERAGE,0.0,0.0,0.2339776556126973,0.0,0.19815570136549032,0.24412129810250044,0.0,0.0,0.0,0.0,0.0,0.17063309097357687,0.0,0.0,0.0,0.0,0.0,0.0,0.0,,0.0,0.0,0.0,0.15311225394573505,0.0
128,RWEASOLRS00 [RES.WATER.EXISTING-AVERAGE: .00.SOL.WATER-HEATER.STANDALONE.],UK,2010,6.10855195224853,1,21.4916800914079,1,0,1,2.0,100,100000000.0,20.0,1.0,1,1.0,0.1,SOLAR,RES.HOT-WATER.EXISTING-AVERAGE,0,0,0,0,0,0,0,0,0,0,0,0,0,0,0,0,0,0,0,,0,0,0,0,0
129,RWEAWHTRE00 [RES.WATER.EXISTING-AVERAGE: .00.ELC.RESISTANCE.STANDALONE.],UK,2010,2.62143465606815,1,0.262143465606815,1,0,1,2.0,100,100000000.0,15.0,1.0,1,0.829474414370852,0.1,ELC,RES.HOT-WATER.EXISTING-AVERAGE,0.0,0.0,0.2339776556126973,0.0,0.19815570136549032,0.24412129810250044,0.0,0.0,0.0,0.0,0.0,0.17063309097357687,0.0,0.0,0.0,0.0,0.0,0.0,0.0,,0.0,0.0,0.0,0.15311225394573505,0.0
130,RWEAWHTRE01 [RES.WATER.EXISTING-AVERAGE: .01.ELC.RESISTANCE.STANDALONE.],UK,2010,2.62143465606815,1,0.262143465606815,1,0,1,100000000.0,100,100000000.0,15.0,1.0,1,0.85,0.1,ELC,RES.HOT-WATER.EXISTING-AVERAGE,0.0,0.0,0.2339776556126973,0.0,0.19815570136549032,0.24412129810250044,0.0,0.0,0.0,0.0,0.0,0.17063309097357687,0.0,0.0,0.0,0.0,0.0,0.0,0.0,,0.0,0.0,0.0,0.15311225394573505,0.0
131,RWEAWHTRG00 [RES.WATER.EXISTING-AVERAGE: .00.NGA.BOILER.STD.STANDALONE.],UK,2010,6.10855195224853,1,0.610855195224853,1,0,1,2.0,100,100000000.0,15.0,1.0,1,0.728829693612716,0.1,NGA,RES.HOT-WATER.EXISTING-AVERAGE,0.047201524174322454,0.058238820560393416,0.0,0.06825368325502988,0.0,0.0,0.06543076877038632,0.05452813438269943,0.08340066433252537,0.07711145025984778,0.04380006184476963,0.0,0.0,0.07284715364435268,0.06972997775583285,0.09241803074283549,0.0,0.05249324196267369,0.08012388903851334,,0.05297702766057196,0.0,0.08144557161524574,0.0,0.0
132,RWEAWHTRG01 [RES.WATER.EXISTING-AVERAGE: .01.NGA.BOILER.STD.STANDALONE.],UK,2010,6.10855195224853,1,0.610855195224853,1,0,1,100000000.0,100,100000000.0,15.0,1.0,1,0.8,0.1,NGA,RES.HOT-WATER.EXISTING-AVERAGE,0.047201524174322454,0.058238820560393416,0.0,0.06825368325502988,0.0,0.0,0.06543076877038632,0.05452813438269943,0.08340066433252537,0.07711145025984778,0.04380006184476963,0.0,0.0,0.07284715364435268,0.06972997775583285,0.09241803074283549,0.0,0.05249324196267369,0.08012388903851334,,0.05297702766057196,0.0,0.08144557161524574,0.0,0.0
133,RWNASA01 [RES.WATER.NEW-AVERAGE: .01.STANDALONE.DELIVERY.],UK,2010,0.000593142810946307,1,0.000593142810946307,1,0,1,100000000.0,100,100000000.0,50.0,1.0,1,1.0,0.1,ELC,RES.HOT-WATER.NEW-AVERAGE,0.0,0.0,0.2339776556126973,0.0,0.19815570136549032,0.24412129810250044,0.0,0.0,0.0,0.0,0.0,0.17063309097357687,0.0,0.0,0.0,0.0,0.0,0.0,0.0,,0.0,0.0,0.0,0.15311225394573505,0.0
134,RWNAWHTRE01 [RES.WATER.NEW-AVERAGE: .01.ELC.RESISTANCE.STANDALONE.],UK,2010,2.09714772485452,1,0.209714772485452,1,0,1,100000000.0,100,100000000.0,15.0,1.0,1,0.85,0.1,ELC,RES.HOT-WATER.NEW-AVERAGE,0.0,0.0,0.2339776556126973,0.0,0.19815570136549032,0.24412129810250044,0.0,0.0,0.0,0.0,0.0,0.17063309097357687,0.0,0.0,0.0,0.0,0.0,0.0,0.0,,0.0,0.0,0.0,0.15311225394573505,0.0
135,RWNAWHTRG01 [RES.WATER.NEW-AVERAGE: .01.NGA.BOILER.STD.STANDALONE.],UK,2010,4.88684156179883,1,0.488684156179883,1,0,1,100000000.0,100,100000000.0,15.0,1.0,1,0.8,0.1,NGA,RES.HOT-WATER.NEW-AVERAGE,0.047201524174322454,0.058238820560393416,0.0,0.06825368325502988,0.0,0.0,0.06543076877038632,0.05452813438269943,0.08340066433252537,0.07711145025984778,0.04380006184476963,0.0,0.0,0.07284715364435268,0.06972997775583285,0.09241803074283549,0.0,0.05249324196267369,0.08012388903851334,,0.05297702766057196,0.0,0.08144557161524574,0.0,0.0
