,ProcessName,RegionName,Time,cap_par,cap_exp,fix_par,fix_exp,var_par,var_exp,MaxCapacityAddition,MaxCapacityGrowth,TotalCapacityLimit,TechnicalLife,UtilizationFactor,ScalingSize,efficiency,InterestRate,Fuel,EndUse,D10,A1,G18,F15,I22,C8,B5,I21,F16,J24,key_0,E14,B6,E13,C9,H20,J23,A3,H19,G17,C7,D12,A2,B4,D11
0,Unit,-,year,MGBP2020/PJ_a,-,MGBP2020/PJ_a,-,MGBP2020/PJ,-,PJ,%,PJ,years,-,PJ,%,-,-,-,new,new,new,new,new,new,new,new,new,new,new,new,new,new,new,new,new,new,new,new,new,new,new,new,new
1,RCEOTHER00 [RES.COOKING: .00.OTHER.KETTLE.MICROWAVE],UK,2010,61.177609885735,1,0.0,1,0,1,2.0,100,100000000.0,5.0,1.0,1,0.8,0.1,ELC,RES.COOKING.OTHER,0.04122190247510133,0.02912405477627617,0.04767328745630479,0.0619824778167257,0.049750938210093944,0.030961106276292456,0.05940700365493817,0.04322935920475712,0.02392323175134321,0.06774577664030618,RES.COOKING,0.04322935920475712,0.03216179353120505,0.05390393070372049,0.035443825962229614,0.03338326191168345,0.04813647565502685,0.0373769324426389,0.04418829269892097,0.0531394161842944,0.03875772278578839,0.041976026431744515,0.030260551443329987,0.026660798692543942,0.026362474089977193
2,RCEOTHER01 [RES.COOKING: .01.OTHER.KETTLE.MICROWAVE],UK,2010,61.177609885735,1,0.0,1,0,1,100000000.0,100,100000000.0,5.0,1.0,1,0.8,0.1,ELC,RES.COOKING.OTHER,0.04122190247510133,0.02912405477627617,0.04767328745630479,0.0619824778167257,0.049750938210093944,0.030961106276292456,0.05940700365493817,0.04322935920475712,0.02392323175134321,0.06774577664030618,RES.COOKING,0.04322935920475712,0.03216179353120505,0.05390393070372049,0.035443825962229614,0.03338326191168345,0.04813647565502685,0.0373769324426389,0.04418829269892097,0.0531394161842944,0.03875772278578839,0.041976026431744515,0.030260551443329987,0.026660798692543942,0.026362474089977193
3,RCHEHOB00 [RES.COOKING: .00.HOB.ELECTRIC.],UK,2010,164.642857142857,1,8.23214285714286,1,0,1,2.0,100,100000000.0,14.0,1.0,1,1.09656574908097,0.1,ELC,RES.COOKING.HOBS,0.04122190247510133,0.02912405477627617,0.04767328745630479,0.0619824778167257,0.049750938210093944,0.030961106276292456,0.05940700365493817,0.04322935920475712,0.02392323175134321,0.06774577664030618,RES.COOKING,0.04322935920475712,0.03216179353120505,0.05390393070372049,0.035443825962229614,0.03338326191168345,0.04813647565502685,0.0373769324426389,0.04418829269892097,0.0531394161842944,0.03875772278578839,0.041976026431744515,0.030260551443329987,0.026660798692543942,0.026362474089977193
4,RCHEHOB01 [RES.COOKING: .01.HOB.ELECTRIC.],UK,2010,164.642857142857,1,8.23214285714286,1,0,1,100000000.0,100,100000000.0,14.0,1.0,1,1.09656574908097,0.1,ELC,RES.COOKING.HOBS,0.04122190247510133,0.02912405477627617,0.04767328745630479,0.0619824778167257,0.049750938210093944,0.030961106276292456,0.05940700365493817,0.04322935920475712,0.02392323175134321,0.06774577664030618,RES.COOKING,0.04322935920475712,0.03216179353120505,0.05390393070372049,0.035443825962229614,0.03338326191168345,0.04813647565502685,0.0373769324426389,0.04418829269892097,0.0531394161842944,0.03875772278578839,0.041976026431744515,0.030260551443329987,0.026660798692543942,0.026362474089977193
5,RCHEOVEN00 [RES.COOKING: .00.OVEN.ELECTRIC.],UK,2010,164.642857142857,1,8.23214285714286,1,0,1,2.0,100,100000000.0,14.0,1.0,1,1.51803094504518,0.1,ELC,RES.COOKING.OVENS,0.04122190247510133,0.02912405477627617,0.04767328745630479,0.0619824778167257,0.049750938210093944,0.030961106276292456,0.05940700365493817,0.04322935920475712,0.02392323175134321,0.06774577664030618,RES.COOKING,0.04322935920475712,0.03216179353120505,0.05390393070372049,0.035443825962229614,0.03338326191168345,0.04813647565502685,0.0373769324426389,0.04418829269892097,0.0531394161842944,0.03875772278578839,0.041976026431744515,0.030260551443329987,0.026660798692543942,0.026362474089977193
6,RCHEOVEN01 [RES.COOKING: .01.OVEN.ELECTRIC.],UK,2010,164.642857142857,1,8.23214285714286,1,0,1,100000000.0,100,100000000.0,14.0,1.0,1,1.51803094504518,0.1,ELC,RES.COOKING.OVENS,0.04122190247510133,0.02912405477627617,0.04767328745630479,0.0619824778167257,0.049750938210093944,0.030961106276292456,0.05940700365493817,0.04322935920475712,0.02392323175134321,0.06774577664030618,RES.COOKING,0.04322935920475712,0.03216179353120505,0.05390393070372049,0.035443825962229614,0.03338326191168345,0.04813647565502685,0.0373769324426389,0.04418829269892097,0.0531394161842944,0.03875772278578839,0.041976026431744515,0.030260551443329987,0.026660798692543942,0.026362474089977193
7,RCHGHOB00 [RES.COOKING: .00.HOB.GAS.],UK,2010,175.714285714286,1,8.78571428571429,1,0,1,2.0,100,100000000.0,14.0,1.0,1,0.8,0.1,NGA,RES.COOKING.HOBS,0.04122190247510133,0.02912405477627617,0.04767328745630479,0.0619824778167257,0.049750938210093944,0.030961106276292456,0.05940700365493817,0.04322935920475712,0.02392323175134321,0.06774577664030618,RES.COOKING,0.04322935920475712,0.03216179353120505,0.05390393070372049,0.035443825962229614,0.03338326191168345,0.04813647565502685,0.0373769324426389,0.04418829269892097,0.0531394161842944,0.03875772278578839,0.041976026431744515,0.030260551443329987,0.026660798692543942,0.026362474089977193
8,RCHGHOB01 [RES.COOKING: .01.HOB.GAS.],UK,2010,175.714285714286,1,8.78571428571429,1,0,1,100000000.0,100,100000000.0,14.0,1.0,1,0.8,0.1,NGA,RES.COOKING.HOBS,0.04122190247510133,0.02912405477627617,0.04767328745630479,0.0619824778167257,0.049750938210093944,0.030961106276292456,0.05940700365493817,0.04322935920475712,0.02392323175134321,0.06774577664030618,RES.COOKING,0.04322935920475712,0.03216179353120505,0.05390393070372049,0.035443825962229614,0.03338326191168345,0.04813647565502685,0.0373769324426389,0.04418829269892097,0.0531394161842944,0.03875772278578839,0.041976026431744515,0.030260551443329987,0.026660798692543942,0.026362474089977193
9,RCHGOVEN00 [RES.COOKING: .00.OVEN.GAS.],UK,2010,175.714285714286,1,8.78571428571429,1,0,1,2.0,100,100000000.0,14.0,1.0,1,1.11553538908557,0.1,NGA,RES.COOKING.OVENS,0.04122190247510133,0.02912405477627617,0.04767328745630479,0.0619824778167257,0.049750938210093944,0.030961106276292456,0.05940700365493817,0.04322935920475712,0.02392323175134321,0.06774577664030618,RES.COOKING,0.04322935920475712,0.03216179353120505,0.05390393070372049,0.035443825962229614,0.03338326191168345,0.04813647565502685,0.0373769324426389,0.04418829269892097,0.0531394161842944,0.03875772278578839,0.041976026431744515,0.030260551443329987,0.026660798692543942,0.026362474089977193
10,RCHGOVEN01 [RES.COOKING: .01.OVEN.GAS.],UK,2010,175.714285714286,1,8.78571428571429,1,0,1,100000000.0,100,100000000.0,14.0,1.0,1,1.11553538908557,0.1,NGA,RES.COOKING.OVENS,0.04122190247510133,0.02912405477627617,0.04767328745630479,0.0619824778167257,0.049750938210093944,0.030961106276292456,0.05940700365493817,0.04322935920475712,0.02392323175134321,0.06774577664030618,RES.COOKING,0.04322935920475712,0.03216179353120505,0.05390393070372049,0.035443825962229614,0.03338326191168345,0.04813647565502685,0.0373769324426389,0.04418829269892097,0.0531394161842944,0.03875772278578839,0.041976026431744515,0.030260551443329987,0.026660798692543942,0.026362474089977193
11,RCHHHOB01 [RES.COOKING: .01.HOB.HYDROGEN.],UK,2010,175.714285714286,1,8.78571428571429,1,0,1,100000000.0,100,100000000.0,14.0,1.0,1,0.8,0.1,HYDROGEN,RES.COOKING.HOBS,0.04122190247510133,0.02912405477627617,0.04767328745630479,0.0619824778167257,0.049750938210093944,0.030961106276292456,0.05940700365493817,0.04322935920475712,0.02392323175134321,0.06774577664030618,RES.COOKING,0.04322935920475712,0.03216179353120505,0.05390393070372049,0.035443825962229614,0.03338326191168345,0.04813647565502685,0.0373769324426389,0.04418829269892097,0.0531394161842944,0.03875772278578839,0.041976026431744515,0.030260551443329987,0.026660798692543942,0.026362474089977193
12,RCHHOVEN01 [RES.COOKING: .01.OVEN.HYDROGEN.],UK,2010,175.714285714286,1,8.78571428571429,1,0,1,100000000.0,100,100000000.0,14.0,1.0,1,1.11553538908557,0.1,HYDROGEN,RES.COOKING.OVENS,0.04122190247510133,0.02912405477627617,0.04767328745630479,0.0619824778167257,0.049750938210093944,0.030961106276292456,0.05940700365493817,0.04322935920475712,0.02392323175134321,0.06774577664030618,RES.COOKING,0.04322935920475712,0.03216179353120505,0.05390393070372049,0.035443825962229614,0.03338326191168345,0.04813647565502685,0.0373769324426389,0.04418829269892097,0.0531394161842944,0.03875772278578839,0.041976026431744515,0.030260551443329987,0.026660798692543942,0.026362474089977193
13,RCHPEA-CCG00 [RES.CHP.EXISTING-AVERAGE: .00.COMBINED-CYCLE.NGA.],UK,2010,423.684210526316,1,16.8421052631579,1,0,1,2.0,100,100000000.0,25.0,0.383762178584872,1,0.545074179608265,0.1,NGA,RES.SPACE-HEAT.EXISTING-AVERAGE,,,,,,,,,,,,,,,,,,,,,,,,,
14,RCHPEA-CCG01 [RES.CHP.EXISTING-AVERAGE: .01.COMBINED-CYCLE.NGA.],UK,2010,423.684210526316,1,16.8421052631579,1,0,1,100000000.0,100,100000000.0,25.0,0.383762178584872,1,0.8,0.1,NGA,RES.SPACE-HEAT.EXISTING-AVERAGE,,,,,,,,,,,,,,,,,,,,,,,,,
15,RCHPEA-CCH01 [RES.CHP.EXISTING-AVERAGE: .01.COMBINED-CYCLE.HYG.],UK,2010,423.684210526316,1,16.8421052631579,1,0,1,100000000.0,100,100000000.0,25.0,0.383762178584872,1,0.8,0.1,ELC,RES.SPACE-HEAT.EXISTING-AVERAGE,,,,,,,,,,,,,,,,,,,,,,,,,
16,RCHPEA-FCH01 [RES.CHP.EXISTING-AVERAGE: .01.FUEL-CELL.HYG.],UK,2010,6456.04931207143,1,531.651428571429,1,0,1,100000000.0,100,100000000.0,17.0,0.383762178584872,1,0.83,0.1,ELC,RES.SPACE-HEAT.EXISTING-AVERAGE,,,,,,,,,,,,,,,,,,,,,,,,,
17,RCHPEA-STW01 [RES.CHP.EXISTING-AVERAGE: .01.STEAM-TURBINE.BIOMASS.],UK,2010,534.534534534534,1,24.024024024024,1,0,1,100000000.0,100,100000000.0,25.0,0.383762178584872,1,0.8,0.1,ELC,RES.SPACE-HEAT.EXISTING-AVERAGE,,,,,,,,,,,,,,,,,,,,,,,,,
18,REAIRCON00 [RES.AIR-CONDITIONER: .00.],UK,2010,162.760416666667,1,8.13802083333333,1,0,1,2.0,100,100000000.0,15.0,1.0,1,0.555555555555556,0.1,ELC,RES.COOLING,0.043134704068344604,0.03047548532733855,0.04866950182635154,0.06327770704019221,0.052059508852390135,0.018015432586425385,0.060648413968349274,0.0452353119191349,0.013920283242455412,0.06916143978837223,RES.COOLING,0.0452353119191349,0.03365418292165613,0.05640521080825789,0.03708851004278948,0.034932330555734886,0.05037013110995561,0.03911131760280975,0.045111682180186435,0.05424985460470352,0.04055618014568139,0.043923821303297576,0.031664718343394425,0.015513199601448455,0.027585760241595286
19,REAIRCON01 [RES.AIR-CONDITIONER: .01.],UK,2010,162.760416666667,1,8.13802083333333,1,0,1,100000000.0,100,100000000.0,15.0,1.0,1,0.555555555555556,0.1,ELC,RES.COOLING,0.043134704068344604,0.03047548532733855,0.04866950182635154,0.06327770704019221,0.052059508852390135,0.018015432586425385,0.060648413968349274,0.0452353119191349,0.013920283242455412,0.06916143978837223,RES.COOLING,0.0452353119191349,0.03365418292165613,0.05640521080825789,0.03708851004278948,0.034932330555734886,0.05037013110995561,0.03911131760280975,0.045111682180186435,0.05424985460470352,0.04055618014568139,0.043923821303297576,0.031664718343394425,0.015513199601448455,0.027585760241595286
20,REAUDVIS00 [RES.CONSUMER-ELECTRONICS: .00.TV.DVD.SET-TOP-BOX.GAME-CONSOLE.],UK,2010,369.940960908303,1,0.0,1,0,1,2.0,100,100000000.0,6.0,1.0,1,0.6,0.1,ELC,RES.CONSUMER-ELECTRONICS.TV,0.04550601403685109,0.03215086072894762,0.04483115603143757,0.058287277477216626,0.05492145574558375,0.015467504463361677,0.05586534498288509,0.04772210181138468,0.011951533339597701,0.06370698655544103,RES.CONSUMER-ELECTRONICS.TV,0.04772210181138468,0.03550430572109897,0.059506060612475986,0.039127433352479285,0.036852718917243746,0.053139205260244564,0.041261443802030146,0.04155392569819875,0.04997141136031604,0.04278573698028076,0.04633851261881874,0.03340547126796928,0.013319163052305892,0.02910227437244638
21,REAUDVIS01 [RES.CONSUMER-ELECTRONICS: .01.TV.DVD.SET-TOP-BOX.GAME-CONSOLE.],UK,2010,369.940960908303,1,0.0,1,0,1,100000000.0,100,100000000.0,6.0,1.0,1,0.6,0.1,ELC,RES.CONSUMER-ELECTRONICS.TV,0.04550601403685109,0.03215086072894762,0.04483115603143757,0.058287277477216626,0.05492145574558375,0.015467504463361677,0.05586534498288509,0.04772210181138468,0.011951533339597701,0.06370698655544103,RES.CONSUMER-ELECTRONICS.TV,0.04772210181138468,0.03550430572109897,0.059506060612475986,0.039127433352479285,0.036852718917243746,0.053139205260244564,0.041261443802030146,0.04155392569819875,0.04997141136031604,0.04278573698028076,0.04633851261881874,0.03340547126796928,0.013319163052305892,0.02910227437244638
22,RECOLFRE00 [RES.FREEZERS: .00.],UK,2010,152.777777777778,1,6.94444444444444,1,0,1,2.0,100,100000000.0,15.0,1.0,1,0.858325268073987,0.1,ELC,RES.FREEZERS,0.043134704068344604,0.03047548532733855,0.04866950182635154,0.06327770704019221,0.052059508852390135,0.018015432586425385,0.060648413968349274,0.0452353119191349,0.013920283242455412,0.06916143978837223,RES.FREEZERS,0.0452353119191349,0.03365418292165613,0.05640521080825789,0.03708851004278948,0.034932330555734886,0.05037013110995561,0.03911131760280975,0.045111682180186435,0.05424985460470352,0.04055618014568139,0.043923821303297576,0.031664718343394425,0.015513199601448455,0.027585760241595286
23,RECOLFRE01 [RES.FREEZERS: .01.CLASS-A+.],UK,2010,152.777777777778,1,7.63888888888889,1,0,1,100000000.0,100,100000000.0,15.0,1.0,1,1.04190517484119,0.1,ELC,RES.FREEZERS,0.043134704068344604,0.03047548532733855,0.04866950182635154,0.06327770704019221,0.052059508852390135,0.018015432586425385,0.060648413968349274,0.0452353119191349,0.013920283242455412,0.06916143978837223,RES.FREEZERS,0.0452353119191349,0.03365418292165613,0.05640521080825789,0.03708851004278948,0.034932330555734886,0.05037013110995561,0.03911131760280975,0.045111682180186435,0.05424985460470352,0.04055618014568139,0.043923821303297576,0.031664718343394425,0.015513199601448455,0.027585760241595286
24,RECOLFRE02 [RES.FREEZERS: .01.CLASS-A+++.],UK,2010,180.555555555556,1,9.02777777777778,1,0,1,100000000.0,100,100000000.0,15.0,1.0,1,1.27343965813923,0.1,ELC,RES.FREEZERS,0.043134704068344604,0.03047548532733855,0.04866950182635154,0.06327770704019221,0.052059508852390135,0.018015432586425385,0.060648413968349274,0.0452353119191349,0.013920283242455412,0.06916143978837223,RES.FREEZERS,0.0452353119191349,0.03365418292165613,0.05640521080825789,0.03708851004278948,0.034932330555734886,0.05037013110995561,0.03911131760280975,0.045111682180186435,0.05424985460470352,0.04055618014568139,0.043923821303297576,0.031664718343394425,0.015513199601448455,0.027585760241595286
25,RECOLREF00 [RES.REFRIGERATORS: .00.],UK,2010,243.055555555556,1,11.4583333333333,1,0,1,2.0,100,100000000.0,15.0,1.0,1,0.763291334037606,0.1,ELC,RES.REFRIGERATORS,0.043134704068344604,0.03047548532733855,0.04866950182635154,0.06327770704019221,0.052059508852390135,0.018015432586425385,0.060648413968349274,0.0452353119191349,0.013920283242455412,0.06916143978837223,RES.REFRIGERATORS,0.0452353119191349,0.03365418292165613,0.05640521080825789,0.03708851004278948,0.034932330555734886,0.05037013110995561,0.03911131760280975,0.045111682180186435,0.05424985460470352,0.04055618014568139,0.043923821303297576,0.031664718343394425,0.015513199601448455,0.027585760241595286
26,RECOLREF01 [RES.REFRIGERATORS: .01.CLASS-A+.],UK,2010,243.055555555556,1,12.1527777777778,1,0,1,100000000.0,100,100000000.0,15.0,1.0,1,0.926545239230526,0.1,ELC,RES.REFRIGERATORS,0.043134704068344604,0.03047548532733855,0.04866950182635154,0.06327770704019221,0.052059508852390135,0.018015432586425385,0.060648413968349274,0.0452353119191349,0.013920283242455412,0.06916143978837223,RES.REFRIGERATORS,0.0452353119191349,0.03365418292165613,0.05640521080825789,0.03708851004278948,0.034932330555734886,0.05037013110995561,0.03911131760280975,0.045111682180186435,0.05424985460470352,0.04055618014568139,0.043923821303297576,0.031664718343394425,0.015513199601448455,0.027585760241595286
27,RECOLREF02 [RES.REFRIGERATORS: .01.CLASS-A+++.],UK,2010,270.833333333333,1,13.5416666666667,1,0,1,100000000.0,100,100000000.0,15.0,1.0,1,1.13244418128175,0.1,ELC,RES.REFRIGERATORS,0.043134704068344604,0.03047548532733855,0.04866950182635154,0.06327770704019221,0.052059508852390135,0.018015432586425385,0.060648413968349274,0.0452353119191349,0.013920283242455412,0.06916143978837223,RES.REFRIGERATORS,0.0452353119191349,0.03365418292165613,0.05640521080825789,0.03708851004278948,0.034932330555734886,0.05037013110995561,0.03911131760280975,0.045111682180186435,0.05424985460470352,0.04055618014568139,0.043923821303297576,0.031664718343394425,0.015513199601448455,0.027585760241595286
28,RECOMPUT00 [RES.COMPUTERS: .00.],UK,2010,802.099253931767,1,0.0,1,0,1,2.0,100,100000000.0,5.0,1.0,1,0.6,0.1,ELC,RES.COMPUTERS,0.04665616772657874,0.03296346609283147,0.03755969211079739,0.048833275556973636,0.05630958248680619,0.02862777565482228,0.046804172431985334,0.048928266592933645,0.022120298461046677,0.0533739259065978,RES.COMPUTERS,0.048928266592933645,0.03640166861017275,0.06101006215212242,0.04011636993135616,0.0377841626293834,0.054482286044023415,0.04230431698784607,0.034814017602509024,0.041866215176769056,0.04386713631391029,0.04750970751235228,0.034249786615053554,0.024651553369491676,0.029837827440703023
29,RECOMPUT01 [RES.COMPUTERS: .01.],UK,2010,802.099253931767,1,0.0,1,0,1,100000000.0,100,100000000.0,5.0,1.0,1,0.6,0.1,ELC,RES.COMPUTERS,0.04665616772657874,0.03296346609283147,0.03755969211079739,0.048833275556973636,0.05630958248680619,0.02862777565482228,0.046804172431985334,0.048928266592933645,0.022120298461046677,0.0533739259065978,RES.COMPUTERS,0.048928266592933645,0.03640166861017275,0.06101006215212242,0.04011636993135616,0.0377841626293834,0.054482286044023415,0.04230431698784607,0.034814017602509024,0.041866215176769056,0.04386713631391029,0.04750970751235228,0.034249786615053554,0.024651553369491676,0.029837827440703023
30,RELITCON00 [RES.LIGHTING: .00.CONVENTIONAL.],UK,2010,0.260416666666667,1,0.0,1,0,1,2.0,100,100000000.0,1.0,1.0,1,10.7251815634471,0.1,ELC,RES.LIGHTING,0.04584805797373606,0.03239252124812787,0.04061070398126047,0.052800052040615005,0.05533427043261523,0.024857831851740706,0.0506061228115556,0.04808080287377113,0.019207313424729665,0.05770954402172696,RES.LIGHTING,0.04808080287377113,0.03577117226087936,0.05995333527871953,0.03942153297046051,0.03712972074502768,0.05353862374052353,0.04157158361493873,0.037641995548931835,0.04526705028209634,0.043107334075280314,0.04668681399438415,0.033656562011639794,0.02140523161602372,0.029321020327444706
31,RELITCON01 [RES.LIGHTING: .01.CONVENTIONAL.],UK,2010,0.260416666666667,1,0.0,1,0,1,100000000.0,100,100000000.0,1.0,1.0,1,10.7251815634471,0.1,ELC,RES.LIGHTING,0.04584805797373606,0.03239252124812787,0.04061070398126047,0.052800052040615005,0.05533427043261523,0.024857831851740706,0.0506061228115556,0.04808080287377113,0.019207313424729665,0.05770954402172696,RES.LIGHTING,0.04808080287377113,0.03577117226087936,0.05995333527871953,0.03942153297046051,0.03712972074502768,0.05353862374052353,0.04157158361493873,0.037641995548931835,0.04526705028209634,0.043107334075280314,0.04668681399438415,0.033656562011639794,0.02140523161602372,0.029321020327444706
32,RELITENS00 [RES.LIGHTING: .00.ENERGY-SAVING.],UK,2010,0.78125,1,0.0,1,0,1,2.0,100,100000000.0,7.0,1.0,1,25.249808575804,0.1,ELC,RES.LIGHTING,0.04584805797373606,0.03239252124812787,0.04061070398126047,0.052800052040615005,0.05533427043261523,0.024857831851740706,0.0506061228115556,0.04808080287377113,0.019207313424729665,0.05770954402172696,RES.LIGHTING,0.04808080287377113,0.03577117226087936,0.05995333527871953,0.03942153297046051,0.03712972074502768,0.05353862374052353,0.04157158361493873,0.037641995548931835,0.04526705028209634,0.043107334075280314,0.04668681399438415,0.033656562011639794,0.02140523161602372,0.029321020327444706
33,RELITENS01 [RES.LIGHTING: .01.ENERGY-SAVING.],UK,2010,0.78125,1,0.0,1,0,1,100000000.0,100,100000000.0,7.0,1.0,1,25.249808575804,0.1,ELC,RES.LIGHTING,0.04584805797373606,0.03239252124812787,0.04061070398126047,0.052800052040615005,0.05533427043261523,0.024857831851740706,0.0506061228115556,0.04808080287377113,0.019207313424729665,0.05770954402172696,RES.LIGHTING,0.04808080287377113,0.03577117226087936,0.05995333527871953,0.03942153297046051,0.03712972074502768,0.05353862374052353,0.04157158361493873,0.037641995548931835,0.04526705028209634,0.043107334075280314,0.04668681399438415,0.033656562011639794,0.02140523161602372,0.029321020327444706
34,RELITLED00 [RES.LIGHTING: .00.LED.],UK,2010,2.08333333333333,1,0.0,1,0,1,2.0,100,100000000.0,21.0,1.0,1,12.5850340136054,0.1,ELC,RES.LIGHTING,0.04584805797373606,0.03239252124812787,0.04061070398126047,0.052800052040615005,0.05533427043261523,0.024857831851740706,0.0506061228115556,0.04808080287377113,0.019207313424729665,0.05770954402172696,RES.LIGHTING,0.04808080287377113,0.03577117226087936,0.05995333527871953,0.03942153297046051,0.03712972074502768,0.05353862374052353,0.04157158361493873,0.037641995548931835,0.04526705028209634,0.043107334075280314,0.04668681399438415,0.033656562011639794,0.02140523161602372,0.029321020327444706
35,RELITLED01 [RES.LIGHTING: .01.LED.],UK,2010,2.08333333333333,1,0.0,1,0,1,100000000.0,100,100000000.0,21.0,1.0,1,12.5850340136054,0.1,ELC,RES.LIGHTING,0.04584805797373606,0.03239252124812787,0.04061070398126047,0.052800052040615005,0.05533427043261523,0.024857831851740706,0.0506061228115556,0.04808080287377113,0.019207313424729665,0.05770954402172696,RES.LIGHTING,0.04808080287377113,0.03577117226087936,0.05995333527871953,0.03942153297046051,0.03712972074502768,0.05353862374052353,0.04157158361493873,0.037641995548931835,0.04526705028209634,0.043107334075280314,0.04668681399438415,0.033656562011639794,0.02140523161602372,0.029321020327444706
36,REOTHER00 [RES.OTHER: .00.ALL.],UK,2010,0.0,1,0.0,1,0,1,2.0,100,100000000.0,50.0,1.0,1,0.7,0.1,ELC,RES.OTHER,0.03257426452307195,0.02301433479058575,0.06965321747904404,0.09055970833174541,0.03931405695080367,0.019010747009728927,0.08679680311848387,0.03416059175699636,0.014689349354036116,0.09898019552226074,RES.OTHER,0.03416059175699636,0.02541480880594225,0.042595823873895954,0.02800832793442183,0.02638003437155763,0.03803828055103378,0.029535902307830514,0.0645614541310293,0.07763952329879843,0.03062702686026528,0.0331701863940171,0.023912414229897448,0.016370270961841037,0.020832085685716206
37,REOTHER01 [RES.OTHER: .01.ALL.],UK,2010,0.0,1,0.0,1,0,1,100000000.0,100,100000000.0,50.0,1.0,1,0.7,0.1,ELC,RES.OTHER,0.03257426452307195,0.02301433479058575,0.06965321747904404,0.09055970833174541,0.03931405695080367,0.019010747009728927,0.08679680311848387,0.03416059175699636,0.014689349354036116,0.09898019552226074,RES.OTHER,0.03416059175699636,0.02541480880594225,0.042595823873895954,0.02800832793442183,0.02638003437155763,0.03803828055103378,0.029535902307830514,0.0645614541310293,0.07763952329879843,0.03062702686026528,0.0331701863940171,0.023912414229897448,0.016370270961841037,0.020832085685716206
38,REWETALL00 [RES.WET-APPLIANCES: .00.WASHING-MACHINE.DRIER.DISHWASHER.],UK,2010,947.079230225173,1,47.3539615112587,1,0,1,2.0,100,100000000.0,13.0,1.0,1,0.6,0.1,ELC,RES.WET.APPLIANCES,0.04432386241107784,0.03131564821725726,0.04756886197776181,0.06184670891441907,0.0534947105213833,0.014544386676439229,0.059276876174403983,0.046482380833055094,0.0112382526010718,0.0675973835773899,RES.WET.APPLIANCES,0.046482380833055094,0.03458197768120168,0.057960216886426184,0.03811098399014861,0.035895361906214285,0.051758759197888374,0.040189557285385966,0.04409150089249664,0.05302301747842321,0.041674252496269784,0.04513473441086824,0.032537666583138565,0.012524260658734406,0.028346257795489615
39,REWETALL01 [RES.WET-APPLIANCES: .01.WASHING-MACHINE.DRIER.DISHWASHER.],UK,2010,947.079230225173,1,47.3539615112587,1,0,1,100000000.0,100,100000000.0,13.0,1.0,1,0.6,0.1,ELC,RES.WET.APPLIANCES,0.04432386241107784,0.03131564821725726,0.04756886197776181,0.06184670891441907,0.0534947105213833,0.014544386676439229,0.059276876174403983,0.046482380833055094,0.0112382526010718,0.0675973835773899,RES.WET.APPLIANCES,0.046482380833055094,0.03458197768120168,0.057960216886426184,0.03811098399014861,0.035895361906214285,0.051758759197888374,0.040189557285385966,0.04409150089249664,0.05302301747842321,0.041674252496269784,0.04513473441086824,0.032537666583138565,0.012524260658734406,0.028346257795489615
40,RHEAAHBRE01 [RES.HEAT.EXISTING-AVERAGE: .01.ELC.HEAT PUMP.AIR.NGA.BOILER.RADIATOR.],UK,2010,10.5209266569536,1,0.631255599417215,1,0,1,100000000.0,100,100000000.0,20.0,1.0,1,0.84,0.1,ELC,RES.SPACE-HEAT.EXISTING-AVERAGE,,,,,,,,,,,,,,,,,,,,,,,,,
41,RHEAAHHRE01 [RES.HEAT.EXISTING-AVERAGE: .01.ELC.HEAT PUMP.AIR.HDG.BOILER.RADIATOR.],UK,2010,10.5209266569536,1,0.631255599417215,1,0,1,100000000.0,100,100000000.0,20.0,1.0,1,2.51,0.1,ELC,RES.SPACE-HEAT.EXISTING-AVERAGE,,,,,,,,,,,,,,,,,,,,,,,,,
42,RHEAAHPRE00 [RES.HEAT.EXISTING-AVERAGE: .00.ELC.HEAT PUMP.AIR.RADIATOR.],UK,2010,30.9743189793675,1,3.09743189793675,1,0,1,2.0,100,100000000.0,20.0,1.0,1,2.71942348008938,0.1,ELC,RES.SPACE-HEAT.EXISTING-AVERAGE,,,,,,,,,,,,,,,,,,,,,,,,,
43,RHEAAHPRE01 [RES.HEAT.EXISTING-AVERAGE: .01.ELC.HEAT PUMP.AIR.RADIATOR.],UK,2010,30.9743189793675,1,1.54871594896837,1,0,1,100000000.0,100,100000000.0,20.0,1.0,1,2.51,0.1,ELC,RES.SPACE-HEAT.EXISTING-AVERAGE,,,,,,,,,,,,,,,,,,,,,,,,,
44,RHEAAHSRE01 [RES.HEAT.EXISTING-AVERAGE: .01.ELC.HEAT PUMP.AIR.SOLAR-THERMAL.RADIATOR.],UK,2010,42.8639848528759,1,2.1431992426438,1,0,1,100000000.0,100,100000000.0,20.0,1.0,1,2.51,0.1,ELC,RES.SPACE-HEAT.EXISTING-AVERAGE,,,,,,,,,,,,,,,,,,,,,,,,,
45,RHEABLCRG00 [RES.HEAT.EXISTING-AVERAGE: .00.NGA.BOILER.CON.RADIATOR.],UK,2010,2.85090453604836,1,0.285090453604836,1,0,1,2.0,100,100000000.0,15.0,1.0,1,0.888379065708687,0.1,NGA,RES.SPACE-HEAT.EXISTING-AVERAGE,,,,,,,,,,,,,,,,,,,,,,,,,
46,RHEABLCRG01 [RES.HEAT.EXISTING-AVERAGE: .01.NGA.BOILER.CON.RADIATOR.],UK,2010,2.85090453604836,1,0.285090453604836,1,0,1,100000000.0,100,100000000.0,15.0,1.0,1,0.84,0.1,NGA,RES.SPACE-HEAT.EXISTING-AVERAGE,,,,,,,,,,,,,,,,,,,,,,,,,
47,RHEABLCRH01 [RES.HEAT.EXISTING-AVERAGE: .01.HDG.BOILER.CON.RADIATOR.],UK,2010,2.95143025037617,1,0.295143025037617,1,0,1,100000000.0,100,100000000.0,15.0,1.0,1,0.84,0.1,HYDROGEN,RES.SPACE-HEAT.EXISTING-AVERAGE,,,,,,,,,,,,,,,,,,,,,,,,,
48,RHEABLCRO00 [RES.HEAT.EXISTING-AVERAGE: .00.OIL.BOILER.CON.RADIATOR.],UK,2010,23.6904861111111,1,0.469444512257088,1,0,1,2.0,100,100000000.0,15.0,1.0,1,0.63142550991176,0.1,OIL,RES.SPACE-HEAT.EXISTING-AVERAGE,,,,,,,,,,,,,,,,,,,,,,,,,
49,RHEABLCRO01 [RES.HEAT.EXISTING-AVERAGE: .01.KER.BOILER.CON.RADIATOR.],UK,2010,4.69444512257088,1,0.469444512257088,1,0,1,100000000.0,100,100000000.0,15.0,1.0,1,0.84,0.1,KEROSENE,RES.SPACE-HEAT.EXISTING-AVERAGE,,,,,,,,,,,,,,,,,,,,,,,,,
50,RHEABLCRP01 [RES.HEAT.EXISTING-AVERAGE: .01.PEL.BOILER.CON.RADIATOR.],UK,2010,23.6904861111111,1,2.36904861111111,1,0,1,100000000.0,100,100000000.0,20.0,1.0,1,0.74,0.1,PELLETS,RES.SPACE-HEAT.EXISTING-AVERAGE,,,,,,,,,,,,,,,,,,,,,,,,,
51,RHEABLRRC00 [RES.HEAT.EXISTING-AVERAGE: .00.HCO.BOILER.STD.RADIATOR.],UK,2010,23.6904861111111,1,0.469444512257088,1,0,1,2.0,100,100000000.0,15.0,1.0,1,0.435129571045746,0.1,HCO,RES.SPACE-HEAT.EXISTING-AVERAGE,,,,,,,,,,,,,,,,,,,,,,,,,
52,RHEABLRRE00 [RES.HEAT.EXISTING-AVERAGE: .00.ELC.BOILER.STD.RADIATOR.],UK,2010,2.19012447748871,1,0.219012447748871,1,0,1,2.0,100,100000000.0,15.0,1.0,1,0.90461487617917,0.1,ELC,RES.SPACE-HEAT.EXISTING-AVERAGE,,,,,,,,,,,,,,,,,,,,,,,,,
53,RHEABLRRE01 [RES.HEAT.EXISTING-AVERAGE: .01.ELC.BOILER.CON.RADIATOR.],UK,2010,2.19012447748871,1,0.219012447748871,1,0,1,100000000.0,100,100000000.0,15.0,1.0,1,1.0,0.1,ELC,RES.SPACE-HEAT.EXISTING-AVERAGE,,,,,,,,,,,,,,,,,,,,,,,,,
54,RHEABLRRG00 [RES.HEAT.EXISTING-AVERAGE: .00.NGA.BOILER.STD.RADIATOR.],UK,2010,2.85090453604836,1,0.285090453604836,1,0,1,2.0,100,100000000.0,15.0,1.0,1,0.744430283067581,0.1,NGA,RES.SPACE-HEAT.EXISTING-AVERAGE,,,,,,,,,,,,,,,,,,,,,,,,,
55,RHEABLRRO00 [RES.HEAT.EXISTING-AVERAGE: .00.OIL.BOILER.STD.RADIATOR.],UK,2010,23.6904861111111,1,0.469444512257088,1,0,1,2.0,100,100000000.0,15.0,1.0,1,0.538417980555508,0.1,OIL,RES.SPACE-HEAT.EXISTING-AVERAGE,,,,,,,,,,,,,,,,,,,,,,,,,
56,RHEABLRRW00 [RES.HEAT.EXISTING-AVERAGE: .00.WOD.BOILER.STD.RADIATOR.],UK,2010,23.6904861111111,1,2.36904861111111,1,0,1,2.0,100,100000000.0,20.0,1.0,1,0.0752892938270835,0.1,WOOD,RES.SPACE-HEAT.EXISTING-AVERAGE,,,,,,,,,,,,,,,,,,,,,,,,,
57,RHEABLRRW01 [RES.HEAT.EXISTING-AVERAGE: .01.WOD.BOILER.CON.RADIATOR.],UK,2010,23.6904861111111,1,2.36904861111111,1,0,1,100000000.0,100,100000000.0,20.0,1.0,1,0.74,0.1,WOOD,RES.SPACE-HEAT.EXISTING-AVERAGE,,,,,,,,,,,,,,,,,,,,,,,,,
58,RHEABLSRE01 [RES.HEAT.EXISTING-AVERAGE: .01.ELC.BOILER.CON.SOLAR-THERMAL.RADIATOR.],UK,2010,7.46809840342137,1,0.746809840342137,1,0,1,100000000.0,100,100000000.0,15.0,1.0,1,1.0,0.1,ELC,RES.SPACE-HEAT.EXISTING-AVERAGE,,,,,,,,,,,,,,,,,,,,,,,,,
59,RHEABLSRG01 [RES.HEAT.EXISTING-AVERAGE: .01.NGA.BOILER.CON.SOLAR-THERMAL.RADIATOR.],UK,2010,8.11392868690048,1,0.811392868690048,1,0,1,100000000.0,100,100000000.0,15.0,1.0,1,0.84,0.1,NGA,RES.SPACE-HEAT.EXISTING-AVERAGE,,,,,,,,,,,,,,,,,,,,,,,,,
60,RHEABLSRH01 [RES.HEAT.EXISTING-AVERAGE: .01.HDG.BOILER.CON.SOLAR-THERMAL.RADIATOR.],UK,2010,8.11392868690048,1,0.811392868690048,1,0,1,100000000.0,100,100000000.0,19.0,1.0,1,0.84,0.1,HYDROGEN,RES.SPACE-HEAT.EXISTING-AVERAGE,,,,,,,,,,,,,,,,,,,,,,,,,
61,RHEABLSRO01 [RES.HEAT.EXISTING-AVERAGE: .01.KER.BOILER.CON.SOLAR-THERMAL.RADIATOR.],UK,2010,9.91576021037951,1,0.991576021037951,1,0,1,100000000.0,100,100000000.0,15.0,1.0,1,0.84,0.1,KEROSENE,RES.SPACE-HEAT.EXISTING-AVERAGE,,,,,,,,,,,,,,,,,,,,,,,,,
62,RHEABLSRP01 [RES.HEAT.EXISTING-AVERAGE: .01.PEL.BOILER.CON.SOLAR-THERMAL.RADIATOR.],UK,2010,28.4820265159211,1,2.84820265159211,1,0,1,100000000.0,100,100000000.0,20.0,1.0,1,0.74,0.1,PELLETS,RES.SPACE-HEAT.EXISTING-AVERAGE,,,,,,,,,,,,,,,,,,,,,,,,,
63,RHEABLSRW01 [RES.HEAT.EXISTING-AVERAGE: .01.WOD.BOILER.CON.SOLAR-THERMAL.RADIATOR.],UK,2010,28.4820265159211,1,2.84820265159211,1,0,1,100000000.0,100,100000000.0,20.0,1.0,1,1.0,0.1,WOOD,RES.SPACE-HEAT.EXISTING-AVERAGE,,,,,,,,,,,,,,,,,,,,,,,,,
64,RHEACHBRH01 [RES.HEAT.EXISTING-AVERAGE: .01.HDG.MICRO-CHP-BOILER.STD.RADIATOR.],UK,2010,1.52713798806213,1,0.0763568994031067,1,0,1,100000000.0,100,100000000.0,15.0,1.0,1,0.88,0.1,HYDROGEN,RES.SPACE-HEAT.EXISTING-AVERAGE,,,,,,,,,,,,,,,,,,,,,,,,,
65,RHEACHPRG01 [RES.HEAT.EXISTING-AVERAGE: .01.GAS.MICRO-CHP.STD.RADIATOR.],UK,2010,373.088133385614,1,18.6544066692807,1,0,1,100000000.0,100,100000000.0,15.0,1.0,1,0.8,0.1,NGA,RES.SPACE-HEAT.EXISTING-AVERAGE,,,,,,,,,,,,,,,,,,,,,,,,,
66,RHEACHPRH01 [RES.HEAT.EXISTING-AVERAGE: .01.HDG.MICRO-CHP.STD.RADIATOR.],UK,2010,7697.41616835455,1,300.0321672,1,0,1,100000000.0,100,100000000.0,15.0,1.0,1,0.88,0.1,HYDROGEN,RES.SPACE-HEAT.EXISTING-AVERAGE,,,,,,,,,,,,,,,,,,,,,,,,,
67,RHEACHPRW01 [RES.HEAT.EXISTING-AVERAGE: .01.PELH.MICRO-CHP.STD.RADIATOR.],UK,2010,855.689698959045,1,42.7844849479523,1,0,1,100000000.0,100,100000000.0,15.0,1.0,1,0.8,0.1,PELLETS,RES.SPACE-HEAT.EXISTING-AVERAGE,,,,,,,,,,,,,,,,,,,,,,,,,
68,RHEACSV01 [RES.HEAT.EXISTING-AVERAGE: .01.CONSERVATION-MEASURES.],UK,2010,0.000281025993785082,1,0.000281025993785082,1,0,1,100000000.0,100,100000000.0,50.0,1.0,1,1.0,0.1,ELC,RES.SPACE-HEAT.EXISTING-AVERAGE,,,,,,,,,,,,,,,,,,,,,,,,,
69,RHEACSVCAV01 [RES.HEAT.EXISTING-AVERAGE: .01.CONSERVATION.CAVITY-WALL.EASY.],UK,2010,22.2701747961182,1,0.000281025993785082,1,0,1,100000000.0,100,48.3656857518234,200.0,1.0,1,1.0,0.1,ELC,RES.SPACE-HEAT.EXISTING-AVERAGE,,,,,,,,,,,,,,,,,,,,,,,,,
70,RHEACSVCAV02 [RES.HEAT.EXISTING-AVERAGE: .02.CONSERVATION.CAVITY-WALL.HARD.],UK,2010,52.0186802435903,1,0.000281025993785082,1,0,1,100000000.0,100,73.6483991631816,200.0,1.0,1,1.0,0.1,ELC,RES.SPACE-HEAT.EXISTING-AVERAGE,,,,,,,,,,,,,,,,,,,,,,,,,
71,RHEACSVCON01 [RES.HEAT.EXISTING-AVERAGE: .01.CONSERVATION.HEATING-CONTROLS.],UK,2010,0.001,1,0.000281025993785082,1,0,1,100000000.0,100,0.0,200.0,1.0,1,1.0,0.1,ELC,RES.SPACE-HEAT.EXISTING-AVERAGE,,,,,,,,,,,,,,,,,,,,,,,,,
72,RHEACSVFLR01 [RES.HEAT.EXISTING-AVERAGE: .01.CONSERVATION.FLOOR-INSULATION.],UK,2010,490.248493161499,1,0.000281025993785082,1,0,1,100000000.0,100,2.40479748940999,200.0,1.0,1,1.0,0.1,ELC,RES.SPACE-HEAT.EXISTING-AVERAGE,,,,,,,,,,,,,,,,,,,,,,,,,
73,RHEACSVLOF02 [RES.HEAT.EXISTING-AVERAGE: .01.CONSERVATION.LOFT-INSULATION.TOPUP.],UK,2010,48.1466787692946,1,0.000281025993785082,1,0,1,100000000.0,100,55.7049756154778,200.0,1.0,1,1.0,0.1,ELC,RES.SPACE-HEAT.EXISTING-AVERAGE,,,,,,,,,,,,,,,,,,,,,,,,,
74,RHEACSVSOL01 [RES.HEAT.EXISTING-AVERAGE: .01.CONSERVATION.SOLID-WALL.SYSTEM.],UK,2010,171.782252264459,1,0.000281025993785082,1,0,1,100000000.0,100,19.417876983334,200.0,1.0,1,1.0,0.1,ELC,RES.SPACE-HEAT.EXISTING-AVERAGE,,,,,,,,,,,,,,,,,,,,,,,,,
75,RHEACSVSOL02 [RES.HEAT.EXISTING-AVERAGE: .02.CONSERVATION.SOLID-WALL.PRE-1966-SOLID-BRICK.],UK,2010,193.194503534752,1,0.000281025993785082,1,0,1,100000000.0,100,224.288755770791,200.0,1.0,1,1.0,0.1,ELC,RES.SPACE-HEAT.EXISTING-AVERAGE,,,,,,,,,,,,,,,,,,,,,,,,,
76,RHEACSVSOL03 [RES.HEAT.EXISTING-AVERAGE: .03.CONSERVATION.SOLID-WALL.OTHER.],UK,2010,279.306728096606,1,0.000281025993785082,1,0,1,100000000.0,100,71.596297154923,200.0,1.0,1,1.0,0.1,ELC,RES.SPACE-HEAT.EXISTING-AVERAGE,,,,,,,,,,,,,,,,,,,,,,,,,
77,RHEAGHBRE01 [RES.HEAT.EXISTING-AVERAGE: .01.ELC.HEAT PUMP.GROUND.NGA.BOILER.RADIATOR.],UK,2010,18.1093204118542,1,1.08655922471125,1,0,1,100000000.0,100,100000000.0,20.0,1.0,1,0.84,0.1,ELC,RES.SPACE-HEAT.EXISTING-AVERAGE,,,,,,,,,,,,,,,,,,,,,,,,,
78,RHEAGHHRE01 [RES.HEAT.EXISTING-AVERAGE: .01.ELC.HEAT PUMP.GROUND.HDG.BOILER.RADIATOR.],UK,2010,18.1093204118542,1,1.08655922471125,1,0,1,100000000.0,100,100000000.0,20.0,1.0,1,2.84,0.1,ELC,RES.SPACE-HEAT.EXISTING-AVERAGE,,,,,,,,,,,,,,,,,,,,,,,,,
79,RHEAGHPRE01 [RES.HEAT.EXISTING-AVERAGE: .01.ELC.HEAT PUMP.GROUND.RADIATOR.],UK,2010,58.798429414003,1,2.93992147070015,1,0,1,100000000.0,100,100000000.0,20.0,1.0,1,2.84,0.1,ELC,RES.SPACE-HEAT.EXISTING-AVERAGE,,,,,,,,,,,,,,,,,,,,,,,,,
80,RHEAGHSRE01 [RES.HEAT.EXISTING-AVERAGE: .01.ELC.HEAT PUMP.GROUND.SOLAR-THERMAL.RADIATOR.],UK,2010,69.0704144482885,1,3.45352072241442,1,0,1,100000000.0,100,100000000.0,20.0,1.0,1,2.84,0.1,ELC,RES.SPACE-HEAT.EXISTING-AVERAGE,,,,,,,,,,,,,,,,,,,,,,,,,
81,RHEANSTRE00 [RES.HEAT.EXISTING-AVERAGE: .00.ELC.RESISTANCE.STANDALONE.NIGHT-STORAGE.],UK,2010,2.99592532122074,1,0.299592532122074,1,0,1,2.0,100,100000000.0,15.0,1.0,1,0.810297627311947,0.1,ELC,RES.SPACE-HEAT.EXISTING-AVERAGE,,,,,,,,,,,,,,,,,,,,,,,,,
82,RHEANSTRE01 [RES.HEAT.EXISTING-AVERAGE: .01.ELC.RESISTANCE.STANDALONE.NIGHT-STORAGE.],UK,2010,2.99592532122074,1,0.299592532122074,1,0,1,100000000.0,100,100000000.0,15.0,1.0,1,0.7,0.1,ELC,RES.SPACE-HEAT.EXISTING-AVERAGE,,,,,,,,,,,,,,,,,,,,,,,,,
83,RHEARAD00 [RES.HEAT.EXISTING-AVERAGE: .00.HTP.RADIATOR.],UK,2010,35.9435703435755,1,0.71887140687151,1,0,1,2.0,100,100000000.0,50.0,1.0,1,1.0,0.1,ELC,RES.SPACE-HEAT.EXISTING-AVERAGE,,,,,,,,,,,,,,,,,,,,,,,,,
84,RHEARAD01 [RES.HEAT.EXISTING-AVERAGE: .01.HTP.RADIATOR.],UK,2010,35.9435703435755,1,0.71887140687151,1,0,1,100000000.0,100,100000000.0,50.0,1.0,1,1.0,0.1,ELC,RES.SPACE-HEAT.EXISTING-AVERAGE,,,,,,,,,,,,,,,,,,,,,,,,,
85,RHEAREFCG01 [RES.HEAT.EXISTING-AVERAGE: .01.HDG.MICRO-CHP.REFORMER.],UK,2010,5.07991357136648,1,0.253995678568324,1,0,1,100000000.0,100,100000000.0,15.0,0.102330509469646,1,0.81,0.1,HYDROGEN,RES.SPACE-HEAT.EXISTING-AVERAGE,,,,,,,,,,,,,,,,,,,,,,,,,
86,RHEASA00 [RES.HEAT.EXISTING-AVERAGE: .00.STANDALONE.DELIVERY.],UK,2010,0.000281025993785082,1,0.0,1,0,1,2.0,100,100000000.0,50.0,1.0,1,1.0,0.1,ELC,RES.SPACE-HEAT.EXISTING-AVERAGE,,,,,,,,,,,,,,,,,,,,,,,,,
87,RHEASHTRE00 [RES.HEAT.EXISTING-AVERAGE: .00.ELC.RESISTANCE.STANDALONE.],UK,2010,2.62143465606815,1,0.262143465606815,1,0,1,2.0,100,100000000.0,15.0,1.0,1,0.913593004537911,0.1,ELC,RES.SPACE-HEAT.EXISTING-AVERAGE,,,,,,,,,,,,,,,,,,,,,,,,,
88,RHEASHTRE01 [RES.HEAT.EXISTING-AVERAGE: .01.ELC.RESISTANCE.STANDALONE.],UK,2010,2.62143465606815,1,0.262143465606815,1,0,1,100000000.0,100,100000000.0,15.0,1.0,1,0.9,0.1,ELC,RES.SPACE-HEAT.EXISTING-AVERAGE,,,,,,,,,,,,,,,,,,,,,,,,,
89,RHEASHTRG00 [RES.HEAT.EXISTING-AVERAGE: .00.NGA.HEATER.STANDALONE.],UK,2010,6.10855195224853,1,0.610855195224853,1,0,1,2.0,100,100000000.0,15.0,1.0,1,0.728829693612716,0.1,NGA,RES.SPACE-HEAT.EXISTING-AVERAGE,,,,,,,,,,,,,,,,,,,,,,,,,
90,RHEASHTRG01 [RES.HEAT.EXISTING-AVERAGE: .01.NGA.HEATER.STANDALONE.],UK,2010,6.10855195224853,1,0.610855195224853,1,0,1,100000000.0,100,100000000.0,15.0,1.0,1,0.7,0.1,NGA,RES.SPACE-HEAT.EXISTING-AVERAGE,,,,,,,,,,,,,,,,,,,,,,,,,
91,RHEASTGNT00 [RES.HEAT.EXISTING-AVERAGE .00.ELC.NIGHT-STORAGE.HEAT-SUPPLY.],UK,2010,0.001,1,0.001,1,0,1,2.0,100,100000000.0,15.0,1.0,1,1.0,0.1,ELC,RES.SPACE-HEAT.EXISTING-AVERAGE,,,,,,,,,,,,,,,,,,,,,,,,,
92,RHEASTGNT01 [RES.HEAT.EXISTING-AVERAGE: .01.ELC.NIGHT-STORAGE.HEAT-SUPPLY.],UK,2010,0.001,1,0.001,1,0,1,100000000.0,100,100000000.0,15.0,1.0,1,1.0,0.1,ELC,RES.SPACE-HEAT.EXISTING-AVERAGE,,,,,,,,,,,,,,,,,,,,,,,,,
93,RHEAUND01 [RES.HEAT.EXISTING-AVERAGE: .01.HTP.UNDERFLOOR.],UK,2010,83.8902852776298,1,0.838902852776298,1,0,1,100000000.0,100,100000000.0,50.0,1.0,1,1.0,0.1,ELC,RES.SPACE-HEAT.EXISTING-AVERAGE,,,,,,,,,,,,,,,,,,,,,,,,,
94,RHNAAHBRE01 [RES.HEAT.NEW-AVERAGE: .01.ELC.HEAT PUMP.AIR.NGA.BOILER.RADIATOR.],UK,2010,8.41674132556286,1,0.505004479533772,1,0,1,100000000.0,100,100000000.0,20.0,1.0,1,0.84,0.1,ELC,RES.SPACE-HEAT.NEW-AVERAGE,,,,,,,,,,,,,,,,,,,,,,,,,
95,RHNAAHHRE01 [RES.HEAT.NEW-AVERAGE: .01.ELC.HEAT PUMP.AIR.HDG.BOILER.RADIATOR.],UK,2010,8.41674132556286,1,0.505004479533772,1,0,1,100000000.0,100,100000000.0,20.0,1.0,1,2.8865,0.1,ELC,RES.SPACE-HEAT.NEW-AVERAGE,,,,,,,,,,,,,,,,,,,,,,,,,
96,RHNAAHPRE01 [RES.HEAT.NEW-AVERAGE: .01.ELC.HEAT PUMP.AIR.RADIATOR.],UK,2010,24.779455183494,1,1.2389727591747,1,0,1,100000000.0,100,100000000.0,20.0,1.0,1,2.8865,0.1,ELC,RES.SPACE-HEAT.NEW-AVERAGE,,,,,,,,,,,,,,,,,,,,,,,,,
97,RHNAAHSRE01 [RES.HEAT.NEW-AVERAGE: .01.ELC.HEAT PUMP.AIR.SOLAR-THERMAL.RADIATOR.],UK,2010,34.6153720372864,1,1.73076860186432,1,0,1,100000000.0,100,100000000.0,20.0,1.0,1,2.8865,0.1,ELC,RES.SPACE-HEAT.NEW-AVERAGE,,,,,,,,,,,,,,,,,,,,,,,,,
98,RHNABLCRG01 [RES.HEAT.NEW-AVERAGE: .01.NGA.BOILER.CON.RADIATOR.],UK,2010,2.28072362883868,1,0.228072362883868,1,0,1,100000000.0,100,100000000.0,15.0,1.0,1,0.84,0.1,NGA,RES.SPACE-HEAT.NEW-AVERAGE,,,,,,,,,,,,,,,,,,,,,,,,,
99,RHNABLCRH01 [RES.HEAT.NEW-AVERAGE: .01.HDG.BOILER.CON.RADIATOR.],UK,2010,2.36114420030093,1,0.236114420030093,1,0,1,100000000.0,100,100000000.0,15.0,1.0,1,0.84,0.1,HYDROGEN,RES.SPACE-HEAT.NEW-AVERAGE,,,,,,,,,,,,,,,,,,,,,,,,,
100,RHNABLCRO01 [RES.HEAT.NEW-AVERAGE: .01.KER.BOILER.CON.RADIATOR.],UK,2010,3.7555560980567,1,0.37555560980567,1,0,1,100000000.0,100,100000000.0,15.0,1.0,1,0.84,0.1,KEROSENE,RES.SPACE-HEAT.NEW-AVERAGE,,,,,,,,,,,,,,,,,,,,,,,,,
101,RHNABLCRP01 [RES.HEAT.NEW-AVERAGE: .01.PEL.BOILER.CON.RADIATOR.],UK,2010,18.9523888888889,1,1.89523888888889,1,0,1,100000000.0,100,100000000.0,20.0,1.0,1,0.74,0.1,PELLETS,RES.SPACE-HEAT.NEW-AVERAGE,,,,,,,,,,,,,,,,,,,,,,,,,
102,RHNABLRRE01 [RES.HEAT.NEW-AVERAGE: .01.ELC.BOILER.CON.RADIATOR.],UK,2010,1.75209958199097,1,0.175209958199097,1,0,1,100000000.0,100,100000000.0,15.0,1.0,1,1.0,0.1,ELC,RES.SPACE-HEAT.NEW-AVERAGE,,,,,,,,,,,,,,,,,,,,,,,,,
103,RHNABLRRW01 [RES.HEAT.NEW-AVERAGE: .01.WOD.BOILER.CON.RADIATOR.],UK,2010,18.9523888888889,1,1.89523888888889,1,0,1,100000000.0,100,100000000.0,20.0,1.0,1,0.74,0.1,WOOD,RES.SPACE-HEAT.NEW-AVERAGE,,,,,,,,,,,,,,,,,,,,,,,,,
104,RHNABLSRE01 [RES.HEAT.NEW-AVERAGE: .01.ELC.BOILER.CON.SOLAR-THERMAL.RADIATOR.],UK,2010,6.10063183282202,1,0.610063183282202,1,0,1,100000000.0,100,100000000.0,15.0,1.0,1,1.0,0.1,ELC,RES.SPACE-HEAT.NEW-AVERAGE,,,,,,,,,,,,,,,,,,,,,,,,,
105,RHNABLSRG01 [RES.HEAT.NEW-AVERAGE: .01.NGA.BOILER.CON.SOLAR-THERMAL.RADIATOR.],UK,2010,6.6172960596053,1,0.66172960596053,1,0,1,100000000.0,100,100000000.0,15.0,1.0,1,0.84,0.1,NGA,RES.SPACE-HEAT.NEW-AVERAGE,,,,,,,,,,,,,,,,,,,,,,,,,
106,RHNABLSRH01 [RES.HEAT.NEW-AVERAGE: .01.HDG.BOILER.CON.SOLAR-THERMAL.RADIATOR.],UK,2010,6.6172960596053,1,0.66172960596053,1,0,1,100000000.0,100,100000000.0,19.0,1.0,1,0.84,0.1,HYDROGEN,RES.SPACE-HEAT.NEW-AVERAGE,,,,,,,,,,,,,,,,,,,,,,,,,
107,RHNABLSRO01 [RES.HEAT.NEW-AVERAGE: .01.KER.BOILER.CON.SOLAR-THERMAL.RADIATOR.],UK,2010,8.05876127838853,1,0.805876127838853,1,0,1,100000000.0,100,100000000.0,15.0,1.0,1,0.84,0.1,KEROSENE,RES.SPACE-HEAT.NEW-AVERAGE,,,,,,,,,,,,,,,,,,,,,,,,,
108,RHNABLSRP01 [RES.HEAT.NEW-AVERAGE: .01.PEL.BOILER.CON.SOLAR-THERMAL.RADIATOR.],UK,2010,22.9117743228218,1,2.29117743228218,1,0,1,100000000.0,100,100000000.0,20.0,1.0,1,0.74,0.1,PELLETS,RES.SPACE-HEAT.NEW-AVERAGE,,,,,,,,,,,,,,,,,,,,,,,,,
109,RHNABLSRW01 [RES.HEAT.NEW-AVERAGE: .01.WOD.BOILER.CON.SOLAR-THERMAL.RADIATOR.],UK,2010,22.9117743228218,1,2.29117743228218,1,0,1,100000000.0,100,100000000.0,20.0,1.0,1,1.0,0.1,WOOD,RES.SPACE-HEAT.NEW-AVERAGE,,,,,,,,,,,,,,,,,,,,,,,,,
110,RHNACHBRH01 [RES.HEAT.NEW-AVERAGE: .01.HDG.MICRO-CHP-BOILER.STD.RADIATOR.],UK,2010,1.22171039044971,1,0.0610855195224853,1,0,1,100000000.0,100,100000000.0,15.0,1.0,1,0.88,0.1,HYDROGEN,RES.SPACE-HEAT.EXISTING-AVERAGE,,,,,,,,,,,,,,,,,,,,,,,,,
111,RHNACHPRG01 [RES.HEAT.NEW-AVERAGE: .01.GAS.MICRO-CHP.STD.RADIATOR.],UK,2010,276.19658829741,1,13.8098294148705,1,0,1,100000000.0,100,100000000.0,15.0,1.0,1,0.8,0.1,NGA,RES.SPACE-HEAT.EXISTING-AVERAGE,,,,,,,,,,,,,,,,,,,,,,,,,
112,RHNACHPRW01 [RES.HEAT.NEW-AVERAGE: .01.PELH.MICRO-CHP.STD.RADIATOR.],UK,2010,662.277840756155,1,33.1138920378077,1,0,1,100000000.0,100,100000000.0,15.0,1.0,1,0.8,0.1,PELLETS,RES.SPACE-HEAT.EXISTING-AVERAGE,,,,,,,,,,,,,,,,,,,,,,,,,
113,RHNADUMMY00 [RES.HEAT.NEW-AVERAGE: .00.DUMMY-TECH.],UK,2010,32.9474556872679,1,0.658949113745357,1,0,1,2.0,100,2.0,1.0,1.0,1,1.0,0.1,ELC,RES.SPACE-HEAT.NEW-AVERAGE,,,,,,,,,,,,,,,,,,,,,,,,,
114,RHNAGHBRE01 [RES.HEAT.NEW-AVERAGE: .01.ELC.HEAT PUMP.GROUND.NGA.BOILER.RADIATOR.],UK,2010,14.4874563294833,1,0.869247379769001,1,0,1,100000000.0,100,100000000.0,20.0,1.0,1,0.84,0.1,ELC,RES.SPACE-HEAT.NEW-AVERAGE,,,,,,,,,,,,,,,,,,,,,,,,,
115,RHNAGHHRE01 [RES.HEAT.NEW-AVERAGE: .01.ELC.HEAT PUMP.GROUND.HDG.BOILER.RADIATOR.],UK,2010,14.4874563294833,1,0.869247379769001,1,0,1,100000000.0,100,100000000.0,20.0,1.0,1,3.266,0.1,ELC,RES.SPACE-HEAT.NEW-AVERAGE,,,,,,,,,,,,,,,,,,,,,,,,,
116,RHNAGHPRE01 [RES.HEAT.NEW-AVERAGE: .01.ELC.HEAT PUMP.GROUND.RADIATOR.],UK,2010,47.0387435312024,1,2.35193717656012,1,0,1,100000000.0,100,100000000.0,20.0,1.0,1,3.266,0.1,ELC,RES.SPACE-HEAT.NEW-AVERAGE,,,,,,,,,,,,,,,,,,,,,,,,,
117,RHNAGHSRE01 [RES.HEAT.NEW-AVERAGE: .01.ELC.HEAT PUMP.GROUND.SOLAR-THERMAL.RADIATOR.],UK,2010,55.5805157136164,1,2.77902578568082,1,0,1,100000000.0,100,100000000.0,20.0,1.0,1,3.266,0.1,ELC,RES.SPACE-HEAT.NEW-AVERAGE,,,,,,,,,,,,,,,,,,,,,,,,,
118,RHNANSTRE01 [RES.HEAT.NEW-AVERAGE: .01.ELC.RESISTANCE.STANDALONE.NIGHT-STORAGE.],UK,2010,2.39674025697659,1,0.239674025697659,1,0,1,100000000.0,100,100000000.0,15.0,1.0,1,0.7,0.1,ELC,RES.SPACE-HEAT.NEW-AVERAGE,,,,,,,,,,,,,,,,,,,,,,,,,
119,RHNARAD01 [RES.HEAT.NEW-AVERAGE: .01.HTP.RADIATOR.],UK,2010,32.9474556872679,1,0.658949113745357,1,0,1,100000000.0,100,100000000.0,50.0,1.0,1,1.0,0.1,ELC,RES.SPACE-HEAT.NEW-AVERAGE,,,,,,,,,,,,,,,,,,,,,,,,,
120,RHNAREFCG01 [RES.HEAT.NEW-AVERAGE: .01.HDG.MICRO-CHP.REFORMER.],UK,2010,3.96212165788904,1,0.198106082894452,1,0,1,100000000.0,100,100000000.0,15.0,0.0604063612889421,1,0.81,0.1,HYDROGEN,RES.SPACE-HEAT.EXISTING-AVERAGE,,,,,,,,,,,,,,,,,,,,,,,,,
121,RHNASA01 [RES.HEAT.NEW-AVERAGE: .01.STANDALONE.DELIVERY.],UK,2010,0.000281025993785082,1,0.000281025993785082,1,0,1,100000000.0,100,100000000.0,50.0,1.0,1,1.0,0.1,ELC,RES.SPACE-HEAT.NEW-AVERAGE,,,,,,,,,,,,,,,,,,,,,,,,,
122,RHNASHTRE01 [RES.HEAT.NEW-AVERAGE: .01.ELC.RESISTANCE.STANDALONE.],UK,2010,2.09714772485452,1,0.209714772485452,1,0,1,100000000.0,100,100000000.0,15.0,1.0,1,0.9,0.1,ELC,RES.SPACE-HEAT.NEW-AVERAGE,,,,,,,,,,,,,,,,,,,,,,,,,
123,RHNASHTRG01 [RES.HEAT.NEW-AVERAGE: .01.NGA.HEATER.STANDALONE.],UK,2010,4.88684156179883,1,0.488684156179883,1,0,1,100000000.0,100,100000000.0,15.0,1.0,1,0.7,0.1,NGA,RES.SPACE-HEAT.NEW-AVERAGE,,,,,,,,,,,,,,,,,,,,,,,,,
124,RHNASTGNT01 [RES.HEAT.NEW-AVERAGE: .01.ELC.NIGHT-STORAGE.HEAT-SUPPLY.],UK,2010,0.001,1,0.001,1,0,1,100000000.0,100,100000000.0,15.0,1.0,1,1.0,0.1,ELC,RES.SPACE-HEAT.NEW-AVERAGE,,,,,,,,,,,,,,,,,,,,,,,,,
125,RHNAUND01 [RES.HEAT.NEW-AVERAGE: .01.HTP.UNDERFLOOR.],UK,2010,50.3384781365875,1,1.00676956273175,1,0,1,100000000.0,100,100000000.0,50.0,1.0,1,1.0,0.1,ELC,RES.SPACE-HEAT.NEW-AVERAGE,,,,,,,,,,,,,,,,,,,,,,,,,
126,RWEACSV01 [RES.WATER.EXISTING-AVERAGE: .01.CONSERVATION-MEASURES.],UK,2010,0.000593142810946307,1,0.000593142810946307,1,0,1,100000000.0,100,100000000.0,50.0,1.0,1,1.0,0.1,ELC,RES.HOT-WATER.EXISTING-AVERAGE,,,,,,,,,,,,,,,,,,,,,,,,,
127,RWEASA00 [RES.WATER.EXISTING-AVERAGE: .00.STANDALONE.DELIVERY.],UK,2010,0.000593142810946307,1,0.0,1,0,1,2.0,100,100000000.0,50.0,1.0,1,1.0,0.1,ELC,RES.HOT-WATER.EXISTING-AVERAGE,,,,,,,,,,,,,,,,,,,,,,,,,
128,RWEASOLRS00 [RES.WATER.EXISTING-AVERAGE: .00.SOL.WATER-HEATER.STANDALONE.],UK,2010,6.10855195224853,1,21.4916800914079,1,0,1,2.0,100,100000000.0,20.0,1.0,1,1.0,0.1,SOLAR,RES.HOT-WATER.EXISTING-AVERAGE,,,,,,,,,,,,,,,,,,,,,,,,,
129,RWEAWHTRE00 [RES.WATER.EXISTING-AVERAGE: .00.ELC.RESISTANCE.STANDALONE.],UK,2010,2.62143465606815,1,0.262143465606815,1,0,1,2.0,100,100000000.0,15.0,1.0,1,0.829474414370852,0.1,ELC,RES.HOT-WATER.EXISTING-AVERAGE,,,,,,,,,,,,,,,,,,,,,,,,,
130,RWEAWHTRE01 [RES.WATER.EXISTING-AVERAGE: .01.ELC.RESISTANCE.STANDALONE.],UK,2010,2.62143465606815,1,0.262143465606815,1,0,1,100000000.0,100,100000000.0,15.0,1.0,1,0.85,0.1,ELC,RES.HOT-WATER.EXISTING-AVERAGE,,,,,,,,,,,,,,,,,,,,,,,,,
131,RWEAWHTRG00 [RES.WATER.EXISTING-AVERAGE: .00.NGA.BOILER.STD.STANDALONE.],UK,2010,6.10855195224853,1,0.610855195224853,1,0,1,2.0,100,100000000.0,15.0,1.0,1,0.728829693612716,0.1,NGA,RES.HOT-WATER.EXISTING-AVERAGE,,,,,,,,,,,,,,,,,,,,,,,,,
132,RWEAWHTRG01 [RES.WATER.EXISTING-AVERAGE: .01.NGA.BOILER.STD.STANDALONE.],UK,2010,6.10855195224853,1,0.610855195224853,1,0,1,100000000.0,100,100000000.0,15.0,1.0,1,0.8,0.1,NGA,RES.HOT-WATER.EXISTING-AVERAGE,,,,,,,,,,,,,,,,,,,,,,,,,
133,RWNASA01 [RES.WATER.NEW-AVERAGE: .01.STANDALONE.DELIVERY.],UK,2010,0.000593142810946307,1,0.000593142810946307,1,0,1,100000000.0,100,100000000.0,50.0,1.0,1,1.0,0.1,ELC,RES.HOT-WATER.NEW-AVERAGE,,,,,,,,,,,,,,,,,,,,,,,,,
134,RWNAWHTRE01 [RES.WATER.NEW-AVERAGE: .01.ELC.RESISTANCE.STANDALONE.],UK,2010,2.09714772485452,1,0.209714772485452,1,0,1,100000000.0,100,100000000.0,15.0,1.0,1,0.85,0.1,ELC,RES.HOT-WATER.NEW-AVERAGE,,,,,,,,,,,,,,,,,,,,,,,,,
135,RWNAWHTRG01 [RES.WATER.NEW-AVERAGE: .01.NGA.BOILER.STD.STANDALONE.],UK,2010,4.88684156179883,1,0.488684156179883,1,0,1,100000000.0,100,100000000.0,15.0,1.0,1,0.8,0.1,NGA,RES.HOT-WATER.NEW-AVERAGE,,,,,,,,,,,,,,,,,,,,,,,,,
136,SCHCSV01 [SER.COOLTH.HIGH-CONSUMPTION: .01.CONSERVATION-MEASURES.],UK,2010,0.000219760900140647,1,0.000219760900140647,1,0,1,100000000.0,100,100000000.0,50.0,1.0,1,1.0,0.1,ELC,SER.COOLING.HIGH-CONSUMPTION,,,,,,,,,,,,,,,,,,,,,,,,,
137,SCHDAIR00 [SER.COOLTH.HIGH-CONSUMPTION: .00.AIR.DELIVERY.],UK,2010,0.000219760900140647,1,0.0,1,0,1,2.0,100,100000000.0,50.0,1.0,1,1.0,0.1,NGA,SER.COOLING.HIGH-CONSUMPTION,,,,,,,,,,,,,,,,,,,,,,,,,
138,SCHDAIR01 [SER.COOLTH.HIGH-CONSUMPTION: .01.AIR.DELIVERY.],UK,2010,0.000219760900140647,1,0.000219760900140647,1,0,1,100000000.0,100,100000000.0,50.0,1.0,1,1.0,0.1,NGA,SER.COOLING.HIGH-CONSUMPTION,,,,,,,,,,,,,,,,,,,,,,,,,
139,SCHP-ADM01 [SER.CHP: .01.ENERGY-TO-WASTE.ANAEROBIC-DIGESTION.MSWBIO.],UK,2010,3098.0,1,310.0,1,0,1,100000000.0,100,100000000.0,20.0,0.75,1,0.8,0.1,BIOMASS,SER.OTHER,,,,,,,,,,,,,,,,,,,,,,,,,
140,SCHP-CCG00 [SER.CHP: .00.COMBINED-CYCLE.NGA.],UK,2010,423.684210526316,1,16.8421052631579,1,0,1,2.0,100,100000000.0,25.0,0.326629417259473,1,0.545074179608265,0.1,NGA,SER.OTHER,,,,,,,,,,,,,,,,,,,,,,,,,
141,SCHP-CCG01 [SER.CHP: .01.COMBINED-CYCLE.NGA.],UK,2010,423.684210526316,1,16.8421052631579,1,0,1,100000000.0,100,100000000.0,25.0,0.326629417259473,1,0.8,0.1,NGA,SER.OTHER,,,,,,,,,,,,,,,,,,,,,,,,,
142,SCHP-FCH01 [SER.CHP: .01.FUEL-CELL.HYG.],UK,2010,6456.04931207143,1,531.651428571429,1,0,1,100000000.0,100,100000000.0,17.0,0.326629417259473,1,0.83,0.1,NGA,SER.OTHER,,,,,,,,,,,,,,,,,,,,,,,,,
143,SCHP-GES00 [SER.CHP: .00.GAS-ENGINE.BOG.],UK,2010,321.480421724848,1,23.487154098619,1,0,1,2.0,100,100000000.0,15.0,0.466916592248744,1,0.573374926668419,0.1,BOG,SER.OTHER,,,,,,,,,,,,,,,,,,,,,,,,,
144,SCHP-GES01 [SER.CHP: .01.GAS-ENGINE.BOG-SEWAGE.],UK,2010,321.480421724848,1,23.487154098619,1,0,1,100000000.0,100,100000000.0,15.0,0.466916592248744,1,0.8,0.1,BOG,SER.OTHER,,,,,,,,,,,,,,,,,,,,,,,,,
145,SCHP-STM01 [SER.CHP: .01.ENERGY-TO-WASTE.STEAM-TURBINE.MSW.],UK,2010,3281.25,1,193.875,1,0,1,100000000.0,100,100000000.0,20.0,0.75,1,0.8,0.1,BIOMASS,SER.OTHER,,,,,,,,,,,,,,,,,,,,,,,,,
146,SCHP-STW00 [SER.CHP: .00.STEAM-TURBINE.BIOMASS.],UK,2010,534.534534534534,1,24.024024024024,1,0,1,2.0,100,100000000.0,25.0,0.580756673601325,1,0.881345840663435,0.1,BIOMASS,SER.OTHER,,,,,,,,,,,,,,,,,,,,,,,,,
147,SCHP-STW01 [SER.CHP: .01.STEAM-TURBINE.BIOMASS.],UK,2010,534.534534534534,1,24.024024024024,1,0,1,100000000.0,100,100000000.0,25.0,0.326629417259473,1,0.8,0.1,BIOMASS,SER.OTHER,,,,,,,,,,,,,,,,,,,,,,,,,
148,SCKELC000 [SER.COOKING: .00.ELC.],UK,2010,117.017780168132,1,5.85088900840658,1,0,1,2.0,100,100000000.0,14.0,1.0,1,0.9,0.1,ELC,SER.COOKING,,,,,,,,,,,,,,,,,,,,,,,,,
149,SCKELC001 [SER.COOKING: .01.ELC.],UK,2010,117.017780168132,1,5.85088900840658,1,0,1,100000000.0,100,100000000.0,14.0,1.0,1,0.9,0.1,ELC,SER.COOKING,,,,,,,,,,,,,,,,,,,,,,,,,
150,SCKHYG001 [SER.COOKING: .01.HDG.],UK,2010,102.5,1,5.125,1,0,1,100000000.0,100,100000000.0,14.0,1.0,1,0.8,0.1,HYDROGEN,SER.COOKING,,,,,,,,,,,,,,,,,,,,,,,,,
151,SCKLFO001 [SER.COOKING: .01.OIL.],UK,2010,102.5,1,5.125,1,0,1,100000000.0,100,100000000.0,14.0,1.0,1,0.8,0.1,OIL,SER.COOKING,,,,,,,,,,,,,,,,,,,,,,,,,
152,SCKNGA000 [SER.COOKING: .00.NGA.],UK,2010,102.5,1,5.125,1,0,1,2.0,100,100000000.0,14.0,1.0,1,0.8,0.1,NGA,SER.COOKING,,,,,,,,,,,,,,,,,,,,,,,,,
153,SCKNGA001 [SER.COOKING: .01.NGA.],UK,2010,102.5,1,5.125,1,0,1,100000000.0,100,100000000.0,14.0,1.0,1,0.8,0.1,NGA,SER.COOKING,,,,,,,,,,,,,,,,,,,,,,,,,
154,SCKOTH000 [SER.COOKING: .00.OIL.HEAT.],UK,2010,102.5,1,5.125,1,0,1,2.0,100,100000000.0,14.0,1.0,1,0.8,0.1,OIL,SER.COOKING,,,,,,,,,,,,,,,,,,,,,,,,,
155,SCPECOMP00 [SER.COMPUTERS: .00.],UK,2010,1110.59896698245,1,0.0,1,0,1,2.0,100,100000000.0,5.0,1.0,1,0.6,0.1,ELC,SER.COMPUTING,,,,,,,,,,,,,,,,,,,,,,,,,
156,SCPECOMP01 [SER.COMPUTERS: .01.],UK,2010,1110.59896698245,1,0.0,1,0,1,100000000.0,100,100000000.0,5.0,1.0,1,0.6,0.1,ELC,SER.COMPUTING,,,,,,,,,,,,,,,,,,,,,,,,,
157,SCSELPDT01 [SER.LIGHTING: .01.CONSERVATION.PRESENCE-DETECTOR.],UK,2010,44.3573415278358,1,0.0,1,0,1,100000000.0,100,12.455424,10.0,1.0,1,1.0,0.1,ELC,SER.LIGHTING.OTHER,,,,,,,,,,,,,,,,,,,,,,,,,
158,SCSELTMR01 [SER.LIGHTING: .01.CONSERVATION.LIGHTING-TIMER.],UK,2010,1.19996988436966,1,0.000219760900140647,1,0,1,100000000.0,100,59.71968,10.0,1.0,1,1.0,0.1,ELC,SER.LIGHTING.OTHER,,,,,,,,,,,,,,,,,,,,,,,,,
159,SCSHACON01 [SER.HEAT.HIGH-CONSUMPTION: .01.CONSERVATION.EFFICIENT-AIR-CONDITIONING.],UK,2010,0.0,1,0.000214260703757405,1,0,1,100000000.0,100,28.3575726167069,10.0,1.0,1,1.0,0.1,ELC,SER.SPACE-HEAT.HIGH-CONSUMPTION,,,,,,,,,,,,,,,,,,,,,,,,,
160,SCSHCAVW01 [SER.HEAT.HIGH-CONSUMPTION: .01.CONSERVATION.CAVITY-WALL-INSULATION.],UK,2010,17.8738306516859,1,0.000214260703757405,1,0,1,100000000.0,100,8.73988781845774,200.0,1.0,1,1.0,0.1,ELC,SER.SPACE-HEAT.HIGH-CONSUMPTION,,,,,,,,,,,,,,,,,,,,,,,,,
161,SCSHPTHM01 [SER.HEAT.HIGH-CONSUMPTION: .01.CONSERVATION.PROGRAMMABLE-THERMOSTATS.],UK,2010,0.150956839593815,1,0.000214260703757405,1,0,1,100000000.0,100,191.313854419101,10.0,1.0,1,1.0,0.1,NGA,SER.SPACE-HEAT.HIGH-CONSUMPTION,,,,,,,,,,,,,,,,,,,,,,,,,
162,SCSHROFF01 [SER.HEAT.HIGH-CONSUMPTION: .01.CONSERVATION.FLAT-ROOF-INSULATION.],UK,2010,23.3867364020192,1,0.000214260703757405,1,0,1,100000000.0,100,58.9942427745897,200.0,1.0,1,1.0,0.1,ELC,SER.SPACE-HEAT.HIGH-CONSUMPTION,,,,,,,,,,,,,,,,,,,,,,,,,
163,SCSHROFP01 [SER.HEAT.HIGH-CONSUMPTION: .01.CONSERVATION.PITCHED-ROOF-INSULATION.],UK,2010,24.4629655701573,1,0.000214260703757405,1,0,1,100000000.0,100,39.548946514746,200.0,1.0,1,1.0,0.1,ELC,SER.SPACE-HEAT.HIGH-CONSUMPTION,,,,,,,,,,,,,,,,,,,,,,,,,
164,SCSLCAVW01 [SER.HEAT.LOW-CONSUMPTION: .01.CONSERVATION.CAVITY-WALL-INSULATION.],UK,2010,25.5275556305287,1,0.00033219650464707,1,0,1,100000000.0,100,2.90657666735965,200.0,1.0,1,1.0,0.1,WOOD,SER.SPACE-HEAT.LOW-CONSUMPTION,,,,,,,,,,,,,,,,,,,,,,,,,
165,SCSLPTHM01 [SER.HEAT.LOW-CONSUMPTION: .01.CONSERVATION.PROGRAMMABLE-THERMOSTATS.],UK,2010,0.215597831020986,1,0.00033219650464707,1,0,1,100000000.0,100,63.624201700031,10.0,1.0,1,1.0,0.1,ELC,SER.SPACE-HEAT.LOW-CONSUMPTION,,,,,,,,,,,,,,,,,,,,,,,,,
166,SCSLROFF01 [SER.HEAT.LOW-CONSUMPTION: .01.CONSERVATION.FLAT-ROOF-INSULATION.],UK,2010,33.4011341023163,1,0.00033219650464707,1,0,1,100000000.0,100,19.6193925046776,200.0,1.0,1,1.0,0.1,OIL,SER.SPACE-HEAT.LOW-CONSUMPTION,,,,,,,,,,,,,,,,,,,,,,,,,
167,SCSLROFP01 [SER.HEAT.LOW-CONSUMPTION: .01.CONSERVATION.PITCHED-ROOF-INSULATION.],UK,2010,34.9382136739107,1,0.00033219650464707,1,0,1,100000000.0,100,13.1525767316657,200.0,1.0,1,1.0,0.1,NGA,SER.SPACE-HEAT.LOW-CONSUMPTION,,,,,,,,,,,,,,,,,,,,,,,,,
168,SHHA-CAE00 [SER.HEAT.HIGH-CONSUMPTION: .00.ELC.AIR-CONDITIONER.HFC.AIR.],UK,2010,177.777777777778,1,5.33333333333333,1,0,1,2.0,100,100000000.0,20.0,1.0,1,3.0,0.1,ELC,SER.SPACE-HEAT.HIGH-CONSUMPTION,,,,,,,,,,,,,,,,,,,,,,,,,
169,SHHA-CAE01 [SER.HEAT.HIGH-CONSUMPTION: .01.ELC.AIR-CONDITIONER.HFC.AIR.],UK,2010,177.777777777778,1,5.33333333333333,1,0,1,100000000.0,100,100000000.0,20.0,1.0,1,3.0,0.1,ELC,SER.SPACE-HEAT.HIGH-CONSUMPTION,,,,,,,,,,,,,,,,,,,,,,,,,
170,SHHA-CAE02 [SER.HEAT.HIGH-CONSUMPTION.02.ELC.AIR-CONDITIONER.HFO-HC.AIR.],UK,2010,195.555555555556,1,5.86666666666667,1,0,1,100000000.0,100,100000000.0,20.0,1.0,1,3.0,0.1,ELC,SER.SPACE-HEAT.HIGH-CONSUMPTION,,,,,,,,,,,,,,,,,,,,,,,,,
171,SHHBLRRC00 [SER.HEAT.HIGH-CONSUMPTION: .00.HCO.BOILER.STD.RADIATOR.],UK,2010,19.5,1,0.975,1,0,1,2.0,100,100000000.0,20.0,1.0,1,0.8,0.1,HCO,SER.SPACE-HEAT.HIGH-CONSUMPTION,,,,,,,,,,,,,,,,,,,,,,,,,
172,SHHBLRRC01 [SER.HEAT.HIGH-CONSUMPTION: .01.HCO.BOILER.STD.RADIATOR.],UK,2010,19.5,1,0.975,1,0,1,100000000.0,100,100000000.0,20.0,1.0,1,0.8,0.1,HCO,SER.SPACE-HEAT.HIGH-CONSUMPTION,,,,,,,,,,,,,,,,,,,,,,,,,
173,SHHBLRRE00 [SER.HEAT.HIGH-CONSUMPTION: .00.ELC.BOILER.STD.RADIATOR.],UK,2010,4.66133942161339,1,0.23306697108067,1,0,1,2.0,100,100000000.0,20.0,1.0,1,1.0,0.1,ELC,SER.SPACE-HEAT.HIGH-CONSUMPTION,,,,,,,,,,,,,,,,,,,,,,,,,
174,SHHBLRRE01 [SER.HEAT.HIGH-CONSUMPTION: .01.ELC.BOILER.STD.RADIATOR.],UK,2010,4.66133942161339,1,0.23306697108067,1,0,1,100000000.0,100,100000000.0,20.0,1.0,1,1.0,0.1,ELC,SER.SPACE-HEAT.HIGH-CONSUMPTION,,,,,,,,,,,,,,,,,,,,,,,,,
175,SHHBLRRG00 [SER.HEAT.HIGH-CONSUMPTION: .00.NGA.BOILER.STD.RADIATOR.],UK,2010,2.94901065449011,1,0.147450532724505,1,0,1,2.0,100,100000000.0,20.0,1.0,1,0.86,0.1,NGA,SER.SPACE-HEAT.HIGH-CONSUMPTION,,,,,,,,,,,,,,,,,,,,,,,,,
176,SHHBLRRG01 [SER.HEAT.HIGH-CONSUMPTION: .01.NGA.BOILER.STD.RADIATOR.],UK,2010,2.94901065449011,1,0.147450532724505,1,0,1,100000000.0,100,100000000.0,20.0,1.0,1,0.86,0.1,NGA,SER.SPACE-HEAT.HIGH-CONSUMPTION,,,,,,,,,,,,,,,,,,,,,,,,,
177,SHHBLRRO00 [SER.HEAT.HIGH-CONSUMPTION: .00.LFO.BOILER.STD.RADIATOR.],UK,2010,3.53881278538813,1,0.176940639269406,1,0,1,2.0,100,100000000.0,20.0,1.0,1,0.86,0.1,LFO,SER.SPACE-HEAT.HIGH-CONSUMPTION,,,,,,,,,,,,,,,,,,,,,,,,,
178,SHHBLRRO01 [SER.HEAT.HIGH-CONSUMPTION: .01.LFO.BOILER.STD.RADIATOR.],UK,2010,3.53881278538813,1,0.176940639269406,1,0,1,100000000.0,100,100000000.0,20.0,1.0,1,0.86,0.1,LFO,SER.SPACE-HEAT.HIGH-CONSUMPTION,,,,,,,,,,,,,,,,,,,,,,,,,
179,SHHBLRRW00 [SER.HEAT.HIGH-CONSUMPTION: .00.WOD.BOILER.STD.RADIATOR.],UK,2010,19.5015220700152,1,0.975076103500761,1,0,1,2.0,100,100000000.0,20.0,1.0,1,0.8,0.1,WOOD,SER.SPACE-HEAT.HIGH-CONSUMPTION,,,,,,,,,,,,,,,,,,,,,,,,,
180,SHHBLRRW01 [SER.HEAT.HIGH-CONSUMPTION: .01.WOD.BOILER.STD.RADIATOR.],UK,2010,19.5015220700152,1,0.975076103500761,1,0,1,100000000.0,100,100000000.0,20.0,1.0,1,0.8,0.1,WOOD,SER.SPACE-HEAT.HIGH-CONSUMPTION,,,,,,,,,,,,,,,,,,,,,,,,,
181,SHHCSV01 [SER.HEAT.HIGH-CONSUMPTION: .01.CONSERVATION-MEASURES.],UK,2010,0.000214260703757405,1,0.000214260703757405,1,0,1,100000000.0,100,100000000.0,50.0,1.0,1,1.0,0.1,HCO,SER.SPACE-HEAT.HIGH-CONSUMPTION,,,,,,,,,,,,,,,,,,,,,,,,,
182,SHHDAIR00 [SER.HEAT.HIGH-CONSUMPTION: .00.AIR.DELIVERY.],UK,2010,19.8952532271692,1,0.397905064543385,1,0,1,2.0,100,100000000.0,50.0,1.0,1,1.0,0.1,ELC,SER.SPACE-HEAT.HIGH-CONSUMPTION,,,,,,,,,,,,,,,,,,,,,,,,,
183,SHHDAIR01 [SER.HEAT.HIGH-CONSUMPTION: .01.AIR.DELIVERY.],UK,2010,19.8952532271692,1,0.397905064543385,1,0,1,100000000.0,100,100000000.0,50.0,1.0,1,1.0,0.1,ELC,SER.SPACE-HEAT.HIGH-CONSUMPTION,,,,,,,,,,,,,,,,,,,,,,,,,
184,SHHDRAD00 [SER.HEAT.HIGH-CONSUMPTION: .00.HTP.RADIATOR.],UK,2010,19.8952532271692,1,0.397905064543385,1,0,1,2.0,100,100000000.0,50.0,1.0,1,1.0,0.1,HCO,SER.SPACE-HEAT.HIGH-CONSUMPTION,,,,,,,,,,,,,,,,,,,,,,,,,
185,SHHDRAD01 [SER.HEAT.HIGH-CONSUMPTION: .01.HTP.RADIATOR.],UK,2010,19.8952532271692,1,0.397905064543385,1,0,1,100000000.0,100,100000000.0,50.0,1.0,1,1.0,0.1,HCO,SER.SPACE-HEAT.HIGH-CONSUMPTION,,,,,,,,,,,,,,,,,,,,,,,,,
186,SHHFCLRH01 [SER.HEAT.HIGH-CONSUMPTION: .01.HDG.FUEL-CELL.STD.RADIATOR.],UK,2010,3592.515,1,179.62575,1,0,1,100000000.0,100,100000000.0,15.0,1.0,1,0.9,0.1,HYDROGEN,SER.SPACE-HEAT.HIGH-CONSUMPTION,,,,,,,,,,,,,,,,,,,,,,,,,
187,SHHVACAE00 [SER.HEAT.HIGH-CONSUMPTION: .00.ELC.HVAC.HFC.AIR.],UK,2010,177.777777777778,1,5.33333333333333,1,0,1,2.0,100,100000000.0,20.0,1.0,1,2.5,0.1,ELC,SER.SPACE-HEAT.HIGH-CONSUMPTION,,,,,,,,,,,,,,,,,,,,,,,,,
188,SHHVACAE01 [SER.HEAT.HIGH-CONSUMPTION: .01.ELC.HVAC.HFC.AIR.],UK,2010,177.777777777778,1,5.33333333333333,1,0,1,100000000.0,100,100000000.0,20.0,1.0,1,2.5,0.1,ELC,SER.SPACE-HEAT.HIGH-CONSUMPTION,,,,,,,,,,,,,,,,,,,,,,,,,
189,SHHVACAE02 [SER.HEAT.HIGH-CONSUMPTION.02.ELC.HVAC.HFO-HC.AIR.],UK,2010,195.555555555556,1,5.86666666666667,1,0,1,100000000.0,100,100000000.0,20.0,1.0,1,2.5,0.1,ELC,SER.SPACE-HEAT.HIGH-CONSUMPTION,,,,,,,,,,,,,,,,,,,,,,,,,
190,SHLAHBRE01 [SER.HEAT.LOW-CONSUMPTION: .01.ELC.HEAT PUMP.AIR.NGA.BOILER.RADIATOR.],UK,2010,8.86947882379918,1,0.532168729427951,1,0,1,100000000.0,100,100000000.0,19.0,1.0,1,0.9,0.1,ELC,SER.SPACE-HEAT.LOW-CONSUMPTION,,,,,,,,,,,,,,,,,,,,,,,,,
191,SHLAHHRE01 [SER.HEAT.LOW-CONSUMPTION: .01.ELC.HEAT PUMP.AIR.HYG.BOILER.RADIATOR.],UK,2010,8.86947882379918,1,0.532168729427951,1,0,1,100000000.0,100,100000000.0,19.0,1.0,1,2.24422747030372,0.1,ELC,SER.SPACE-HEAT.LOW-CONSUMPTION,,,,,,,,,,,,,,,,,,,,,,,,,
192,SHLAHHUE01 [SER.HEAT.LOW-CONSUMPTION: .01.ELC.HEAT PUMP.AIR.HYG.BOILER.UNDERFLOOR.],UK,2010,8.86947882379918,1,0.532168729427951,1,0,1,100000000.0,100,100000000.0,19.0,1.0,1,2.65306867575931,0.1,ELC,SER.SPACE-HEAT.LOW-CONSUMPTION,,,,,,,,,,,,,,,,,,,,,,,,,
193,SHLAHPRE00 [SER.HEAT.LOW-CONSUMPTION: .00.ELC.HEAT PUMP.AIR.RADIATOR.],UK,2010,29.0116584616099,1,2.90116584616099,1,0,1,2.0,100,100000000.0,20.0,1.0,1,2.5,0.1,ELC,SER.SPACE-HEAT.LOW-CONSUMPTION,,,,,,,,,,,,,,,,,,,,,,,,,
194,SHLAHPRE01 [SER.HEAT.LOW-CONSUMPTION: .01.ELC.HEAT PUMP.AIR.RADIATOR.],UK,2010,29.0116584616099,1,1.45058292308049,1,0,1,100000000.0,100,100000000.0,20.0,1.0,1,2.24422747030372,0.1,ELC,SER.SPACE-HEAT.LOW-CONSUMPTION,,,,,,,,,,,,,,,,,,,,,,,,,
195,SHLAHPUE01 [SER.HEAT.LOW-CONSUMPTION: .01.ELC.HEAT PUMP.AIR.UNDERFLOOR.],UK,2010,29.0116584616099,1,1.45058292308049,1,0,1,100000000.0,100,100000000.0,20.0,1.0,1,2.65306867575931,0.1,ELC,SER.SPACE-HEAT.LOW-CONSUMPTION,,,,,,,,,,,,,,,,,,,,,,,,,
196,SHLAHSRE01 [SER.HEAT.LOW-CONSUMPTION: .01.ELC.HEAT PUMP.AIR.SOLAR-THERMAL.RADIATOR.],UK,2010,36.7861867993529,1,1.83930933996765,1,0,1,100000000.0,100,100000000.0,20.0,1.0,1,2.24422747030372,0.1,ELC,SER.SPACE-HEAT.LOW-CONSUMPTION,,,,,,,,,,,,,,,,,,,,,,,,,
197,SHLAHSUE01 [SER.HEAT.LOW-CONSUMPTION: .01.ELC.HEAT PUMP.AIR.SOLAR-THERMAL.UNDERFLOOR.],UK,2010,36.7861867993529,1,1.83930933996765,1,0,1,100000000.0,100,100000000.0,20.0,1.0,1,2.65306867575931,0.1,ELC,SER.SPACE-HEAT.LOW-CONSUMPTION,,,,,,,,,,,,,,,,,,,,,,,,,
198,SHLBLCRG00 [SER.HEAT.LOW-CONSUMPTION: .00.NGA.BOILER.CON.RADIATOR.],UK,2010,2.14606788620128,1,0.214606788620128,1,0,1,2.0,100,100000000.0,15.0,1.0,1,0.86,0.1,NGA,SER.SPACE-HEAT.LOW-CONSUMPTION,,,,,,,,,,,,,,,,,,,,,,,,,
199,SHLBLCRG01 [SER.HEAT.LOW-CONSUMPTION: .01.NGA.BOILER.CON.RADIATOR.],UK,2010,2.14606788620128,1,0.214606788620128,1,0,1,100000000.0,100,100000000.0,15.0,1.0,1,0.9,0.1,NGA,SER.SPACE-HEAT.LOW-CONSUMPTION,,,,,,,,,,,,,,,,,,,,,,,,,
200,SHLBLCRO00 [SER.HEAT.LOW-CONSUMPTION: .00.OIL.BOILER.CON.RADIATOR.],UK,2010,3.52379047981198,1,0.704758095962395,1,0,1,2.0,100,100000000.0,15.0,1.0,1,0.86,0.1,OIL,SER.SPACE-HEAT.LOW-CONSUMPTION,,,,,,,,,,,,,,,,,,,,,,,,,
201,SHLBLCRO01 [SER.HEAT.LOW-CONSUMPTION: .01.OIL.BOILER.CON.RADIATOR.],UK,2010,3.52379047981198,1,0.352379047981198,1,0,1,100000000.0,100,100000000.0,15.0,1.0,1,0.9,0.1,OIL,SER.SPACE-HEAT.LOW-CONSUMPTION,,,,,,,,,,,,,,,,,,,,,,,,,
202,SHLBLCRP01 [SER.HEAT.LOW-CONSUMPTION: .01.PELH.BOILER.CON.RADIATOR.],UK,2010,12.0881910256708,1,1.20881910256708,1,0,1,100000000.0,100,100000000.0,15.0,1.0,1,0.85,0.1,PELLETS,SER.SPACE-HEAT.LOW-CONSUMPTION,,,,,,,,,,,,,,,,,,,,,,,,,
203,SHLBLRRC00 [SER.HEAT.LOW-CONSUMPTION: .00.HCO.BOILER.STD.RADIATOR.],UK,2010,19.5,1,0.662366631543604,1,0,1,2.0,100,100000000.0,15.0,1.0,1,0.6,0.1,HCO,SER.SPACE-HEAT.LOW-CONSUMPTION,,,,,,,,,,,,,,,,,,,,,,,,,
204,SHLBLRRE00 [SER.HEAT.LOW-CONSUMPTION: .00.ELC.BOILER.STD.RADIATOR.],UK,2010,4.50409309449651,1,0.450409309449651,1,0,1,2.0,100,100000000.0,15.0,1.0,1,0.95,0.1,ELC,SER.SPACE-HEAT.LOW-CONSUMPTION,,,,,,,,,,,,,,,,,,,,,,,,,
205,SHLBLRRE01 [SER.HEAT.LOW-CONSUMPTION: .01.ELC.BOILER.CON.RADIATOR.],UK,2010,4.50409309449651,1,0.450409309449651,1,0,1,100000000.0,100,100000000.0,15.0,1.0,1,0.95,0.1,ELC,SER.SPACE-HEAT.LOW-CONSUMPTION,,,,,,,,,,,,,,,,,,,,,,,,,
206,SHLBLRRG00 [SER.HEAT.LOW-CONSUMPTION: .00.NGA.BOILER.STD.RADIATOR.],UK,2010,2.14606788620128,1,0.214606788620128,1,0,1,2.0,100,100000000.0,15.0,1.0,1,0.67,0.1,NGA,SER.SPACE-HEAT.LOW-CONSUMPTION,,,,,,,,,,,,,,,,,,,,,,,,,
207,SHLBLRRO00 [SER.HEAT.LOW-CONSUMPTION: .00.OIL.BOILER.STD.RADIATOR.],UK,2010,3.52379047981198,1,0.352379047981198,1,0,1,2.0,100,100000000.0,15.0,1.0,1,0.67,0.1,OIL,SER.SPACE-HEAT.LOW-CONSUMPTION,,,,,,,,,,,,,,,,,,,,,,,,,
208,SHLBLRRW00 [SER.HEAT.LOW-CONSUMPTION: .00.WOD.BOILER.STD.RADIATOR.],UK,2010,10.2401881236641,1,1.02401881236641,1,0,1,2.0,100,100000000.0,15.0,1.0,1,0.7,0.1,WOOD,SER.SPACE-HEAT.LOW-CONSUMPTION,,,,,,,,,,,,,,,,,,,,,,,,,
209,SHLBLRRW01 [SER.HEAT.LOW-CONSUMPTION: .01.WOD.BOILER.CON.RADIATOR.],UK,2010,10.2401881236641,1,1.02401881236641,1,0,1,100000000.0,100,100000000.0,15.0,1.0,1,0.7,0.1,WOOD,SER.SPACE-HEAT.LOW-CONSUMPTION,,,,,,,,,,,,,,,,,,,,,,,,,
210,SHLBLSRE01 [SER.HEAT.LOW-CONSUMPTION: .01.ELC.BOILER.CON.SOLAR-THERMAL.RADIATOR.],UK,2010,15.6390132247701,1,1.56390132247701,1,0,1,100000000.0,100,100000000.0,19.0,1.0,1,0.95,0.1,ELC,SER.SPACE-HEAT.LOW-CONSUMPTION,,,,,,,,,,,,,,,,,,,,,,,,,
211,SHLBLSRG01 [SER.HEAT.LOW-CONSUMPTION: .01.NGA.BOILER.CON.SOLAR-THERMAL.RADIATOR.],UK,2010,8.54156372617424,1,0.854156372617424,1,0,1,100000000.0,100,100000000.0,19.0,1.0,1,0.9,0.1,NGA,SER.SPACE-HEAT.LOW-CONSUMPTION,,,,,,,,,,,,,,,,,,,,,,,,,
212,SHLBLSRH01 [SER.HEAT.LOW-CONSUMPTION: .01.HYG.BOILER.CON.SOLAR-THERMAL.RADIATOR.],UK,2010,8.54156372617424,1,0.854156372617424,1,0,1,100000000.0,100,100000000.0,19.0,1.0,1,0.9,0.1,SOLAR,SER.SPACE-HEAT.LOW-CONSUMPTION,,,,,,,,,,,,,,,,,,,,,,,,,
213,SHLBLSRO01 [SER.HEAT.LOW-CONSUMPTION: .01.OIL.BOILER.CON.SOLAR-THERMAL.RADIATOR.],UK,2010,9.7753451532883,1,0.97753451532883,1,0,1,100000000.0,100,100000000.0,19.0,1.0,1,0.9,0.1,OIL,SER.SPACE-HEAT.LOW-CONSUMPTION,,,,,,,,,,,,,,,,,,,,,,,,,
214,SHLBLSRP01 [SER.HEAT.LOW-CONSUMPTION: .01.PELH.BOILER.CON.SOLAR-THERMAL.RADIATOR.],UK,2010,17.5695220534223,1,1.75695220534223,1,0,1,100000000.0,100,100000000.0,19.0,1.0,1,0.85,0.1,SOLAR,SER.SPACE-HEAT.LOW-CONSUMPTION,,,,,,,,,,,,,,,,,,,,,,,,,
215,SHLBLSRW01 [SER.HEAT.LOW-CONSUMPTION: .01.WOD.BOILER.CON.SOLAR-THERMAL.RADIATOR.],UK,2010,20.6443567431374,1,2.06443567431374,1,0,1,100000000.0,100,100000000.0,19.0,1.0,1,1.0,0.1,SOLAR,SER.SPACE-HEAT.LOW-CONSUMPTION,,,,,,,,,,,,,,,,,,,,,,,,,
216,SHLCHBRH01 [SER.HEAT.LOW-CONSUMPTION: .01.HYG.MICRO-CHP-BOILER.STD.RADIATOR.],UK,2010,1.14456953930735,1,0.0572284769653674,1,0,1,100000000.0,100,100000000.0,15.0,1.0,1,0.88,0.1,NGA,SER.SPACE-HEAT.LOW-CONSUMPTION,,,,,,,,,,,,,,,,,,,,,,,,,
217,SHLCHPRG01 [SER.HEAT.LOW-CONSUMPTION: .01.GAS.MICRO-CHP.STD.RADIATOR.],UK,2010,245.452719332641,1,12.272635966632,1,0,1,100000000.0,100,100000000.0,15.0,1.0,1,0.8,0.1,NGA,SER.SPACE-HEAT.LOW-CONSUMPTION,,,,,,,,,,,,,,,,,,,,,,,,,
218,SHLCHPRH01 [SER.HEAT.LOW-CONSUMPTION: .01.HYG.MICRO-CHP.STD.RADIATOR.],UK,2010,3848.70808417727,1,300.0321672,1,0,1,100000000.0,100,100000000.0,15.0,1.0,1,0.88,0.1,NGA,SER.SPACE-HEAT.LOW-CONSUMPTION,,,,,,,,,,,,,,,,,,,,,,,,,
219,SHLCHPRW01 [SER.HEAT.LOW-CONSUMPTION: .01.WOD.MICRO-CHP.STD.RADIATOR.],UK,2010,562.953749315161,1,28.1476874657581,1,0,1,100000000.0,100,100000000.0,15.0,1.0,1,0.8,0.1,WOOD,SER.SPACE-HEAT.LOW-CONSUMPTION,,,,,,,,,,,,,,,,,,,,,,,,,
220,SHLCSV01 [SER.HEAT.LOW-CONSUMPTION: .01.CONSERVATION-MEASURES.],UK,2010,0.00033219650464707,1,0.00033219650464707,1,0,1,100000000.0,100,100000000.0,50.0,1.0,1,1.0,0.1,OIL,SER.SPACE-HEAT.LOW-CONSUMPTION,,,,,,,,,,,,,,,,,,,,,,,,,
221,SHLDRAD00 [SER.HEAT.LOW-CONSUMPTION: .00.HTP.RADIATOR.],UK,2010,30.8462236202543,1,0.616924472405086,1,0,1,2.0,100,100000000.0,50.0,1.0,1,1.0,0.1,HCO,SER.SPACE-HEAT.LOW-CONSUMPTION,,,,,,,,,,,,,,,,,,,,,,,,,
222,SHLDRAD01 [SER.HEAT.LOW-CONSUMPTION: .01.HTP.RADIATOR.],UK,2010,30.8462236202543,1,0.616924472405086,1,0,1,100000000.0,100,100000000.0,50.0,1.0,1,1.0,0.1,ELC,SER.SPACE-HEAT.LOW-CONSUMPTION,,,,,,,,,,,,,,,,,,,,,,,,,
223,SHLDSTD00 [SER.HEAT.LOW-CONSUMPTION: .00.STANDALONE.DELIVERY.],UK,2010,0.00030600894353262,1,0.00030600894353262,1,0,1,2.0,100,100000000.0,50.0,1.0,1,1.0,0.1,LFO,SER.SPACE-HEAT.LOW-CONSUMPTION,,,,,,,,,,,,,,,,,,,,,,,,,
224,SHLDSTD01 [SER.HEAT.LOW-CONSUMPTION: .01.STANDALONE.DELIVERY.],UK,2010,0.00030600894353262,1,0.00030600894353262,1,0,1,100000000.0,100,100000000.0,50.0,1.0,1,1.0,0.1,ELC,SER.SPACE-HEAT.LOW-CONSUMPTION,,,,,,,,,,,,,,,,,,,,,,,,,
225,SHLDUND01 [SER.HEAT.LOW-CONSUMPTION: .01.HTP.UNDERFLOOR.],UK,2010,70.3935102707097,1,1.40787020541419,1,0,1,100000000.0,100,100000000.0,50.0,1.0,1,1.0,0.1,ELC,SER.SPACE-HEAT.LOW-CONSUMPTION,,,,,,,,,,,,,,,,,,,,,,,,,
226,SHLGHBRE01 [SER.HEAT.LOW-CONSUMPTION: .01.ELC.HEAT PUMP.GROUND.NGA.BOILER.RADIATOR.],UK,2010,18.4449625513378,1,1.10669775308027,1,0,1,100000000.0,100,100000000.0,19.0,1.0,1,0.9,0.1,ELC,SER.SPACE-HEAT.LOW-CONSUMPTION,,,,,,,,,,,,,,,,,,,,,,,,,
227,SHLGHHRE01 [SER.HEAT.LOW-CONSUMPTION: .01.ELC.HEAT PUMP.GROUND.HYG.BOILER.RADIATOR.],UK,2010,18.4449625513378,1,1.10669775308027,1,0,1,100000000.0,100,100000000.0,19.0,1.0,1,2.4872278501386,0.1,ELC,SER.SPACE-HEAT.LOW-CONSUMPTION,,,,,,,,,,,,,,,,,,,,,,,,,
228,SHLGHHUE01 [SER.HEAT.LOW-CONSUMPTION: .01.ELC.HEAT PUMP.GROUND.HYG.BOILER.UNDERFLOOR.],UK,2010,18.4449625513378,1,1.10669775308027,1,0,1,100000000.0,100,100000000.0,19.0,1.0,1,3.01572875749925,0.1,ELC,SER.SPACE-HEAT.LOW-CONSUMPTION,,,,,,,,,,,,,,,,,,,,,,,,,
229,SHLGHPRE01 [SER.HEAT.LOW-CONSUMPTION: .01.ELC.HEAT PUMP.GROUND.RADIATOR.],UK,2010,61.5683031352411,1,3.07841515676206,1,0,1,100000000.0,100,100000000.0,20.0,1.0,1,2.4872278501386,0.1,ELC,SER.SPACE-HEAT.LOW-CONSUMPTION,,,,,,,,,,,,,,,,,,,,,,,,,
230,SHLGHPUE01 [SER.HEAT.LOW-CONSUMPTION: .01.ELC.HEAT PUMP.GROUND.UNDERFLOOR.],UK,2010,61.5683031352411,1,3.07841515676206,1,0,1,100000000.0,100,100000000.0,20.0,1.0,1,3.01572875749925,0.1,ELC,SER.SPACE-HEAT.LOW-CONSUMPTION,,,,,,,,,,,,,,,,,,,,,,,,,
231,SHLGHSRE01 [SER.HEAT.LOW-CONSUMPTION: .01.ELC.HEAT PUMP.GROUND.SOLAR-THERMAL.RADIATOR.],UK,2010,62.2210654506273,1,3.11105327253137,1,0,1,100000000.0,100,100000000.0,20.0,1.0,1,2.4872278501386,0.1,ELC,SER.SPACE-HEAT.LOW-CONSUMPTION,,,,,,,,,,,,,,,,,,,,,,,,,
232,SHLGHSUE01 [SER.HEAT.LOW-CONSUMPTION: .01.ELC.HEAT PUMP.GROUND.SOLAR-THERMAL.UNDERFLOOR.],UK,2010,62.2210654506273,1,3.11105327253137,1,0,1,100000000.0,100,100000000.0,20.0,1.0,1,3.01572875749925,0.1,ELC,SER.SPACE-HEAT.LOW-CONSUMPTION,,,,,,,,,,,,,,,,,,,,,,,,,
233,SHLNSTRE00 [SER.HEAT.LOW-CONSUMPTION: .00.ELC.RESISTANCE.STANDALONE.NIGHT-STORAGE.],UK,2010,16.944117689746,1,0.778756137528725,1,0,1,2.0,100,100000000.0,15.0,1.0,1,0.8,0.1,ELC,SER.SPACE-HEAT.LOW-CONSUMPTION,,,,,,,,,,,,,,,,,,,,,,,,,
234,SHLNSTRE01 [SER.HEAT.LOW-CONSUMPTION: .01.ELC.RESISTANCE.STANDALONE.NIGHT-STORAGE.],UK,2010,16.944117689746,1,1.6944117689746,1,0,1,100000000.0,100,100000000.0,15.0,1.0,1,0.9,0.1,ELC,SER.SPACE-HEAT.LOW-CONSUMPTION,,,,,,,,,,,,,,,,,,,,,,,,,
235,SHLREFCG01 [SER.HEAT.LOW-CONSUMPTION: .01.HYG.MICRO-CHP.REFORMER.],UK,2010,4.54373017541055,1,0.227186508770528,1,0,1,100000000.0,100,100000000.0,15.0,1.0,1,0.81,0.1,NGA,SER.SPACE-HEAT.LOW-CONSUMPTION,,,,,,,,,,,,,,,,,,,,,,,,,
236,SHLSHTRE00 [SER.HEAT.LOW-CONSUMPTION: .00.ELC.RESISTANCE.STANDALONE.],UK,2010,7.02451501574902,1,0.702451501574902,1,0,1,2.0,100,100000000.0,15.0,1.0,1,0.8,0.1,ELC,SER.SPACE-HEAT.LOW-CONSUMPTION,,,,,,,,,,,,,,,,,,,,,,,,,
237,SHLSHTRE01 [SER.HEAT.LOW-CONSUMPTION: .01.ELC.RESISTANCE.STANDALONE.],UK,2010,7.02451501574902,1,0.702451501574902,1,0,1,100000000.0,100,100000000.0,15.0,1.0,1,0.9,0.1,ELC,SER.SPACE-HEAT.LOW-CONSUMPTION,,,,,,,,,,,,,,,,,,,,,,,,,
238,SHLSHTRG00 [SER.HEAT.LOW-CONSUMPTION: .00.NGA.RESISTANCE.STANDALONE.],UK,2010,7.02451501574902,1,0.686741723584409,1,0,1,2.0,100,100000000.0,15.0,1.0,1,0.67,0.1,NGA,SER.SPACE-HEAT.LOW-CONSUMPTION,,,,,,,,,,,,,,,,,,,,,,,,,
239,SHLSHTRO00 [SER.HEAT.LOW-CONSUMPTION: .00.LFO.RESISTANCE.STANDALONE.],UK,2010,7.02451501574902,1,0.686741723584409,1,0,1,2.0,100,100000000.0,15.0,1.0,1,0.67,0.1,LFO,SER.SPACE-HEAT.LOW-CONSUMPTION,,,,,,,,,,,,,,,,,,,,,,,,,
240,SHLSTGNT00 [SER.HEAT.LOW-CONSUMPTION: .00.ELC.NIGHT-STORAGE.HEAT-SUPPLY.],UK,2010,0.0001,1,0.0,1,0,1,2.0,100,100000000.0,15.0,1.0,1,1.0,0.1,ELC,SER.SPACE-HEAT.LOW-CONSUMPTION,,,,,,,,,,,,,,,,,,,,,,,,,
241,SHLSTGNT01 [SER.HEAT.LOW-CONSUMPTION: .01.ELC.NIGHT-STORAGE.HEAT-SUPPLY.],UK,2010,0.0001,1,0.0001,1,0,1,100000000.0,100,100000000.0,15.0,1.0,1,1.0,0.1,ELC,SER.SPACE-HEAT.LOW-CONSUMPTION,,,,,,,,,,,,,,,,,,,,,,,,,
242,SLOFEFLU00 [SER.LIGHTING: .00.OFFICE.FLUORESCENT.],UK,2010,0.520833333333333,1,0.0,1,0,1,2.0,100,100000000.0,1.0,1.0,1,2.22222222222222,0.1,ELC,SER.LIGHTING.OFFICE,,,,,,,,,,,,,,,,,,,,,,,,,
243,SLOFEFLU01 [SER.LIGHTING: .01.OFFICE.FLUORESCENT.],UK,2010,0.520833333333333,1,0.0,1,0,1,100000000.0,100,100000000.0,1.0,1.0,1,2.22222222222222,0.1,ELC,SER.LIGHTING.OFFICE,,,,,,,,,,,,,,,,,,,,,,,,,
244,SLOFELED00 [SER.LIGHTING: .00.OFFICE.LED.],UK,2010,4.16666666666667,1,0.0,1,0,1,2.0,100,100000000.0,21.0,1.0,1,1.63701985699875,0.1,ELC,SER.LIGHTING.OFFICE,,,,,,,,,,,,,,,,,,,,,,,,,
245,SLOFELED01 [SER.LIGHTING: .01.OFFICE.LED.],UK,2010,4.16666666666667,1,0.0,1,0,1,100000000.0,100,100000000.0,21.0,1.0,1,1.63701985699875,0.1,ELC,SER.LIGHTING.OFFICE,,,,,,,,,,,,,,,,,,,,,,,,,
246,SLOTECCL00 [SER.LIGHTING: .00.OTHER.CCL.],UK,2010,1.5625,1,0.0,1,0,1,2.0,100,100000000.0,7.0,1.0,1,1.63701985699875,0.1,ELC,SER.LIGHTING.OTHER,,,,,,,,,,,,,,,,,,,,,,,,,
247,SLOTECCL01 [SER.LIGHTING: .01.OTHER.CCL.],UK,2010,1.5625,1,0.0,1,0,1,100000000.0,100,100000000.0,7.0,1.0,1,1.63701985699875,0.1,ELC,SER.LIGHTING.OTHER,,,,,,,,,,,,,,,,,,,,,,,,,
248,SLOTELED00 [SER.LIGHTING: .00.OTHER.LED.],UK,2010,4.16666666666667,1,0.0,1,0,1,2.0,100,100000000.0,21.0,1.0,1,1.63701985699875,0.1,ELC,SER.LIGHTING.OTHER,,,,,,,,,,,,,,,,,,,,,,,,,
249,SLOTELED01 [SER.LIGHTING: .01.OTHER.LED.],UK,2010,4.16666666666667,1,0.0,1,0,1,100000000.0,100,100000000.0,21.0,1.0,1,1.63701985699875,0.1,ELC,SER.LIGHTING.OTHER,,,,,,,,,,,,,,,,,,,,,,,,,
250,SOTHELC00 [SER.OTHER: .00.ELC.],UK,2010,1.0,1,0.0,1,0,1,2.0,100,100000000.0,50.0,1.0,1,0.9,0.1,ELC,SER.OTHER,,,,,,,,,,,,,,,,,,,,,,,,,
251,SOTHELC01 [SER.OTHER: .01.ELC.],UK,2010,1.0,1,0.0,1,0,1,100000000.0,100,100000000.0,50.0,1.0,1,0.9,0.1,ELC,SER.OTHER,,,,,,,,,,,,,,,,,,,,,,,,,
252,SOTHNGA00 [SER.OTHER: .00.NGA.OIL.HEAT.],UK,2010,1.0,1,0.0,1,0,1,2.0,100,100000000.0,50.0,1.0,1,0.9,0.1,NGA,SER.OTHER,,,,,,,,,,,,,,,,,,,,,,,,,
253,SOTHNGA01 [SER.OTHER: .01.NGA.],UK,2010,1.0,1,0.0,1,0,1,100000000.0,100,100000000.0,50.0,1.0,1,0.9,0.1,NGA,SER.OTHER,,,,,,,,,,,,,,,,,,,,,,,,,
254,SREFEHFC00 [SER.REFRIGERATION: .00.HFC.],UK,2010,296.835518792402,1,14.8417759396201,1,0,1,2.0,100,100000000.0,15.0,1.0,1,0.9,0.1,ELC,SER.REFRIGERATION,,,,,,,,,,,,,,,,,,,,,,,,,
255,SREFEHFC01 [SER.REFRIGERATION: .01.HFC.],UK,2010,296.835518792402,1,14.8417759396201,1,0,1,100000000.0,100,100000000.0,15.0,1.0,1,0.9,0.1,ELC,SER.REFRIGERATION,,,,,,,,,,,,,,,,,,,,,,,,,
256,SREFEHFO00 [SER.REFRIGERATION: .00.HFO.],UK,2010,326.519070671643,1,16.3259535335821,1,0,1,2.0,100,100000000.0,15.0,1.0,1,0.9,0.1,ELC,SER.REFRIGERATION,,,,,,,,,,,,,,,,,,,,,,,,,
257,SREFEHFO01 [SER.REFRIGERATION: .01.HFO.],UK,2010,326.519070671643,1,16.3259535335821,1,0,1,100000000.0,100,100000000.0,15.0,1.0,1,0.9,0.1,ELC,SER.REFRIGERATION,,,,,,,,,,,,,,,,,,,,,,,,,
258,SWHBLRRC00 [SER.WATER.HIGH-CONSUMPTION: .00.HCO.BOILER.STD.PIPE.],UK,2010,29.25,1,1.4625,1,0,1,2.0,100,100000000.0,20.0,1.0,1,0.8,0.1,HCO,SER.HOT-WATER.HIGH-CONSUMPTION,,,,,,,,,,,,,,,,,,,,,,,,,
259,SWHBLRRC01 [SER.WATER.HIGH-CONSUMPTION: .01.HCO.BOILER.STD.PIPE.],UK,2010,29.25,1,1.4625,1,0,1,100000000.0,100,100000000.0,20.0,1.0,1,0.8,0.1,HCO,SER.HOT-WATER.HIGH-CONSUMPTION,,,,,,,,,,,,,,,,,,,,,,,,,
260,SWHBLRRG00 [SER.WATER.HIGH-CONSUMPTION: .00.NGA.BOILER.STD.PIPE.],UK,2010,4.42351598173516,1,0.221175799086758,1,0,1,2.0,100,100000000.0,20.0,1.0,1,0.86,0.1,NGA,SER.HOT-WATER.HIGH-CONSUMPTION,,,,,,,,,,,,,,,,,,,,,,,,,
261,SWHBLRRG01 [SER.WATER.HIGH-CONSUMPTION: .01.NGA.BOILER.STD.PIPE.],UK,2010,4.42351598173516,1,0.221175799086758,1,0,1,100000000.0,100,100000000.0,20.0,1.0,1,0.86,0.1,NGA,SER.HOT-WATER.HIGH-CONSUMPTION,,,,,,,,,,,,,,,,,,,,,,,,,
262,SWHBLRRO00 [SER.WATER.HIGH-CONSUMPTION: .00.LFO.BOILER.STD.PIPE.],UK,2010,5.30821917808219,1,0.26541095890411,1,0,1,2.0,100,100000000.0,20.0,1.0,1,0.86,0.1,LFO,SER.HOT-WATER.HIGH-CONSUMPTION,,,,,,,,,,,,,,,,,,,,,,,,,
263,SWHBLRRO01 [SER.WATER.HIGH-CONSUMPTION: .01.LFO.BOILER.STD.PIPE.],UK,2010,5.30821917808219,1,0.26541095890411,1,0,1,100000000.0,100,100000000.0,20.0,1.0,1,0.86,0.1,LFO,SER.HOT-WATER.HIGH-CONSUMPTION,,,,,,,,,,,,,,,,,,,,,,,,,
264,SWHBLRRW00 [SER.WATER.HIGH-CONSUMPTION: .00.WOD.BOILER.STD.PIPE.],UK,2010,29.2522831050228,1,1.46261415525114,1,0,1,2.0,100,100000000.0,20.0,1.0,1,0.8,0.1,WOOD,SER.HOT-WATER.HIGH-CONSUMPTION,,,,,,,,,,,,,,,,,,,,,,,,,
265,SWHBLRRW01 [SER.WATER.HIGH-CONSUMPTION: .01.WOD.BOILER.STD.PIPE.],UK,2010,29.2522831050228,1,1.46261415525114,1,0,1,100000000.0,100,100000000.0,20.0,1.0,1,0.8,0.1,WOOD,SER.HOT-WATER.HIGH-CONSUMPTION,,,,,,,,,,,,,,,,,,,,,,,,,
266,SWHDPIP00 [SER.WATER.HIGH-CONSUMPTION: .00.PIPE.DELIVERY.],UK,2010,48.8002364061346,1,0.976004728122691,1,0,1,2.0,100,100000000.0,50.0,1.0,1,1.0,0.1,WOOD,SER.HOT-WATER.HIGH-CONSUMPTION,,,,,,,,,,,,,,,,,,,,,,,,,
267,SWHDPIP01 [SER.WATER.HIGH-CONSUMPTION: .01.PIPE.DELIVERY.],UK,2010,48.8002364061346,1,0.976004728122691,1,0,1,100000000.0,100,100000000.0,50.0,1.0,1,1.0,0.1,WOOD,SER.HOT-WATER.HIGH-CONSUMPTION,,,,,,,,,,,,,,,,,,,,,,,,,
268,SWHDSTD00 [SER.WATER.HIGH-CONSUMPTION: .00.STANDALONE.DELIVERY.],UK,2010,0.000525551139084136,1,0.0,1,0,1,2.0,100,100000000.0,50.0,1.0,1,1.0,0.1,ELC,SER.HOT-WATER.HIGH-CONSUMPTION,,,,,,,,,,,,,,,,,,,,,,,,,
269,SWHDSTD01 [SER.WATER.HIGH-CONSUMPTION: .01.STANDALONE.DELIVERY.],UK,2010,0.000525551139084136,1,0.000525551139084136,1,0,1,100000000.0,100,100000000.0,50.0,1.0,1,1.0,0.1,ELC,SER.HOT-WATER.HIGH-CONSUMPTION,,,,,,,,,,,,,,,,,,,,,,,,,
270,SWHWHTRE00 [SER.WATER.HIGH-CONSUMPTION: .00.ELC.RESISTANCE.STANDALONE.],UK,2010,6.99200913242009,1,0.349600456621005,1,0,1,2.0,100,100000000.0,20.0,1.0,1,1.0,0.1,ELC,SER.HOT-WATER.HIGH-CONSUMPTION,,,,,,,,,,,,,,,,,,,,,,,,,
271,SWHWHTRE01 [SER.WATER.HIGH-CONSUMPTION: .01.ELC.RESISTANCE.STANDALONE.],UK,2010,6.99200913242009,1,0.349600456621005,1,0,1,100000000.0,100,100000000.0,20.0,1.0,1,1.0,0.1,ELC,SER.HOT-WATER.HIGH-CONSUMPTION,,,,,,,,,,,,,,,,,,,,,,,,,
272,SWLDSTD00 [SER.WATER.LOW-CONSUMPTION: .00.STANDALONE.DELIVERY.],UK,2010,0.000604577645330003,1,0.000604577645330003,1,0,1,2.0,100,100000000.0,50.0,1.0,1,1.0,0.1,NGA,SER.HOT-WATER.LOW-CONSUMPTION,,,,,,,,,,,,,,,,,,,,,,,,,
273,SWLDSTD01 [SER.WATER.LOW-CONSUMPTION: .01.STANDALONE.DELIVERY.],UK,2010,0.000604577645330003,1,0.000604577645330003,1,0,1,100000000.0,100,100000000.0,50.0,1.0,1,1.0,0.1,NGA,SER.HOT-WATER.LOW-CONSUMPTION,,,,,,,,,,,,,,,,,,,,,,,,,
274,SWLWHTRE00 [SER.WATER.LOW-CONSUMPTION: .00.ELC.RESISTANCE.STANDALONE.],UK,2010,11.0641722133044,1,1.10641722133044,1,0,1,2.0,100,100000000.0,15.0,1.0,1,0.85,0.1,ELC,SER.HOT-WATER.LOW-CONSUMPTION,,,,,,,,,,,,,,,,,,,,,,,,,
275,SWLWHTRE01 [SER.WATER.LOW-CONSUMPTION: .01.ELC.RESISTANCE.STANDALONE.],UK,2010,11.0641722133044,1,1.10641722133044,1,0,1,100000000.0,100,100000000.0,15.0,1.0,1,0.85,0.1,ELC,SER.HOT-WATER.LOW-CONSUMPTION,,,,,,,,,,,,,,,,,,,,,,,,,
276,SWLWHTRG00 [SER.WATER.LOW-CONSUMPTION: .00.NGA.BOILER.STD.STANDALONE.],UK,2010,10.6826490335353,1,1.06826490335353,1,0,1,2.0,100,100000000.0,15.0,1.0,1,0.8,0.1,NGA,SER.HOT-WATER.LOW-CONSUMPTION,,,,,,,,,,,,,,,,,,,,,,,,,
277,SWLWHTRG01 [SER.WATER.LOW-CONSUMPTION: .01.NGA.BOILER.STD.STANDALONE.],UK,2010,10.6826490335353,1,1.06826490335353,1,0,1,100000000.0,100,100000000.0,15.0,1.0,1,0.8,0.1,NGA,SER.HOT-WATER.LOW-CONSUMPTION,,,,,,,,,,,,,,,,,,,,,,,,,
