ProcessName,RegionName,Time,cap_par,cap_exp,fix_par,fix_exp,var_par,var_exp,MaxCapacityAddition,MaxCapacityGrowth,TotalCapacityLimit,TechnicalLife,UtilizationFactor,ScalingSize,efficiency,InterestRate,Fuel,EndUse,s1,H20,J23,B6,J24,A2,H19,C7,A3,F15,F16,D12,A1,B4,D11,I21,I22,E14,G18,D10,E13,B5,C8,C9,G17
Unit,-,year,MGBP2020/PJ_a,-,MGBP2020/PJ_a,-,MGBP2020/PJ,-,PJ,%,PJ,years,-,PJ,%,-,-,-,new,new,new,new,new,new,new,new,new,new,new,new,new,new,new,new,new,new,new,new,new,new,new,new,new
RCEOTHER00 [RES.COOKING: .00.OTHER.KETTLE.MICROWAVE],UK,2010,61.177609885735,1,0.0,1,0,1,2.0,100,100000000.0,5.0,1.0,1,0.8,0.1,ELC,RES.COOKING.OTHER,0,0.03338326191168345,0.04813647565502685,0.03216179353120505,0.06774577664030618,0.030260551443329987,0.04418829269892097,0.03875772278578839,0.0373769324426389,0.0619824778167257,0.02392323175134321,0.041976026431744515,0.02912405477627617,0.026660798692543942,0.026362474089977193,0.04322935920475712,0.049750938210093944,0.04322935920475712,0.04767328745630479,0.04122190247510133,0.05390393070372049,0.05940700365493817,0.030961106276292456,0.035443825962229614,0.0531394161842944
RCEOTHER01 [RES.COOKING: .01.OTHER.KETTLE.MICROWAVE],UK,2010,61.177609885735,1,0.0,1,0,1,100000000.0,100,100000000.0,5.0,1.0,1,0.8,0.1,ELC,RES.COOKING.OTHER,0,0.03338326191168345,0.04813647565502685,0.03216179353120505,0.06774577664030618,0.030260551443329987,0.04418829269892097,0.03875772278578839,0.0373769324426389,0.0619824778167257,0.02392323175134321,0.041976026431744515,0.02912405477627617,0.026660798692543942,0.026362474089977193,0.04322935920475712,0.049750938210093944,0.04322935920475712,0.04767328745630479,0.04122190247510133,0.05390393070372049,0.05940700365493817,0.030961106276292456,0.035443825962229614,0.0531394161842944
RCHEHOB00 [RES.COOKING: .00.HOB.ELECTRIC.],UK,2010,164.642857142857,1,8.23214285714286,1,0,1,2.0,100,100000000.0,14.0,1.0,1,1.09656574908097,0.1,ELC,RES.COOKING.HOBS,0,0.03338326191168345,0.04813647565502685,0.03216179353120505,0.06774577664030618,0.030260551443329987,0.04418829269892097,0.03875772278578839,0.0373769324426389,0.0619824778167257,0.02392323175134321,0.041976026431744515,0.02912405477627617,0.026660798692543942,0.026362474089977193,0.04322935920475712,0.049750938210093944,0.04322935920475712,0.04767328745630479,0.04122190247510133,0.05390393070372049,0.05940700365493817,0.030961106276292456,0.035443825962229614,0.0531394161842944
RCHEHOB01 [RES.COOKING: .01.HOB.ELECTRIC.],UK,2010,164.642857142857,1,8.23214285714286,1,0,1,100000000.0,100,100000000.0,14.0,1.0,1,1.09656574908097,0.1,ELC,RES.COOKING.HOBS,0,0.03338326191168345,0.04813647565502685,0.03216179353120505,0.06774577664030618,0.030260551443329987,0.04418829269892097,0.03875772278578839,0.0373769324426389,0.0619824778167257,0.02392323175134321,0.041976026431744515,0.02912405477627617,0.026660798692543942,0.026362474089977193,0.04322935920475712,0.049750938210093944,0.04322935920475712,0.04767328745630479,0.04122190247510133,0.05390393070372049,0.05940700365493817,0.030961106276292456,0.035443825962229614,0.0531394161842944
RCHEOVEN00 [RES.COOKING: .00.OVEN.ELECTRIC.],UK,2010,164.642857142857,1,8.23214285714286,1,0,1,2.0,100,100000000.0,14.0,1.0,1,1.51803094504518,0.1,ELC,RES.COOKING.OVENS,0,0.03338326191168345,0.04813647565502685,0.03216179353120505,0.06774577664030618,0.030260551443329987,0.04418829269892097,0.03875772278578839,0.0373769324426389,0.0619824778167257,0.02392323175134321,0.041976026431744515,0.02912405477627617,0.026660798692543942,0.026362474089977193,0.04322935920475712,0.049750938210093944,0.04322935920475712,0.04767328745630479,0.04122190247510133,0.05390393070372049,0.05940700365493817,0.030961106276292456,0.035443825962229614,0.0531394161842944
RCHEOVEN01 [RES.COOKING: .01.OVEN.ELECTRIC.],UK,2010,164.642857142857,1,8.23214285714286,1,0,1,100000000.0,100,100000000.0,14.0,1.0,1,1.51803094504518,0.1,ELC,RES.COOKING.OVENS,0,0.03338326191168345,0.04813647565502685,0.03216179353120505,0.06774577664030618,0.030260551443329987,0.04418829269892097,0.03875772278578839,0.0373769324426389,0.0619824778167257,0.02392323175134321,0.041976026431744515,0.02912405477627617,0.026660798692543942,0.026362474089977193,0.04322935920475712,0.049750938210093944,0.04322935920475712,0.04767328745630479,0.04122190247510133,0.05390393070372049,0.05940700365493817,0.030961106276292456,0.035443825962229614,0.0531394161842944
RCHGHOB00 [RES.COOKING: .00.HOB.GAS.],UK,2010,175.714285714286,1,8.78571428571429,1,0,1,2.0,100,100000000.0,14.0,1.0,1,0.8,0.1,NGA,RES.COOKING.HOBS,0,0.03338326191168345,0.04813647565502685,0.03216179353120505,0.06774577664030618,0.030260551443329987,0.04418829269892097,0.03875772278578839,0.0373769324426389,0.0619824778167257,0.02392323175134321,0.041976026431744515,0.02912405477627617,0.026660798692543942,0.026362474089977193,0.04322935920475712,0.049750938210093944,0.04322935920475712,0.04767328745630479,0.04122190247510133,0.05390393070372049,0.05940700365493817,0.030961106276292456,0.035443825962229614,0.0531394161842944
RCHGHOB01 [RES.COOKING: .01.HOB.GAS.],UK,2010,175.714285714286,1,8.78571428571429,1,0,1,100000000.0,100,100000000.0,14.0,1.0,1,0.8,0.1,NGA,RES.COOKING.HOBS,0,0.03338326191168345,0.04813647565502685,0.03216179353120505,0.06774577664030618,0.030260551443329987,0.04418829269892097,0.03875772278578839,0.0373769324426389,0.0619824778167257,0.02392323175134321,0.041976026431744515,0.02912405477627617,0.026660798692543942,0.026362474089977193,0.04322935920475712,0.049750938210093944,0.04322935920475712,0.04767328745630479,0.04122190247510133,0.05390393070372049,0.05940700365493817,0.030961106276292456,0.035443825962229614,0.0531394161842944
RCHGOVEN00 [RES.COOKING: .00.OVEN.GAS.],UK,2010,175.714285714286,1,8.78571428571429,1,0,1,2.0,100,100000000.0,14.0,1.0,1,1.11553538908557,0.1,NGA,RES.COOKING.OVENS,0,0.03338326191168345,0.04813647565502685,0.03216179353120505,0.06774577664030618,0.030260551443329987,0.04418829269892097,0.03875772278578839,0.0373769324426389,0.0619824778167257,0.02392323175134321,0.041976026431744515,0.02912405477627617,0.026660798692543942,0.026362474089977193,0.04322935920475712,0.049750938210093944,0.04322935920475712,0.04767328745630479,0.04122190247510133,0.05390393070372049,0.05940700365493817,0.030961106276292456,0.035443825962229614,0.0531394161842944
RCHGOVEN01 [RES.COOKING: .01.OVEN.GAS.],UK,2010,175.714285714286,1,8.78571428571429,1,0,1,100000000.0,100,100000000.0,14.0,1.0,1,1.11553538908557,0.1,NGA,RES.COOKING.OVENS,0,0.03338326191168345,0.04813647565502685,0.03216179353120505,0.06774577664030618,0.030260551443329987,0.04418829269892097,0.03875772278578839,0.0373769324426389,0.0619824778167257,0.02392323175134321,0.041976026431744515,0.02912405477627617,0.026660798692543942,0.026362474089977193,0.04322935920475712,0.049750938210093944,0.04322935920475712,0.04767328745630479,0.04122190247510133,0.05390393070372049,0.05940700365493817,0.030961106276292456,0.035443825962229614,0.0531394161842944
RCHHHOB01 [RES.COOKING: .01.HOB.HYDROGEN.],UK,2010,175.714285714286,1,8.78571428571429,1,0,1,100000000.0,100,100000000.0,14.0,1.0,1,0.8,0.1,HYDROGEN,RES.COOKING.HOBS,0,0.03338326191168345,0.04813647565502685,0.03216179353120505,0.06774577664030618,0.030260551443329987,0.04418829269892097,0.03875772278578839,0.0373769324426389,0.0619824778167257,0.02392323175134321,0.041976026431744515,0.02912405477627617,0.026660798692543942,0.026362474089977193,0.04322935920475712,0.049750938210093944,0.04322935920475712,0.04767328745630479,0.04122190247510133,0.05390393070372049,0.05940700365493817,0.030961106276292456,0.035443825962229614,0.0531394161842944
RCHHOVEN01 [RES.COOKING: .01.OVEN.HYDROGEN.],UK,2010,175.714285714286,1,8.78571428571429,1,0,1,100000000.0,100,100000000.0,14.0,1.0,1,1.11553538908557,0.1,HYDROGEN,RES.COOKING.OVENS,0,0.03338326191168345,0.04813647565502685,0.03216179353120505,0.06774577664030618,0.030260551443329987,0.04418829269892097,0.03875772278578839,0.0373769324426389,0.0619824778167257,0.02392323175134321,0.041976026431744515,0.02912405477627617,0.026660798692543942,0.026362474089977193,0.04322935920475712,0.049750938210093944,0.04322935920475712,0.04767328745630479,0.04122190247510133,0.05390393070372049,0.05940700365493817,0.030961106276292456,0.035443825962229614,0.0531394161842944
RCHPEA-CCG00 [RES.CHP.EXISTING-AVERAGE: .00.COMBINED-CYCLE.NGA.],UK,2010,423.684210526316,1,16.8421052631579,1,0,1,2.0,100,100000000.0,25.0,0.383762178584872,1,0.545074179608265,0.1,NGA,RES.SPACE-HEAT.EXISTING-AVERAGE,0,0.058238820560393416,0.08144557161524574,0.05249324196267369,0.0,0.047201524174322454,0.0,0.06543076877038632,0.05297702766057196,0.0,0.0,0.08012388903851334,0.05452813438269943,0.0,0.04380006184476963,0.07711145025984778,0.09241803074283549,0.07284715364435268,0.0,0.06972997775583285,0.08340066433252537,0.0,0.0,0.06825368325502988,0.0
RCHPEA-CCG01 [RES.CHP.EXISTING-AVERAGE: .01.COMBINED-CYCLE.NGA.],UK,2010,423.684210526316,1,16.8421052631579,1,0,1,100000000.0,100,100000000.0,25.0,0.383762178584872,1,0.8,0.1,NGA,RES.SPACE-HEAT.EXISTING-AVERAGE,0,0.058238820560393416,0.08144557161524574,0.05249324196267369,0.0,0.047201524174322454,0.0,0.06543076877038632,0.05297702766057196,0.0,0.0,0.08012388903851334,0.05452813438269943,0.0,0.04380006184476963,0.07711145025984778,0.09241803074283549,0.07284715364435268,0.0,0.06972997775583285,0.08340066433252537,0.0,0.0,0.06825368325502988,0.0
RCHPEA-CCH01 [RES.CHP.EXISTING-AVERAGE: .01.COMBINED-CYCLE.HYG.],UK,2010,423.684210526316,1,16.8421052631579,1,0,1,100000000.0,100,100000000.0,25.0,0.383762178584872,1,0.8,0.1,ELC,RES.SPACE-HEAT.EXISTING-AVERAGE,0,0.0,0.0,0.0,0.0,0.0,0.0,0.0,0.0,0.24412129810250044,0.15311225394573505,0.0,0.0,0.17063309097357687,0.0,0.0,0.0,0.0,0.0,0.0,0.0,0.2339776556126973,0.19815570136549032,0.0,0.0
RCHPEA-FCH01 [RES.CHP.EXISTING-AVERAGE: .01.FUEL-CELL.HYG.],UK,2010,6456.04931207143,1,531.651428571429,1,0,1,100000000.0,100,100000000.0,17.0,0.383762178584872,1,0.83,0.1,ELC,RES.SPACE-HEAT.EXISTING-AVERAGE,0,0.0,0.0,0.0,0.0,0.0,0.0,0.0,0.0,0.24412129810250044,0.15311225394573505,0.0,0.0,0.17063309097357687,0.0,0.0,0.0,0.0,0.0,0.0,0.0,0.2339776556126973,0.19815570136549032,0.0,0.0
RCHPEA-STW01 [RES.CHP.EXISTING-AVERAGE: .01.STEAM-TURBINE.BIOMASS.],UK,2010,534.534534534534,1,24.024024024024,1,0,1,100000000.0,100,100000000.0,25.0,0.383762178584872,1,0.8,0.1,BIOMASS,RES.SPACE-HEAT.EXISTING-AVERAGE,0,0.0,0.0,0.0,0.0,0.0,0.0,0.0,0.0,0.0,0.0,0.0,0.0,0.0,0.0,0.0,0.0,0.0,0.2975494604316547,0.0,0.0,0.37078462230215825,0.0,0.0,0.33166591726618705
REAIRCON00 [RES.AIR-CONDITIONER: .00.],UK,2010,162.760416666667,1,8.13802083333333,1,0,1,2.0,100,100000000.0,15.0,1.0,1,0.555555555555556,0.1,ELC,RES.COOLING,0,0.034932330555734886,0.05037013110995561,0.03365418292165613,0.06916143978837223,0.031664718343394425,0.045111682180186435,0.04055618014568139,0.03911131760280975,0.06327770704019221,0.013920283242455412,0.043923821303297576,0.03047548532733855,0.015513199601448455,0.027585760241595286,0.0452353119191349,0.052059508852390135,0.0452353119191349,0.04866950182635154,0.043134704068344604,0.05640521080825789,0.060648413968349274,0.018015432586425385,0.03708851004278948,0.05424985460470352
REAIRCON01 [RES.AIR-CONDITIONER: .01.],UK,2010,162.760416666667,1,8.13802083333333,1,0,1,100000000.0,100,100000000.0,15.0,1.0,1,0.555555555555556,0.1,ELC,RES.COOLING,0,0.034932330555734886,0.05037013110995561,0.03365418292165613,0.06916143978837223,0.031664718343394425,0.045111682180186435,0.04055618014568139,0.03911131760280975,0.06327770704019221,0.013920283242455412,0.043923821303297576,0.03047548532733855,0.015513199601448455,0.027585760241595286,0.0452353119191349,0.052059508852390135,0.0452353119191349,0.04866950182635154,0.043134704068344604,0.05640521080825789,0.060648413968349274,0.018015432586425385,0.03708851004278948,0.05424985460470352
REAUDVIS00 [RES.CONSUMER-ELECTRONICS: .00.TV.DVD.SET-TOP-BOX.GAME-CONSOLE.],UK,2010,369.940960908303,1,0.0,1,0,1,2.0,100,100000000.0,6.0,1.0,1,0.6,0.1,ELC,RES.CONSUMER-ELECTRONICS.TV,0,0.036852718917243746,0.053139205260244564,0.03550430572109897,0.06370698655544103,0.03340547126796928,0.04155392569819875,0.04278573698028076,0.041261443802030146,0.058287277477216626,0.011951533339597701,0.04633851261881874,0.03215086072894762,0.013319163052305892,0.02910227437244638,0.04772210181138468,0.05492145574558375,0.04772210181138468,0.04483115603143757,0.04550601403685109,0.059506060612475986,0.05586534498288509,0.015467504463361677,0.039127433352479285,0.04997141136031604
REAUDVIS01 [RES.CONSUMER-ELECTRONICS: .01.TV.DVD.SET-TOP-BOX.GAME-CONSOLE.],UK,2010,369.940960908303,1,0.0,1,0,1,100000000.0,100,100000000.0,6.0,1.0,1,0.6,0.1,ELC,RES.CONSUMER-ELECTRONICS.TV,0,0.036852718917243746,0.053139205260244564,0.03550430572109897,0.06370698655544103,0.03340547126796928,0.04155392569819875,0.04278573698028076,0.041261443802030146,0.058287277477216626,0.011951533339597701,0.04633851261881874,0.03215086072894762,0.013319163052305892,0.02910227437244638,0.04772210181138468,0.05492145574558375,0.04772210181138468,0.04483115603143757,0.04550601403685109,0.059506060612475986,0.05586534498288509,0.015467504463361677,0.039127433352479285,0.04997141136031604
RECOLFRE00 [RES.FREEZERS: .00.],UK,2010,152.777777777778,1,6.94444444444444,1,0,1,2.0,100,100000000.0,15.0,1.0,1,0.858325268073987,0.1,ELC,RES.FREEZERS,0,0.017466165277867443,0.025185065554977806,0.016827091460828066,0.03458071989418612,0.015832359171697213,0.022555841090093218,0.020278090072840694,0.019555658801404877,0.03163885352009611,0.006960141621227706,0.021961910651648788,0.015237742663669274,0.007756599800724228,0.013792880120797643,0.02261765595956745,0.026029754426195068,0.02261765595956745,0.02433475091317577,0.021567352034172302,0.028202605404128944,0.030324206984174637,0.009007716293212693,0.01854425502139474,0.02712492730235176
RECOLFRE01 [RES.FREEZERS: .01.CLASS-A+.],UK,2010,152.777777777778,1,7.63888888888889,1,0,1,100000000.0,100,100000000.0,15.0,1.0,1,1.04190517484119,0.1,ELC,RES.FREEZERS,0,0.017466165277867443,0.025185065554977806,0.016827091460828066,0.03458071989418612,0.015832359171697213,0.022555841090093218,0.020278090072840694,0.019555658801404877,0.03163885352009611,0.006960141621227706,0.021961910651648788,0.015237742663669274,0.007756599800724228,0.013792880120797643,0.02261765595956745,0.026029754426195068,0.02261765595956745,0.02433475091317577,0.021567352034172302,0.028202605404128944,0.030324206984174637,0.009007716293212693,0.01854425502139474,0.02712492730235176
RECOLFRE02 [RES.FREEZERS: .01.CLASS-A+++.],UK,2010,180.555555555556,1,9.02777777777778,1,0,1,100000000.0,100,100000000.0,15.0,1.0,1,1.27343965813923,0.1,ELC,RES.FREEZERS,0,0.017466165277867443,0.025185065554977806,0.016827091460828066,0.03458071989418612,0.015832359171697213,0.022555841090093218,0.020278090072840694,0.019555658801404877,0.03163885352009611,0.006960141621227706,0.021961910651648788,0.015237742663669274,0.007756599800724228,0.013792880120797643,0.02261765595956745,0.026029754426195068,0.02261765595956745,0.02433475091317577,0.021567352034172302,0.028202605404128944,0.030324206984174637,0.009007716293212693,0.01854425502139474,0.02712492730235176
RECOLREF00 [RES.REFRIGERATORS: .00.],UK,2010,243.055555555556,1,11.4583333333333,1,0,1,2.0,100,100000000.0,15.0,1.0,1,0.763291334037606,0.1,ELC,RES.REFRIGERATORS,0,0.017466165277867443,0.025185065554977806,0.016827091460828066,0.03458071989418612,0.015832359171697213,0.022555841090093218,0.020278090072840694,0.019555658801404877,0.03163885352009611,0.006960141621227706,0.021961910651648788,0.015237742663669274,0.007756599800724228,0.013792880120797643,0.02261765595956745,0.026029754426195068,0.02261765595956745,0.02433475091317577,0.021567352034172302,0.028202605404128944,0.030324206984174637,0.009007716293212693,0.01854425502139474,0.02712492730235176
RECOLREF01 [RES.REFRIGERATORS: .01.CLASS-A+.],UK,2010,243.055555555556,1,12.1527777777778,1,0,1,100000000.0,100,100000000.0,15.0,1.0,1,0.926545239230526,0.1,ELC,RES.REFRIGERATORS,0,0.017466165277867443,0.025185065554977806,0.016827091460828066,0.03458071989418612,0.015832359171697213,0.022555841090093218,0.020278090072840694,0.019555658801404877,0.03163885352009611,0.006960141621227706,0.021961910651648788,0.015237742663669274,0.007756599800724228,0.013792880120797643,0.02261765595956745,0.026029754426195068,0.02261765595956745,0.02433475091317577,0.021567352034172302,0.028202605404128944,0.030324206984174637,0.009007716293212693,0.01854425502139474,0.02712492730235176
RECOLREF02 [RES.REFRIGERATORS: .01.CLASS-A+++.],UK,2010,270.833333333333,1,13.5416666666667,1,0,1,100000000.0,100,100000000.0,15.0,1.0,1,1.13244418128175,0.1,ELC,RES.REFRIGERATORS,0,0.017466165277867443,0.025185065554977806,0.016827091460828066,0.03458071989418612,0.015832359171697213,0.022555841090093218,0.020278090072840694,0.019555658801404877,0.03163885352009611,0.006960141621227706,0.021961910651648788,0.015237742663669274,0.007756599800724228,0.013792880120797643,0.02261765595956745,0.026029754426195068,0.02261765595956745,0.02433475091317577,0.021567352034172302,0.028202605404128944,0.030324206984174637,0.009007716293212693,0.01854425502139474,0.02712492730235176
RECOMPUT00 [RES.COMPUTERS: .00.],UK,2010,802.099253931767,1,0.0,1,0,1,2.0,100,100000000.0,5.0,1.0,1,0.6,0.1,ELC,RES.COMPUTERS,0,0.0377841626293834,0.054482286044023415,0.03640166861017275,0.0533739259065978,0.034249786615053554,0.034814017602509024,0.04386713631391029,0.04230431698784607,0.048833275556973636,0.022120298461046677,0.04750970751235228,0.03296346609283147,0.024651553369491676,0.029837827440703023,0.048928266592933645,0.05630958248680619,0.048928266592933645,0.03755969211079739,0.04665616772657874,0.06101006215212242,0.046804172431985334,0.02862777565482228,0.04011636993135616,0.041866215176769056
RECOMPUT01 [RES.COMPUTERS: .01.],UK,2010,802.099253931767,1,0.0,1,0,1,100000000.0,100,100000000.0,5.0,1.0,1,0.6,0.1,ELC,RES.COMPUTERS,0,0.0377841626293834,0.054482286044023415,0.03640166861017275,0.0533739259065978,0.034249786615053554,0.034814017602509024,0.04386713631391029,0.04230431698784607,0.048833275556973636,0.022120298461046677,0.04750970751235228,0.03296346609283147,0.024651553369491676,0.029837827440703023,0.048928266592933645,0.05630958248680619,0.048928266592933645,0.03755969211079739,0.04665616772657874,0.06101006215212242,0.046804172431985334,0.02862777565482228,0.04011636993135616,0.041866215176769056
RELITCON00 [RES.LIGHTING: .00.CONVENTIONAL.],UK,2010,0.260416666666667,1,0.0,1,0,1,2.0,100,100000000.0,1.0,1.0,1,10.7251815634471,0.1,ELC,RES.LIGHTING,0,0.03712972074502768,0.05353862374052353,0.03577117226087936,0.05770954402172696,0.033656562011639794,0.037641995548931835,0.043107334075280314,0.04157158361493873,0.052800052040615005,0.019207313424729665,0.04668681399438415,0.03239252124812787,0.02140523161602372,0.029321020327444706,0.04808080287377113,0.05533427043261523,0.04808080287377113,0.04061070398126047,0.04584805797373606,0.05995333527871953,0.0506061228115556,0.024857831851740706,0.03942153297046051,0.04526705028209634
RELITCON01 [RES.LIGHTING: .01.CONVENTIONAL.],UK,2010,0.260416666666667,1,0.0,1,0,1,100000000.0,100,100000000.0,1.0,1.0,1,10.7251815634471,0.1,ELC,RES.LIGHTING,0,0.03712972074502768,0.05353862374052353,0.03577117226087936,0.05770954402172696,0.033656562011639794,0.037641995548931835,0.043107334075280314,0.04157158361493873,0.052800052040615005,0.019207313424729665,0.04668681399438415,0.03239252124812787,0.02140523161602372,0.029321020327444706,0.04808080287377113,0.05533427043261523,0.04808080287377113,0.04061070398126047,0.04584805797373606,0.05995333527871953,0.0506061228115556,0.024857831851740706,0.03942153297046051,0.04526705028209634
RELITENS00 [RES.LIGHTING: .00.ENERGY-SAVING.],UK,2010,0.78125,1,0.0,1,0,1,2.0,100,100000000.0,7.0,1.0,1,25.249808575804,0.1,ELC,RES.LIGHTING,0,0.03712972074502768,0.05353862374052353,0.03577117226087936,0.05770954402172696,0.033656562011639794,0.037641995548931835,0.043107334075280314,0.04157158361493873,0.052800052040615005,0.019207313424729665,0.04668681399438415,0.03239252124812787,0.02140523161602372,0.029321020327444706,0.04808080287377113,0.05533427043261523,0.04808080287377113,0.04061070398126047,0.04584805797373606,0.05995333527871953,0.0506061228115556,0.024857831851740706,0.03942153297046051,0.04526705028209634
RELITENS01 [RES.LIGHTING: .01.ENERGY-SAVING.],UK,2010,0.78125,1,0.0,1,0,1,100000000.0,100,100000000.0,7.0,1.0,1,25.249808575804,0.1,ELC,RES.LIGHTING,0,0.03712972074502768,0.05353862374052353,0.03577117226087936,0.05770954402172696,0.033656562011639794,0.037641995548931835,0.043107334075280314,0.04157158361493873,0.052800052040615005,0.019207313424729665,0.04668681399438415,0.03239252124812787,0.02140523161602372,0.029321020327444706,0.04808080287377113,0.05533427043261523,0.04808080287377113,0.04061070398126047,0.04584805797373606,0.05995333527871953,0.0506061228115556,0.024857831851740706,0.03942153297046051,0.04526705028209634
RELITLED00 [RES.LIGHTING: .00.LED.],UK,2010,2.08333333333333,1,0.0,1,0,1,2.0,100,100000000.0,21.0,1.0,1,12.5850340136054,0.1,ELC,RES.LIGHTING,0,0.03712972074502768,0.05353862374052353,0.03577117226087936,0.05770954402172696,0.033656562011639794,0.037641995548931835,0.043107334075280314,0.04157158361493873,0.052800052040615005,0.019207313424729665,0.04668681399438415,0.03239252124812787,0.02140523161602372,0.029321020327444706,0.04808080287377113,0.05533427043261523,0.04808080287377113,0.04061070398126047,0.04584805797373606,0.05995333527871953,0.0506061228115556,0.024857831851740706,0.03942153297046051,0.04526705028209634
RELITLED01 [RES.LIGHTING: .01.LED.],UK,2010,2.08333333333333,1,0.0,1,0,1,100000000.0,100,100000000.0,21.0,1.0,1,12.5850340136054,0.1,ELC,RES.LIGHTING,0,0.03712972074502768,0.05353862374052353,0.03577117226087936,0.05770954402172696,0.033656562011639794,0.037641995548931835,0.043107334075280314,0.04157158361493873,0.052800052040615005,0.019207313424729665,0.04668681399438415,0.03239252124812787,0.02140523161602372,0.029321020327444706,0.04808080287377113,0.05533427043261523,0.04808080287377113,0.04061070398126047,0.04584805797373606,0.05995333527871953,0.0506061228115556,0.024857831851740706,0.03942153297046051,0.04526705028209634
REOTHER00 [RES.OTHER: .00.ALL.],UK,2010,0.0,1,0.0,1,0,1,2.0,100,100000000.0,50.0,1.0,1,0.7,0.1,ELC,RES.OTHER,0,0.02638003437155763,0.03803828055103378,0.02541480880594225,0.09898019552226074,0.023912414229897448,0.0645614541310293,0.03062702686026528,0.029535902307830514,0.09055970833174541,0.014689349354036116,0.0331701863940171,0.02301433479058575,0.016370270961841037,0.020832085685716206,0.03416059175699636,0.03931405695080367,0.03416059175699636,0.06965321747904404,0.03257426452307195,0.042595823873895954,0.08679680311848387,0.019010747009728927,0.02800832793442183,0.07763952329879843
REOTHER01 [RES.OTHER: .01.ALL.],UK,2010,0.0,1,0.0,1,0,1,100000000.0,100,100000000.0,50.0,1.0,1,0.7,0.1,ELC,RES.OTHER,0,0.02638003437155763,0.03803828055103378,0.02541480880594225,0.09898019552226074,0.023912414229897448,0.0645614541310293,0.03062702686026528,0.029535902307830514,0.09055970833174541,0.014689349354036116,0.0331701863940171,0.02301433479058575,0.016370270961841037,0.020832085685716206,0.03416059175699636,0.03931405695080367,0.03416059175699636,0.06965321747904404,0.03257426452307195,0.042595823873895954,0.08679680311848387,0.019010747009728927,0.02800832793442183,0.07763952329879843
REWETALL00 [RES.WET-APPLIANCES: .00.WASHING-MACHINE.DRIER.DISHWASHER.],UK,2010,947.079230225173,1,47.3539615112587,1,0,1,2.0,100,100000000.0,13.0,1.0,1,0.6,0.1,ELC,RES.WET.APPLIANCES,0,0.035895361906214285,0.051758759197888374,0.03458197768120168,0.0675973835773899,0.032537666583138565,0.04409150089249664,0.041674252496269784,0.040189557285385966,0.06184670891441907,0.0112382526010718,0.04513473441086824,0.03131564821725726,0.012524260658734406,0.028346257795489615,0.046482380833055094,0.0534947105213833,0.046482380833055094,0.04756886197776181,0.04432386241107784,0.057960216886426184,0.059276876174403983,0.014544386676439229,0.03811098399014861,0.05302301747842321
REWETALL01 [RES.WET-APPLIANCES: .01.WASHING-MACHINE.DRIER.DISHWASHER.],UK,2010,947.079230225173,1,47.3539615112587,1,0,1,100000000.0,100,100000000.0,13.0,1.0,1,0.6,0.1,ELC,RES.WET.APPLIANCES,0,0.035895361906214285,0.051758759197888374,0.03458197768120168,0.0675973835773899,0.032537666583138565,0.04409150089249664,0.041674252496269784,0.040189557285385966,0.06184670891441907,0.0112382526010718,0.04513473441086824,0.03131564821725726,0.012524260658734406,0.028346257795489615,0.046482380833055094,0.0534947105213833,0.046482380833055094,0.04756886197776181,0.04432386241107784,0.057960216886426184,0.059276876174403983,0.014544386676439229,0.03811098399014861,0.05302301747842321
RHEAAHBRE01 [RES.HEAT.EXISTING-AVERAGE: .01.ELC.HEAT PUMP.AIR.NGA.BOILER.RADIATOR.],UK,2010,10.5209266569536,1,0.631255599417215,1,0,1,100000000.0,100,100000000.0,20.0,1.0,1,0.84,0.1,ELC,RES.SPACE-HEAT.EXISTING-AVERAGE,0,0.0,0.0,0.0,0.0,0.0,0.0,0.0,0.0,0.24412129810250044,0.15311225394573505,0.0,0.0,0.17063309097357687,0.0,0.0,0.0,0.0,0.0,0.0,0.0,0.2339776556126973,0.19815570136549032,0.0,0.0
RHEAAHHRE01 [RES.HEAT.EXISTING-AVERAGE: .01.ELC.HEAT PUMP.AIR.HDG.BOILER.RADIATOR.],UK,2010,10.5209266569536,1,0.631255599417215,1,0,1,100000000.0,100,100000000.0,20.0,1.0,1,2.51,0.1,ELC,RES.SPACE-HEAT.EXISTING-AVERAGE,0,0.0,0.0,0.0,0.0,0.0,0.0,0.0,0.0,0.24412129810250044,0.15311225394573505,0.0,0.0,0.17063309097357687,0.0,0.0,0.0,0.0,0.0,0.0,0.0,0.2339776556126973,0.19815570136549032,0.0,0.0
RHEAAHPRE00 [RES.HEAT.EXISTING-AVERAGE: .00.ELC.HEAT PUMP.AIR.RADIATOR.],UK,2010,30.9743189793675,1,3.09743189793675,1,0,1,2.0,100,100000000.0,20.0,1.0,1,2.71942348008938,0.1,ELC,RES.SPACE-HEAT.EXISTING-AVERAGE,0,0.0,0.0,0.0,0.0,0.0,0.0,0.0,0.0,0.24412129810250044,0.15311225394573505,0.0,0.0,0.17063309097357687,0.0,0.0,0.0,0.0,0.0,0.0,0.0,0.2339776556126973,0.19815570136549032,0.0,0.0
RHEAAHPRE01 [RES.HEAT.EXISTING-AVERAGE: .01.ELC.HEAT PUMP.AIR.RADIATOR.],UK,2010,30.9743189793675,1,1.54871594896837,1,0,1,100000000.0,100,100000000.0,20.0,1.0,1,2.51,0.1,ELC,RES.SPACE-HEAT.EXISTING-AVERAGE,0,0.0,0.0,0.0,0.0,0.0,0.0,0.0,0.0,0.24412129810250044,0.15311225394573505,0.0,0.0,0.17063309097357687,0.0,0.0,0.0,0.0,0.0,0.0,0.0,0.2339776556126973,0.19815570136549032,0.0,0.0
RHEAAHSRE01 [RES.HEAT.EXISTING-AVERAGE: .01.ELC.HEAT PUMP.AIR.SOLAR-THERMAL.RADIATOR.],UK,2010,42.8639848528759,1,2.1431992426438,1,0,1,100000000.0,100,100000000.0,20.0,1.0,1,2.51,0.1,ELC,RES.SPACE-HEAT.EXISTING-AVERAGE,0,0.0,0.0,0.0,0.0,0.0,0.0,0.0,0.0,0.24412129810250044,0.15311225394573505,0.0,0.0,0.17063309097357687,0.0,0.0,0.0,0.0,0.0,0.0,0.0,0.2339776556126973,0.19815570136549032,0.0,0.0
RHEABLCRG00 [RES.HEAT.EXISTING-AVERAGE: .00.NGA.BOILER.CON.RADIATOR.],UK,2010,2.85090453604836,1,0.285090453604836,1,0,1,2.0,100,100000000.0,15.0,1.0,1,0.888379065708687,0.1,NGA,RES.SPACE-HEAT.EXISTING-AVERAGE,0,0.058238820560393416,0.08144557161524574,0.05249324196267369,0.0,0.047201524174322454,0.0,0.06543076877038632,0.05297702766057196,0.0,0.0,0.08012388903851334,0.05452813438269943,0.0,0.04380006184476963,0.07711145025984778,0.09241803074283549,0.07284715364435268,0.0,0.06972997775583285,0.08340066433252537,0.0,0.0,0.06825368325502988,0.0
RHEABLCRG01 [RES.HEAT.EXISTING-AVERAGE: .01.NGA.BOILER.CON.RADIATOR.],UK,2010,2.85090453604836,1,0.285090453604836,1,0,1,100000000.0,100,100000000.0,15.0,1.0,1,0.84,0.1,NGA,RES.SPACE-HEAT.EXISTING-AVERAGE,0,0.058238820560393416,0.08144557161524574,0.05249324196267369,0.0,0.047201524174322454,0.0,0.06543076877038632,0.05297702766057196,0.0,0.0,0.08012388903851334,0.05452813438269943,0.0,0.04380006184476963,0.07711145025984778,0.09241803074283549,0.07284715364435268,0.0,0.06972997775583285,0.08340066433252537,0.0,0.0,0.06825368325502988,0.0
RHEABLCRH01 [RES.HEAT.EXISTING-AVERAGE: .01.HDG.BOILER.CON.RADIATOR.],UK,2010,2.95143025037617,1,0.295143025037617,1,0,1,100000000.0,100,100000000.0,15.0,1.0,1,0.84,0.1,HYDROGEN,RES.SPACE-HEAT.EXISTING-AVERAGE,0,0,0,0,0,0,0,0,0,0,0,0,0,0,0,0,0,0,0,0,0,0,0,0,0
RHEABLCRO00 [RES.HEAT.EXISTING-AVERAGE: .00.OIL.BOILER.CON.RADIATOR.],UK,2010,23.6904861111111,1,0.469444512257088,1,0,1,2.0,100,100000000.0,15.0,1.0,1,0.63142550991176,0.1,OIL,RES.SPACE-HEAT.EXISTING-AVERAGE,0,0.0,0.0,0.0,0.4103976869783427,0.0,0.2676886149146255,0.0,0.0,0.0,0.0,0.0,0.0,0.0,0.0,0.0,0.0,0.0,0.0,0.0,0.0,0.0,0.0,0.0,0.3219136981070318
RHEABLCRO01 [RES.HEAT.EXISTING-AVERAGE: .01.KER.BOILER.CON.RADIATOR.],UK,2010,4.69444512257088,1,0.469444512257088,1,0,1,100000000.0,100,100000000.0,15.0,1.0,1,0.84,0.1,KEROSENE,RES.SPACE-HEAT.EXISTING-AVERAGE,0,0.0,0.0,0.0,0.0,0.0,0.0,0.0,0.0,0.0,0.0,0.0,0.0,0.0,0.0,0.0,0.0,0.0,0.2975494604316547,0.0,0.0,0.37078462230215825,0.0,0.0,0.33166591726618705
RHEABLCRP01 [RES.HEAT.EXISTING-AVERAGE: .01.PEL.BOILER.CON.RADIATOR.],UK,2010,23.6904861111111,1,2.36904861111111,1,0,1,100000000.0,100,100000000.0,20.0,1.0,1,0.74,0.1,PELLETS,RES.SPACE-HEAT.EXISTING-AVERAGE,0,0.0,0.0,0.0,0.0,0.0,0.0,0.0,0.0,0.0,0.0,0.0,0.0,0.0,0.0,0.0,0.0,0.0,0.2975494604316547,0.0,0.0,0.37078462230215825,0.0,0.0,0.33166591726618705
RHEABLRRC00 [RES.HEAT.EXISTING-AVERAGE: .00.HCO.BOILER.STD.RADIATOR.],UK,2010,23.6904861111111,1,0.469444512257088,1,0,1,2.0,100,100000000.0,15.0,1.0,1,0.435129571045746,0.1,HCO,RES.SPACE-HEAT.EXISTING-AVERAGE,0,0.0,0.0,0.0,0.4103976869783427,0.0,0.2676886149146255,0.0,0.0,0.0,0.0,0.0,0.0,0.0,0.0,0.0,0.0,0.0,0.0,0.0,0.0,0.0,0.0,0.0,0.3219136981070318
RHEABLRRE00 [RES.HEAT.EXISTING-AVERAGE: .00.ELC.BOILER.STD.RADIATOR.],UK,2010,2.19012447748871,1,0.219012447748871,1,0,1,2.0,100,100000000.0,15.0,1.0,1,0.90461487617917,0.1,ELC,RES.SPACE-HEAT.EXISTING-AVERAGE,0,0.0,0.0,0.0,0.0,0.0,0.0,0.0,0.0,0.24412129810250044,0.15311225394573505,0.0,0.0,0.17063309097357687,0.0,0.0,0.0,0.0,0.0,0.0,0.0,0.2339776556126973,0.19815570136549032,0.0,0.0
RHEABLRRE01 [RES.HEAT.EXISTING-AVERAGE: .01.ELC.BOILER.CON.RADIATOR.],UK,2010,2.19012447748871,1,0.219012447748871,1,0,1,100000000.0,100,100000000.0,15.0,1.0,1,1.0,0.1,ELC,RES.SPACE-HEAT.EXISTING-AVERAGE,0,0.0,0.0,0.0,0.0,0.0,0.0,0.0,0.0,0.24412129810250044,0.15311225394573505,0.0,0.0,0.17063309097357687,0.0,0.0,0.0,0.0,0.0,0.0,0.0,0.2339776556126973,0.19815570136549032,0.0,0.0
RHEABLRRG00 [RES.HEAT.EXISTING-AVERAGE: .00.NGA.BOILER.STD.RADIATOR.],UK,2010,2.85090453604836,1,0.285090453604836,1,0,1,2.0,100,100000000.0,15.0,1.0,1,0.744430283067581,0.1,NGA,RES.SPACE-HEAT.EXISTING-AVERAGE,0,0.058238820560393416,0.08144557161524574,0.05249324196267369,0.0,0.047201524174322454,0.0,0.06543076877038632,0.05297702766057196,0.0,0.0,0.08012388903851334,0.05452813438269943,0.0,0.04380006184476963,0.07711145025984778,0.09241803074283549,0.07284715364435268,0.0,0.06972997775583285,0.08340066433252537,0.0,0.0,0.06825368325502988,0.0
RHEABLRRO00 [RES.HEAT.EXISTING-AVERAGE: .00.OIL.BOILER.STD.RADIATOR.],UK,2010,23.6904861111111,1,0.469444512257088,1,0,1,2.0,100,100000000.0,15.0,1.0,1,0.538417980555508,0.1,OIL,RES.SPACE-HEAT.EXISTING-AVERAGE,0,0.0,0.0,0.0,0.4103976869783427,0.0,0.2676886149146255,0.0,0.0,0.0,0.0,0.0,0.0,0.0,0.0,0.0,0.0,0.0,0.0,0.0,0.0,0.0,0.0,0.0,0.3219136981070318
RHEABLRRW00 [RES.HEAT.EXISTING-AVERAGE: .00.WOD.BOILER.STD.RADIATOR.],UK,2010,23.6904861111111,1,2.36904861111111,1,0,1,2.0,100,100000000.0,20.0,1.0,1,0.0752892938270835,0.1,WOOD,RES.SPACE-HEAT.EXISTING-AVERAGE,0,0.0,0.0,0.0,0.0,0.0,0.0,0.0,0.0,0.0,0.0,0.0,0.0,0.0,0.0,0.0,0.0,0.0,0.2975494604316547,0.0,0.0,0.37078462230215825,0.0,0.0,0.33166591726618705
RHEABLRRW01 [RES.HEAT.EXISTING-AVERAGE: .01.WOD.BOILER.CON.RADIATOR.],UK,2010,23.6904861111111,1,2.36904861111111,1,0,1,100000000.0,100,100000000.0,20.0,1.0,1,0.74,0.1,WOOD,RES.SPACE-HEAT.EXISTING-AVERAGE,0,0.0,0.0,0.0,0.0,0.0,0.0,0.0,0.0,0.0,0.0,0.0,0.0,0.0,0.0,0.0,0.0,0.0,0.2975494604316547,0.0,0.0,0.37078462230215825,0.0,0.0,0.33166591726618705
RHEABLSRE01 [RES.HEAT.EXISTING-AVERAGE: .01.ELC.BOILER.CON.SOLAR-THERMAL.RADIATOR.],UK,2010,7.46809840342137,1,0.746809840342137,1,0,1,100000000.0,100,100000000.0,15.0,1.0,1,1.0,0.1,ELC,RES.SPACE-HEAT.EXISTING-AVERAGE,0,0.0,0.0,0.0,0.0,0.0,0.0,0.0,0.0,0.24412129810250044,0.15311225394573505,0.0,0.0,0.17063309097357687,0.0,0.0,0.0,0.0,0.0,0.0,0.0,0.2339776556126973,0.19815570136549032,0.0,0.0
RHEABLSRG01 [RES.HEAT.EXISTING-AVERAGE: .01.NGA.BOILER.CON.SOLAR-THERMAL.RADIATOR.],UK,2010,8.11392868690048,1,0.811392868690048,1,0,1,100000000.0,100,100000000.0,15.0,1.0,1,0.84,0.1,NGA,RES.SPACE-HEAT.EXISTING-AVERAGE,0,0.058238820560393416,0.08144557161524574,0.05249324196267369,0.0,0.047201524174322454,0.0,0.06543076877038632,0.05297702766057196,0.0,0.0,0.08012388903851334,0.05452813438269943,0.0,0.04380006184476963,0.07711145025984778,0.09241803074283549,0.07284715364435268,0.0,0.06972997775583285,0.08340066433252537,0.0,0.0,0.06825368325502988,0.0
RHEABLSRH01 [RES.HEAT.EXISTING-AVERAGE: .01.HDG.BOILER.CON.SOLAR-THERMAL.RADIATOR.],UK,2010,8.11392868690048,1,0.811392868690048,1,0,1,100000000.0,100,100000000.0,19.0,1.0,1,0.84,0.1,SOLAR,RES.SPACE-HEAT.EXISTING-AVERAGE,0,0,0,0,0,0,0,0,0,0,0,0,0,0,0,0,0,0,0,0,0,0,0,0,0
RHEABLSRO01 [RES.HEAT.EXISTING-AVERAGE: .01.KER.BOILER.CON.SOLAR-THERMAL.RADIATOR.],UK,2010,9.91576021037951,1,0.991576021037951,1,0,1,100000000.0,100,100000000.0,15.0,1.0,1,0.84,0.1,SOLAR,RES.SPACE-HEAT.EXISTING-AVERAGE,0,0,0,0,0,0,0,0,0,0,0,0,0,0,0,0,0,0,0,0,0,0,0,0,0
RHEABLSRP01 [RES.HEAT.EXISTING-AVERAGE: .01.PEL.BOILER.CON.SOLAR-THERMAL.RADIATOR.],UK,2010,28.4820265159211,1,2.84820265159211,1,0,1,100000000.0,100,100000000.0,20.0,1.0,1,0.74,0.1,SOLAR,RES.SPACE-HEAT.EXISTING-AVERAGE,0,0,0,0,0,0,0,0,0,0,0,0,0,0,0,0,0,0,0,0,0,0,0,0,0
RHEABLSRW01 [RES.HEAT.EXISTING-AVERAGE: .01.WOD.BOILER.CON.SOLAR-THERMAL.RADIATOR.],UK,2010,28.4820265159211,1,2.84820265159211,1,0,1,100000000.0,100,100000000.0,20.0,1.0,1,1.0,0.1,SOLAR,RES.SPACE-HEAT.EXISTING-AVERAGE,0,0,0,0,0,0,0,0,0,0,0,0,0,0,0,0,0,0,0,0,0,0,0,0,0
RHEACHBRH01 [RES.HEAT.EXISTING-AVERAGE: .01.HDG.MICRO-CHP-BOILER.STD.RADIATOR.],UK,2010,1.52713798806213,1,0.0763568994031067,1,0,1,100000000.0,100,100000000.0,15.0,1.0,1,0.88,0.1,HYDROGEN,RES.SPACE-HEAT.EXISTING-AVERAGE,0,0,0,0,0,0,0,0,0,0,0,0,0,0,0,0,0,0,0,0,0,0,0,0,0
RHEACHPRG01 [RES.HEAT.EXISTING-AVERAGE: .01.GAS.MICRO-CHP.STD.RADIATOR.],UK,2010,373.088133385614,1,18.6544066692807,1,0,1,100000000.0,100,100000000.0,15.0,1.0,1,0.8,0.1,NGA,RES.SPACE-HEAT.EXISTING-AVERAGE,0,0.058238820560393416,0.08144557161524574,0.05249324196267369,0.0,0.047201524174322454,0.0,0.06543076877038632,0.05297702766057196,0.0,0.0,0.08012388903851334,0.05452813438269943,0.0,0.04380006184476963,0.07711145025984778,0.09241803074283549,0.07284715364435268,0.0,0.06972997775583285,0.08340066433252537,0.0,0.0,0.06825368325502988,0.0
RHEACHPRH01 [RES.HEAT.EXISTING-AVERAGE: .01.HDG.MICRO-CHP.STD.RADIATOR.],UK,2010,7697.41616835455,1,300.0321672,1,0,1,100000000.0,100,100000000.0,15.0,1.0,1,0.88,0.1,HYDROGEN,RES.SPACE-HEAT.EXISTING-AVERAGE,0,0,0,0,0,0,0,0,0,0,0,0,0,0,0,0,0,0,0,0,0,0,0,0,0
RHEACHPRW01 [RES.HEAT.EXISTING-AVERAGE: .01.PELH.MICRO-CHP.STD.RADIATOR.],UK,2010,855.689698959045,1,42.7844849479523,1,0,1,100000000.0,100,100000000.0,15.0,1.0,1,0.8,0.1,PELLETS,RES.SPACE-HEAT.EXISTING-AVERAGE,0,0.0,0.0,0.0,0.0,0.0,0.0,0.0,0.0,0.0,0.0,0.0,0.0,0.0,0.0,0.0,0.0,0.0,0.2975494604316547,0.0,0.0,0.37078462230215825,0.0,0.0,0.33166591726618705
RHEACSV01 [RES.HEAT.EXISTING-AVERAGE: .01.CONSERVATION-MEASURES.],UK,2010,0.000281025993785082,1,0.000281025993785082,1,0,1,100000000.0,100,100000000.0,50.0,1.0,1,1.0,0.1,ELC,RES.SPACE-HEAT.EXISTING-AVERAGE,0,0.0,0.0,0.0,0.0,0.0,0.0,0.0,0.0,0.24412129810250044,0.15311225394573505,0.0,0.0,0.17063309097357687,0.0,0.0,0.0,0.0,0.0,0.0,0.0,0.2339776556126973,0.19815570136549032,0.0,0.0
RHEACSVCAV01 [RES.HEAT.EXISTING-AVERAGE: .01.CONSERVATION.CAVITY-WALL.EASY.],UK,2010,22.2701747961182,1,0.000281025993785082,1,0,1,100000000.0,100,48.3656857518234,200.0,1.0,1,1.0,0.1,ELC,RES.SPACE-HEAT.EXISTING-AVERAGE,0,0.0,0.0,0.0,0.0,0.0,0.0,0.0,0.0,0.24412129810250044,0.15311225394573505,0.0,0.0,0.17063309097357687,0.0,0.0,0.0,0.0,0.0,0.0,0.0,0.2339776556126973,0.19815570136549032,0.0,0.0
RHEACSVCAV02 [RES.HEAT.EXISTING-AVERAGE: .02.CONSERVATION.CAVITY-WALL.HARD.],UK,2010,52.0186802435903,1,0.000281025993785082,1,0,1,100000000.0,100,73.6483991631816,200.0,1.0,1,1.0,0.1,ELC,RES.SPACE-HEAT.EXISTING-AVERAGE,0,0.0,0.0,0.0,0.0,0.0,0.0,0.0,0.0,0.24412129810250044,0.15311225394573505,0.0,0.0,0.17063309097357687,0.0,0.0,0.0,0.0,0.0,0.0,0.0,0.2339776556126973,0.19815570136549032,0.0,0.0
RHEACSVCON01 [RES.HEAT.EXISTING-AVERAGE: .01.CONSERVATION.HEATING-CONTROLS.],UK,2010,0.001,1,0.000281025993785082,1,0,1,100000000.0,100,0.0,200.0,1.0,1,1.0,0.1,ELC,RES.SPACE-HEAT.EXISTING-AVERAGE,0,0.0,0.0,0.0,0.0,0.0,0.0,0.0,0.0,0.24412129810250044,0.15311225394573505,0.0,0.0,0.17063309097357687,0.0,0.0,0.0,0.0,0.0,0.0,0.0,0.2339776556126973,0.19815570136549032,0.0,0.0
RHEACSVFLR01 [RES.HEAT.EXISTING-AVERAGE: .01.CONSERVATION.FLOOR-INSULATION.],UK,2010,490.248493161499,1,0.000281025993785082,1,0,1,100000000.0,100,2.40479748940999,200.0,1.0,1,1.0,0.1,ELC,RES.SPACE-HEAT.EXISTING-AVERAGE,0,0.0,0.0,0.0,0.0,0.0,0.0,0.0,0.0,0.24412129810250044,0.15311225394573505,0.0,0.0,0.17063309097357687,0.0,0.0,0.0,0.0,0.0,0.0,0.0,0.2339776556126973,0.19815570136549032,0.0,0.0
RHEACSVLOF02 [RES.HEAT.EXISTING-AVERAGE: .01.CONSERVATION.LOFT-INSULATION.TOPUP.],UK,2010,48.1466787692946,1,0.000281025993785082,1,0,1,100000000.0,100,55.7049756154778,200.0,1.0,1,1.0,0.1,ELC,RES.SPACE-HEAT.EXISTING-AVERAGE,0,0.0,0.0,0.0,0.0,0.0,0.0,0.0,0.0,0.24412129810250044,0.15311225394573505,0.0,0.0,0.17063309097357687,0.0,0.0,0.0,0.0,0.0,0.0,0.0,0.2339776556126973,0.19815570136549032,0.0,0.0
RHEACSVSOL01 [RES.HEAT.EXISTING-AVERAGE: .01.CONSERVATION.SOLID-WALL.SYSTEM.],UK,2010,171.782252264459,1,0.000281025993785082,1,0,1,100000000.0,100,19.417876983334,200.0,1.0,1,1.0,0.1,SOLAR,RES.SPACE-HEAT.EXISTING-AVERAGE,0,0,0,0,0,0,0,0,0,0,0,0,0,0,0,0,0,0,0,0,0,0,0,0,0
RHEACSVSOL02 [RES.HEAT.EXISTING-AVERAGE: .02.CONSERVATION.SOLID-WALL.PRE-1966-SOLID-BRICK.],UK,2010,193.194503534752,1,0.000281025993785082,1,0,1,100000000.0,100,224.288755770791,200.0,1.0,1,1.0,0.1,SOLAR,RES.SPACE-HEAT.EXISTING-AVERAGE,0,0,0,0,0,0,0,0,0,0,0,0,0,0,0,0,0,0,0,0,0,0,0,0,0
RHEACSVSOL03 [RES.HEAT.EXISTING-AVERAGE: .03.CONSERVATION.SOLID-WALL.OTHER.],UK,2010,279.306728096606,1,0.000281025993785082,1,0,1,100000000.0,100,71.596297154923,200.0,1.0,1,1.0,0.1,SOLAR,RES.SPACE-HEAT.EXISTING-AVERAGE,0,0,0,0,0,0,0,0,0,0,0,0,0,0,0,0,0,0,0,0,0,0,0,0,0
RHEAGHBRE01 [RES.HEAT.EXISTING-AVERAGE: .01.ELC.HEAT PUMP.GROUND.NGA.BOILER.RADIATOR.],UK,2010,18.1093204118542,1,1.08655922471125,1,0,1,100000000.0,100,100000000.0,20.0,1.0,1,0.84,0.1,ELC,RES.SPACE-HEAT.EXISTING-AVERAGE,0,0.0,0.0,0.0,0.0,0.0,0.0,0.0,0.0,0.24412129810250044,0.15311225394573505,0.0,0.0,0.17063309097357687,0.0,0.0,0.0,0.0,0.0,0.0,0.0,0.2339776556126973,0.19815570136549032,0.0,0.0
RHEAGHHRE01 [RES.HEAT.EXISTING-AVERAGE: .01.ELC.HEAT PUMP.GROUND.HDG.BOILER.RADIATOR.],UK,2010,18.1093204118542,1,1.08655922471125,1,0,1,100000000.0,100,100000000.0,20.0,1.0,1,2.84,0.1,ELC,RES.SPACE-HEAT.EXISTING-AVERAGE,0,0.0,0.0,0.0,0.0,0.0,0.0,0.0,0.0,0.24412129810250044,0.15311225394573505,0.0,0.0,0.17063309097357687,0.0,0.0,0.0,0.0,0.0,0.0,0.0,0.2339776556126973,0.19815570136549032,0.0,0.0
RHEAGHPRE01 [RES.HEAT.EXISTING-AVERAGE: .01.ELC.HEAT PUMP.GROUND.RADIATOR.],UK,2010,58.798429414003,1,2.93992147070015,1,0,1,100000000.0,100,100000000.0,20.0,1.0,1,2.84,0.1,ELC,RES.SPACE-HEAT.EXISTING-AVERAGE,0,0.0,0.0,0.0,0.0,0.0,0.0,0.0,0.0,0.24412129810250044,0.15311225394573505,0.0,0.0,0.17063309097357687,0.0,0.0,0.0,0.0,0.0,0.0,0.0,0.2339776556126973,0.19815570136549032,0.0,0.0
RHEAGHSRE01 [RES.HEAT.EXISTING-AVERAGE: .01.ELC.HEAT PUMP.GROUND.SOLAR-THERMAL.RADIATOR.],UK,2010,69.0704144482885,1,3.45352072241442,1,0,1,100000000.0,100,100000000.0,20.0,1.0,1,2.84,0.1,ELC,RES.SPACE-HEAT.EXISTING-AVERAGE,0,0.0,0.0,0.0,0.0,0.0,0.0,0.0,0.0,0.24412129810250044,0.15311225394573505,0.0,0.0,0.17063309097357687,0.0,0.0,0.0,0.0,0.0,0.0,0.0,0.2339776556126973,0.19815570136549032,0.0,0.0
RHEANSTRE00 [RES.HEAT.EXISTING-AVERAGE: .00.ELC.RESISTANCE.STANDALONE.NIGHT-STORAGE.],UK,2010,2.99592532122074,1,0.299592532122074,1,0,1,2.0,100,100000000.0,15.0,1.0,1,0.810297627311947,0.1,ELC,RES.SPACE-HEAT.EXISTING-AVERAGE,0,0.0,0.0,0.0,0.0,0.0,0.0,0.0,0.0,0.24412129810250044,0.15311225394573505,0.0,0.0,0.17063309097357687,0.0,0.0,0.0,0.0,0.0,0.0,0.0,0.2339776556126973,0.19815570136549032,0.0,0.0
RHEANSTRE01 [RES.HEAT.EXISTING-AVERAGE: .01.ELC.RESISTANCE.STANDALONE.NIGHT-STORAGE.],UK,2010,2.99592532122074,1,0.299592532122074,1,0,1,100000000.0,100,100000000.0,15.0,1.0,1,0.7,0.1,ELC,RES.SPACE-HEAT.EXISTING-AVERAGE,0,0.0,0.0,0.0,0.0,0.0,0.0,0.0,0.0,0.24412129810250044,0.15311225394573505,0.0,0.0,0.17063309097357687,0.0,0.0,0.0,0.0,0.0,0.0,0.0,0.2339776556126973,0.19815570136549032,0.0,0.0
RHEARAD00 [RES.HEAT.EXISTING-AVERAGE: .00.HTP.RADIATOR.],UK,2010,35.9435703435755,1,0.71887140687151,1,0,1,2.0,100,100000000.0,50.0,1.0,1,1.0,0.1,ELC,RES.SPACE-HEAT.EXISTING-AVERAGE,0,0.0,0.0,0.0,0.0,0.0,0.0,0.0,0.0,0.24412129810250044,0.15311225394573505,0.0,0.0,0.17063309097357687,0.0,0.0,0.0,0.0,0.0,0.0,0.0,0.2339776556126973,0.19815570136549032,0.0,0.0
RHEARAD01 [RES.HEAT.EXISTING-AVERAGE: .01.HTP.RADIATOR.],UK,2010,35.9435703435755,1,0.71887140687151,1,0,1,100000000.0,100,100000000.0,50.0,1.0,1,1.0,0.1,ELC,RES.SPACE-HEAT.EXISTING-AVERAGE,0,0.0,0.0,0.0,0.0,0.0,0.0,0.0,0.0,0.24412129810250044,0.15311225394573505,0.0,0.0,0.17063309097357687,0.0,0.0,0.0,0.0,0.0,0.0,0.0,0.2339776556126973,0.19815570136549032,0.0,0.0
RHEAREFCG01 [RES.HEAT.EXISTING-AVERAGE: .01.HDG.MICRO-CHP.REFORMER.],UK,2010,5.07991357136648,1,0.253995678568324,1,0,1,100000000.0,100,100000000.0,15.0,0.102330509469646,1,0.81,0.1,HYDROGEN,RES.SPACE-HEAT.EXISTING-AVERAGE,0,0,0,0,0,0,0,0,0,0,0,0,0,0,0,0,0,0,0,0,0,0,0,0,0
RHEASA00 [RES.HEAT.EXISTING-AVERAGE: .00.STANDALONE.DELIVERY.],UK,2010,0.000281025993785082,1,0.0,1,0,1,2.0,100,100000000.0,50.0,1.0,1,1.0,0.1,ELC,RES.SPACE-HEAT.EXISTING-AVERAGE,0,0.0,0.0,0.0,0.0,0.0,0.0,0.0,0.0,0.24412129810250044,0.15311225394573505,0.0,0.0,0.17063309097357687,0.0,0.0,0.0,0.0,0.0,0.0,0.0,0.2339776556126973,0.19815570136549032,0.0,0.0
RHEASHTRE00 [RES.HEAT.EXISTING-AVERAGE: .00.ELC.RESISTANCE.STANDALONE.],UK,2010,2.62143465606815,1,0.262143465606815,1,0,1,2.0,100,100000000.0,15.0,1.0,1,0.913593004537911,0.1,ELC,RES.SPACE-HEAT.EXISTING-AVERAGE,0,0.0,0.0,0.0,0.0,0.0,0.0,0.0,0.0,0.24412129810250044,0.15311225394573505,0.0,0.0,0.17063309097357687,0.0,0.0,0.0,0.0,0.0,0.0,0.0,0.2339776556126973,0.19815570136549032,0.0,0.0
RHEASHTRE01 [RES.HEAT.EXISTING-AVERAGE: .01.ELC.RESISTANCE.STANDALONE.],UK,2010,2.62143465606815,1,0.262143465606815,1,0,1,100000000.0,100,100000000.0,15.0,1.0,1,0.9,0.1,ELC,RES.SPACE-HEAT.EXISTING-AVERAGE,0,0.0,0.0,0.0,0.0,0.0,0.0,0.0,0.0,0.24412129810250044,0.15311225394573505,0.0,0.0,0.17063309097357687,0.0,0.0,0.0,0.0,0.0,0.0,0.0,0.2339776556126973,0.19815570136549032,0.0,0.0
RHEASHTRG00 [RES.HEAT.EXISTING-AVERAGE: .00.NGA.HEATER.STANDALONE.],UK,2010,6.10855195224853,1,0.610855195224853,1,0,1,2.0,100,100000000.0,15.0,1.0,1,0.728829693612716,0.1,NGA,RES.SPACE-HEAT.EXISTING-AVERAGE,0,0.058238820560393416,0.08144557161524574,0.05249324196267369,0.0,0.047201524174322454,0.0,0.06543076877038632,0.05297702766057196,0.0,0.0,0.08012388903851334,0.05452813438269943,0.0,0.04380006184476963,0.07711145025984778,0.09241803074283549,0.07284715364435268,0.0,0.06972997775583285,0.08340066433252537,0.0,0.0,0.06825368325502988,0.0
RHEASHTRG01 [RES.HEAT.EXISTING-AVERAGE: .01.NGA.HEATER.STANDALONE.],UK,2010,6.10855195224853,1,0.610855195224853,1,0,1,100000000.0,100,100000000.0,15.0,1.0,1,0.7,0.1,NGA,RES.SPACE-HEAT.EXISTING-AVERAGE,0,0.058238820560393416,0.08144557161524574,0.05249324196267369,0.0,0.047201524174322454,0.0,0.06543076877038632,0.05297702766057196,0.0,0.0,0.08012388903851334,0.05452813438269943,0.0,0.04380006184476963,0.07711145025984778,0.09241803074283549,0.07284715364435268,0.0,0.06972997775583285,0.08340066433252537,0.0,0.0,0.06825368325502988,0.0
RHEASTGNT00 [RES.HEAT.EXISTING-AVERAGE .00.ELC.NIGHT-STORAGE.HEAT-SUPPLY.],UK,2010,0.001,1,0.001,1,0,1,2.0,100,100000000.0,15.0,1.0,1,1.0,0.1,ELC,RES.SPACE-HEAT.EXISTING-AVERAGE,0,0.0,0.0,0.0,0.0,0.0,0.0,0.0,0.0,0.24412129810250044,0.15311225394573505,0.0,0.0,0.17063309097357687,0.0,0.0,0.0,0.0,0.0,0.0,0.0,0.2339776556126973,0.19815570136549032,0.0,0.0
RHEASTGNT01 [RES.HEAT.EXISTING-AVERAGE: .01.ELC.NIGHT-STORAGE.HEAT-SUPPLY.],UK,2010,0.001,1,0.001,1,0,1,100000000.0,100,100000000.0,15.0,1.0,1,1.0,0.1,ELC,RES.SPACE-HEAT.EXISTING-AVERAGE,0,0.0,0.0,0.0,0.0,0.0,0.0,0.0,0.0,0.24412129810250044,0.15311225394573505,0.0,0.0,0.17063309097357687,0.0,0.0,0.0,0.0,0.0,0.0,0.0,0.2339776556126973,0.19815570136549032,0.0,0.0
RHEAUND01 [RES.HEAT.EXISTING-AVERAGE: .01.HTP.UNDERFLOOR.],UK,2010,83.8902852776298,1,0.838902852776298,1,0,1,100000000.0,100,100000000.0,50.0,1.0,1,1.0,0.1,ELC,RES.SPACE-HEAT.EXISTING-AVERAGE,0,0.0,0.0,0.0,0.0,0.0,0.0,0.0,0.0,0.24412129810250044,0.15311225394573505,0.0,0.0,0.17063309097357687,0.0,0.0,0.0,0.0,0.0,0.0,0.0,0.2339776556126973,0.19815570136549032,0.0,0.0
RHNAAHBRE01 [RES.HEAT.NEW-AVERAGE: .01.ELC.HEAT PUMP.AIR.NGA.BOILER.RADIATOR.],UK,2010,8.41674132556286,1,0.505004479533772,1,0,1,100000000.0,100,100000000.0,20.0,1.0,1,0.84,0.1,ELC,RES.SPACE-HEAT.NEW-AVERAGE,0,0.0,0.0,0.0,0.0,0.0,0.0,0.0,0.0,0.24412129810250044,0.15311225394573505,0.0,0.0,0.17063309097357687,0.0,0.0,0.0,0.0,0.0,0.0,0.0,0.2339776556126973,0.19815570136549032,0.0,0.0
RHNAAHHRE01 [RES.HEAT.NEW-AVERAGE: .01.ELC.HEAT PUMP.AIR.HDG.BOILER.RADIATOR.],UK,2010,8.41674132556286,1,0.505004479533772,1,0,1,100000000.0,100,100000000.0,20.0,1.0,1,2.8865,0.1,ELC,RES.SPACE-HEAT.NEW-AVERAGE,0,0.0,0.0,0.0,0.0,0.0,0.0,0.0,0.0,0.24412129810250044,0.15311225394573505,0.0,0.0,0.17063309097357687,0.0,0.0,0.0,0.0,0.0,0.0,0.0,0.2339776556126973,0.19815570136549032,0.0,0.0
RHNAAHPRE01 [RES.HEAT.NEW-AVERAGE: .01.ELC.HEAT PUMP.AIR.RADIATOR.],UK,2010,24.779455183494,1,1.2389727591747,1,0,1,100000000.0,100,100000000.0,20.0,1.0,1,2.8865,0.1,ELC,RES.SPACE-HEAT.NEW-AVERAGE,0,0.0,0.0,0.0,0.0,0.0,0.0,0.0,0.0,0.24412129810250044,0.15311225394573505,0.0,0.0,0.17063309097357687,0.0,0.0,0.0,0.0,0.0,0.0,0.0,0.2339776556126973,0.19815570136549032,0.0,0.0
RHNAAHSRE01 [RES.HEAT.NEW-AVERAGE: .01.ELC.HEAT PUMP.AIR.SOLAR-THERMAL.RADIATOR.],UK,2010,34.6153720372864,1,1.73076860186432,1,0,1,100000000.0,100,100000000.0,20.0,1.0,1,2.8865,0.1,ELC,RES.SPACE-HEAT.NEW-AVERAGE,0,0.0,0.0,0.0,0.0,0.0,0.0,0.0,0.0,0.24412129810250044,0.15311225394573505,0.0,0.0,0.17063309097357687,0.0,0.0,0.0,0.0,0.0,0.0,0.0,0.2339776556126973,0.19815570136549032,0.0,0.0
RHNABLCRG01 [RES.HEAT.NEW-AVERAGE: .01.NGA.BOILER.CON.RADIATOR.],UK,2010,2.28072362883868,1,0.228072362883868,1,0,1,100000000.0,100,100000000.0,15.0,1.0,1,0.84,0.1,NGA,RES.SPACE-HEAT.NEW-AVERAGE,0,0.058238820560393416,0.08144557161524574,0.05249324196267369,0.0,0.047201524174322454,0.0,0.06543076877038632,0.05297702766057196,0.0,0.0,0.08012388903851334,0.05452813438269943,0.0,0.04380006184476963,0.07711145025984778,0.09241803074283549,0.07284715364435268,0.0,0.06972997775583285,0.08340066433252537,0.0,0.0,0.06825368325502988,0.0
RHNABLCRH01 [RES.HEAT.NEW-AVERAGE: .01.HDG.BOILER.CON.RADIATOR.],UK,2010,2.36114420030093,1,0.236114420030093,1,0,1,100000000.0,100,100000000.0,15.0,1.0,1,0.84,0.1,HYDROGEN,RES.SPACE-HEAT.NEW-AVERAGE,0,0,0,0,0,0,0,0,0,0,0,0,0,0,0,0,0,0,0,0,0,0,0,0,0
RHNABLCRO01 [RES.HEAT.NEW-AVERAGE: .01.KER.BOILER.CON.RADIATOR.],UK,2010,3.7555560980567,1,0.37555560980567,1,0,1,100000000.0,100,100000000.0,15.0,1.0,1,0.84,0.1,KEROSENE,RES.SPACE-HEAT.NEW-AVERAGE,0,0.0,0.0,0.0,0.0,0.0,0.0,0.0,0.0,0.0,0.0,0.0,0.0,0.0,0.0,0.0,0.0,0.0,0.2975494604316547,0.0,0.0,0.37078462230215825,0.0,0.0,0.33166591726618705
RHNABLCRP01 [RES.HEAT.NEW-AVERAGE: .01.PEL.BOILER.CON.RADIATOR.],UK,2010,18.9523888888889,1,1.89523888888889,1,0,1,100000000.0,100,100000000.0,20.0,1.0,1,0.74,0.1,PELLETS,RES.SPACE-HEAT.NEW-AVERAGE,0,0.0,0.0,0.0,0.0,0.0,0.0,0.0,0.0,0.0,0.0,0.0,0.0,0.0,0.0,0.0,0.0,0.0,0.2975494604316547,0.0,0.0,0.37078462230215825,0.0,0.0,0.33166591726618705
RHNABLRRE01 [RES.HEAT.NEW-AVERAGE: .01.ELC.BOILER.CON.RADIATOR.],UK,2010,1.75209958199097,1,0.175209958199097,1,0,1,100000000.0,100,100000000.0,15.0,1.0,1,1.0,0.1,ELC,RES.SPACE-HEAT.NEW-AVERAGE,0,0.0,0.0,0.0,0.0,0.0,0.0,0.0,0.0,0.24412129810250044,0.15311225394573505,0.0,0.0,0.17063309097357687,0.0,0.0,0.0,0.0,0.0,0.0,0.0,0.2339776556126973,0.19815570136549032,0.0,0.0
RHNABLRRW01 [RES.HEAT.NEW-AVERAGE: .01.WOD.BOILER.CON.RADIATOR.],UK,2010,18.9523888888889,1,1.89523888888889,1,0,1,100000000.0,100,100000000.0,20.0,1.0,1,0.74,0.1,WOOD,RES.SPACE-HEAT.NEW-AVERAGE,0,0.0,0.0,0.0,0.0,0.0,0.0,0.0,0.0,0.0,0.0,0.0,0.0,0.0,0.0,0.0,0.0,0.0,0.2975494604316547,0.0,0.0,0.37078462230215825,0.0,0.0,0.33166591726618705
RHNABLSRE01 [RES.HEAT.NEW-AVERAGE: .01.ELC.BOILER.CON.SOLAR-THERMAL.RADIATOR.],UK,2010,6.10063183282202,1,0.610063183282202,1,0,1,100000000.0,100,100000000.0,15.0,1.0,1,1.0,0.1,ELC,RES.SPACE-HEAT.NEW-AVERAGE,0,0.0,0.0,0.0,0.0,0.0,0.0,0.0,0.0,0.24412129810250044,0.15311225394573505,0.0,0.0,0.17063309097357687,0.0,0.0,0.0,0.0,0.0,0.0,0.0,0.2339776556126973,0.19815570136549032,0.0,0.0
RHNABLSRG01 [RES.HEAT.NEW-AVERAGE: .01.NGA.BOILER.CON.SOLAR-THERMAL.RADIATOR.],UK,2010,6.6172960596053,1,0.66172960596053,1,0,1,100000000.0,100,100000000.0,15.0,1.0,1,0.84,0.1,NGA,RES.SPACE-HEAT.NEW-AVERAGE,0,0.058238820560393416,0.08144557161524574,0.05249324196267369,0.0,0.047201524174322454,0.0,0.06543076877038632,0.05297702766057196,0.0,0.0,0.08012388903851334,0.05452813438269943,0.0,0.04380006184476963,0.07711145025984778,0.09241803074283549,0.07284715364435268,0.0,0.06972997775583285,0.08340066433252537,0.0,0.0,0.06825368325502988,0.0
RHNABLSRH01 [RES.HEAT.NEW-AVERAGE: .01.HDG.BOILER.CON.SOLAR-THERMAL.RADIATOR.],UK,2010,6.6172960596053,1,0.66172960596053,1,0,1,100000000.0,100,100000000.0,19.0,1.0,1,0.84,0.1,SOLAR,RES.SPACE-HEAT.NEW-AVERAGE,0,0,0,0,0,0,0,0,0,0,0,0,0,0,0,0,0,0,0,0,0,0,0,0,0
RHNABLSRO01 [RES.HEAT.NEW-AVERAGE: .01.KER.BOILER.CON.SOLAR-THERMAL.RADIATOR.],UK,2010,8.05876127838853,1,0.805876127838853,1,0,1,100000000.0,100,100000000.0,15.0,1.0,1,0.84,0.1,SOLAR,RES.SPACE-HEAT.NEW-AVERAGE,0,0,0,0,0,0,0,0,0,0,0,0,0,0,0,0,0,0,0,0,0,0,0,0,0
RHNABLSRP01 [RES.HEAT.NEW-AVERAGE: .01.PEL.BOILER.CON.SOLAR-THERMAL.RADIATOR.],UK,2010,22.9117743228218,1,2.29117743228218,1,0,1,100000000.0,100,100000000.0,20.0,1.0,1,0.74,0.1,SOLAR,RES.SPACE-HEAT.NEW-AVERAGE,0,0,0,0,0,0,0,0,0,0,0,0,0,0,0,0,0,0,0,0,0,0,0,0,0
RHNABLSRW01 [RES.HEAT.NEW-AVERAGE: .01.WOD.BOILER.CON.SOLAR-THERMAL.RADIATOR.],UK,2010,22.9117743228218,1,2.29117743228218,1,0,1,100000000.0,100,100000000.0,20.0,1.0,1,1.0,0.1,SOLAR,RES.SPACE-HEAT.NEW-AVERAGE,0,0,0,0,0,0,0,0,0,0,0,0,0,0,0,0,0,0,0,0,0,0,0,0,0
RHNACHBRH01 [RES.HEAT.NEW-AVERAGE: .01.HDG.MICRO-CHP-BOILER.STD.RADIATOR.],UK,2010,1.22171039044971,1,0.0610855195224853,1,0,1,100000000.0,100,100000000.0,15.0,1.0,1,0.88,0.1,HYDROGEN,RES.SPACE-HEAT.EXISTING-AVERAGE,0,0,0,0,0,0,0,0,0,0,0,0,0,0,0,0,0,0,0,0,0,0,0,0,0
RHNACHPRG01 [RES.HEAT.NEW-AVERAGE: .01.GAS.MICRO-CHP.STD.RADIATOR.],UK,2010,276.19658829741,1,13.8098294148705,1,0,1,100000000.0,100,100000000.0,15.0,1.0,1,0.8,0.1,NGA,RES.SPACE-HEAT.EXISTING-AVERAGE,0,0.058238820560393416,0.08144557161524574,0.05249324196267369,0.0,0.047201524174322454,0.0,0.06543076877038632,0.05297702766057196,0.0,0.0,0.08012388903851334,0.05452813438269943,0.0,0.04380006184476963,0.07711145025984778,0.09241803074283549,0.07284715364435268,0.0,0.06972997775583285,0.08340066433252537,0.0,0.0,0.06825368325502988,0.0
RHNACHPRW01 [RES.HEAT.NEW-AVERAGE: .01.PELH.MICRO-CHP.STD.RADIATOR.],UK,2010,662.277840756155,1,33.1138920378077,1,0,1,100000000.0,100,100000000.0,15.0,1.0,1,0.8,0.1,PELLETS,RES.SPACE-HEAT.EXISTING-AVERAGE,0,0.0,0.0,0.0,0.0,0.0,0.0,0.0,0.0,0.0,0.0,0.0,0.0,0.0,0.0,0.0,0.0,0.0,0.2975494604316547,0.0,0.0,0.37078462230215825,0.0,0.0,0.33166591726618705
RHNADUMMY00 [RES.HEAT.NEW-AVERAGE: .00.DUMMY-TECH.],UK,2010,32.9474556872679,1,0.658949113745357,1,0,1,2.0,100,2.0,1.0,1.0,1,1.0,0.1,ELC,RES.SPACE-HEAT.NEW-AVERAGE,0,0.0,0.0,0.0,0.0,0.0,0.0,0.0,0.0,0.24412129810250044,0.15311225394573505,0.0,0.0,0.17063309097357687,0.0,0.0,0.0,0.0,0.0,0.0,0.0,0.2339776556126973,0.19815570136549032,0.0,0.0
RHNAGHBRE01 [RES.HEAT.NEW-AVERAGE: .01.ELC.HEAT PUMP.GROUND.NGA.BOILER.RADIATOR.],UK,2010,14.4874563294833,1,0.869247379769001,1,0,1,100000000.0,100,100000000.0,20.0,1.0,1,0.84,0.1,ELC,RES.SPACE-HEAT.NEW-AVERAGE,0,0.0,0.0,0.0,0.0,0.0,0.0,0.0,0.0,0.24412129810250044,0.15311225394573505,0.0,0.0,0.17063309097357687,0.0,0.0,0.0,0.0,0.0,0.0,0.0,0.2339776556126973,0.19815570136549032,0.0,0.0
RHNAGHHRE01 [RES.HEAT.NEW-AVERAGE: .01.ELC.HEAT PUMP.GROUND.HDG.BOILER.RADIATOR.],UK,2010,14.4874563294833,1,0.869247379769001,1,0,1,100000000.0,100,100000000.0,20.0,1.0,1,3.266,0.1,ELC,RES.SPACE-HEAT.NEW-AVERAGE,0,0.0,0.0,0.0,0.0,0.0,0.0,0.0,0.0,0.24412129810250044,0.15311225394573505,0.0,0.0,0.17063309097357687,0.0,0.0,0.0,0.0,0.0,0.0,0.0,0.2339776556126973,0.19815570136549032,0.0,0.0
RHNAGHPRE01 [RES.HEAT.NEW-AVERAGE: .01.ELC.HEAT PUMP.GROUND.RADIATOR.],UK,2010,47.0387435312024,1,2.35193717656012,1,0,1,100000000.0,100,100000000.0,20.0,1.0,1,3.266,0.1,ELC,RES.SPACE-HEAT.NEW-AVERAGE,0,0.0,0.0,0.0,0.0,0.0,0.0,0.0,0.0,0.24412129810250044,0.15311225394573505,0.0,0.0,0.17063309097357687,0.0,0.0,0.0,0.0,0.0,0.0,0.0,0.2339776556126973,0.19815570136549032,0.0,0.0
RHNAGHSRE01 [RES.HEAT.NEW-AVERAGE: .01.ELC.HEAT PUMP.GROUND.SOLAR-THERMAL.RADIATOR.],UK,2010,55.5805157136164,1,2.77902578568082,1,0,1,100000000.0,100,100000000.0,20.0,1.0,1,3.266,0.1,ELC,RES.SPACE-HEAT.NEW-AVERAGE,0,0.0,0.0,0.0,0.0,0.0,0.0,0.0,0.0,0.24412129810250044,0.15311225394573505,0.0,0.0,0.17063309097357687,0.0,0.0,0.0,0.0,0.0,0.0,0.0,0.2339776556126973,0.19815570136549032,0.0,0.0
RHNANSTRE01 [RES.HEAT.NEW-AVERAGE: .01.ELC.RESISTANCE.STANDALONE.NIGHT-STORAGE.],UK,2010,2.39674025697659,1,0.239674025697659,1,0,1,100000000.0,100,100000000.0,15.0,1.0,1,0.7,0.1,ELC,RES.SPACE-HEAT.NEW-AVERAGE,0,0.0,0.0,0.0,0.0,0.0,0.0,0.0,0.0,0.24412129810250044,0.15311225394573505,0.0,0.0,0.17063309097357687,0.0,0.0,0.0,0.0,0.0,0.0,0.0,0.2339776556126973,0.19815570136549032,0.0,0.0
RHNARAD01 [RES.HEAT.NEW-AVERAGE: .01.HTP.RADIATOR.],UK,2010,32.9474556872679,1,0.658949113745357,1,0,1,100000000.0,100,100000000.0,50.0,1.0,1,1.0,0.1,ELC,RES.SPACE-HEAT.NEW-AVERAGE,0,0.0,0.0,0.0,0.0,0.0,0.0,0.0,0.0,0.24412129810250044,0.15311225394573505,0.0,0.0,0.17063309097357687,0.0,0.0,0.0,0.0,0.0,0.0,0.0,0.2339776556126973,0.19815570136549032,0.0,0.0
RHNAREFCG01 [RES.HEAT.NEW-AVERAGE: .01.HDG.MICRO-CHP.REFORMER.],UK,2010,3.96212165788904,1,0.198106082894452,1,0,1,100000000.0,100,100000000.0,15.0,0.0604063612889421,1,0.81,0.1,HYDROGEN,RES.SPACE-HEAT.EXISTING-AVERAGE,0,0,0,0,0,0,0,0,0,0,0,0,0,0,0,0,0,0,0,0,0,0,0,0,0
RHNASA01 [RES.HEAT.NEW-AVERAGE: .01.STANDALONE.DELIVERY.],UK,2010,0.000281025993785082,1,0.000281025993785082,1,0,1,100000000.0,100,100000000.0,50.0,1.0,1,1.0,0.1,ELC,RES.SPACE-HEAT.NEW-AVERAGE,0,0.0,0.0,0.0,0.0,0.0,0.0,0.0,0.0,0.24412129810250044,0.15311225394573505,0.0,0.0,0.17063309097357687,0.0,0.0,0.0,0.0,0.0,0.0,0.0,0.2339776556126973,0.19815570136549032,0.0,0.0
RHNASHTRE01 [RES.HEAT.NEW-AVERAGE: .01.ELC.RESISTANCE.STANDALONE.],UK,2010,2.09714772485452,1,0.209714772485452,1,0,1,100000000.0,100,100000000.0,15.0,1.0,1,0.9,0.1,ELC,RES.SPACE-HEAT.NEW-AVERAGE,0,0.0,0.0,0.0,0.0,0.0,0.0,0.0,0.0,0.24412129810250044,0.15311225394573505,0.0,0.0,0.17063309097357687,0.0,0.0,0.0,0.0,0.0,0.0,0.0,0.2339776556126973,0.19815570136549032,0.0,0.0
RHNASHTRG01 [RES.HEAT.NEW-AVERAGE: .01.NGA.HEATER.STANDALONE.],UK,2010,4.88684156179883,1,0.488684156179883,1,0,1,100000000.0,100,100000000.0,15.0,1.0,1,0.7,0.1,NGA,RES.SPACE-HEAT.NEW-AVERAGE,0,0.058238820560393416,0.08144557161524574,0.05249324196267369,0.0,0.047201524174322454,0.0,0.06543076877038632,0.05297702766057196,0.0,0.0,0.08012388903851334,0.05452813438269943,0.0,0.04380006184476963,0.07711145025984778,0.09241803074283549,0.07284715364435268,0.0,0.06972997775583285,0.08340066433252537,0.0,0.0,0.06825368325502988,0.0
RHNASTGNT01 [RES.HEAT.NEW-AVERAGE: .01.ELC.NIGHT-STORAGE.HEAT-SUPPLY.],UK,2010,0.001,1,0.001,1,0,1,100000000.0,100,100000000.0,15.0,1.0,1,1.0,0.1,ELC,RES.SPACE-HEAT.NEW-AVERAGE,0,0.0,0.0,0.0,0.0,0.0,0.0,0.0,0.0,0.24412129810250044,0.15311225394573505,0.0,0.0,0.17063309097357687,0.0,0.0,0.0,0.0,0.0,0.0,0.0,0.2339776556126973,0.19815570136549032,0.0,0.0
RHNAUND01 [RES.HEAT.NEW-AVERAGE: .01.HTP.UNDERFLOOR.],UK,2010,50.3384781365875,1,1.00676956273175,1,0,1,100000000.0,100,100000000.0,50.0,1.0,1,1.0,0.1,ELC,RES.SPACE-HEAT.NEW-AVERAGE,0,0.0,0.0,0.0,0.0,0.0,0.0,0.0,0.0,0.24412129810250044,0.15311225394573505,0.0,0.0,0.17063309097357687,0.0,0.0,0.0,0.0,0.0,0.0,0.0,0.2339776556126973,0.19815570136549032,0.0,0.0
RWEACSV01 [RES.WATER.EXISTING-AVERAGE: .01.CONSERVATION-MEASURES.],UK,2010,0.000593142810946307,1,0.000593142810946307,1,0,1,100000000.0,100,100000000.0,50.0,1.0,1,1.0,0.1,ELC,RES.HOT-WATER.EXISTING-AVERAGE,0,0.0,0.0,0.0,0.0,0.0,0.0,0.0,0.0,0.24412129810250044,0.15311225394573505,0.0,0.0,0.17063309097357687,0.0,0.0,0.0,0.0,0.0,0.0,0.0,0.2339776556126973,0.19815570136549032,0.0,0.0
RWEASA00 [RES.WATER.EXISTING-AVERAGE: .00.STANDALONE.DELIVERY.],UK,2010,0.000593142810946307,1,0.0,1,0,1,2.0,100,100000000.0,50.0,1.0,1,1.0,0.1,ELC,RES.HOT-WATER.EXISTING-AVERAGE,0,0.0,0.0,0.0,0.0,0.0,0.0,0.0,0.0,0.24412129810250044,0.15311225394573505,0.0,0.0,0.17063309097357687,0.0,0.0,0.0,0.0,0.0,0.0,0.0,0.2339776556126973,0.19815570136549032,0.0,0.0
RWEASOLRS00 [RES.WATER.EXISTING-AVERAGE: .00.SOL.WATER-HEATER.STANDALONE.],UK,2010,6.10855195224853,1,21.4916800914079,1,0,1,2.0,100,100000000.0,20.0,1.0,1,1.0,0.1,SOLAR,RES.HOT-WATER.EXISTING-AVERAGE,0,0,0,0,0,0,0,0,0,0,0,0,0,0,0,0,0,0,0,0,0,0,0,0,0
RWEAWHTRE00 [RES.WATER.EXISTING-AVERAGE: .00.ELC.RESISTANCE.STANDALONE.],UK,2010,2.62143465606815,1,0.262143465606815,1,0,1,2.0,100,100000000.0,15.0,1.0,1,0.829474414370852,0.1,ELC,RES.HOT-WATER.EXISTING-AVERAGE,0,0.0,0.0,0.0,0.0,0.0,0.0,0.0,0.0,0.24412129810250044,0.15311225394573505,0.0,0.0,0.17063309097357687,0.0,0.0,0.0,0.0,0.0,0.0,0.0,0.2339776556126973,0.19815570136549032,0.0,0.0
RWEAWHTRE01 [RES.WATER.EXISTING-AVERAGE: .01.ELC.RESISTANCE.STANDALONE.],UK,2010,2.62143465606815,1,0.262143465606815,1,0,1,100000000.0,100,100000000.0,15.0,1.0,1,0.85,0.1,ELC,RES.HOT-WATER.EXISTING-AVERAGE,0,0.0,0.0,0.0,0.0,0.0,0.0,0.0,0.0,0.24412129810250044,0.15311225394573505,0.0,0.0,0.17063309097357687,0.0,0.0,0.0,0.0,0.0,0.0,0.0,0.2339776556126973,0.19815570136549032,0.0,0.0
RWEAWHTRG00 [RES.WATER.EXISTING-AVERAGE: .00.NGA.BOILER.STD.STANDALONE.],UK,2010,6.10855195224853,1,0.610855195224853,1,0,1,2.0,100,100000000.0,15.0,1.0,1,0.728829693612716,0.1,NGA,RES.HOT-WATER.EXISTING-AVERAGE,0,0.058238820560393416,0.08144557161524574,0.05249324196267369,0.0,0.047201524174322454,0.0,0.06543076877038632,0.05297702766057196,0.0,0.0,0.08012388903851334,0.05452813438269943,0.0,0.04380006184476963,0.07711145025984778,0.09241803074283549,0.07284715364435268,0.0,0.06972997775583285,0.08340066433252537,0.0,0.0,0.06825368325502988,0.0
RWEAWHTRG01 [RES.WATER.EXISTING-AVERAGE: .01.NGA.BOILER.STD.STANDALONE.],UK,2010,6.10855195224853,1,0.610855195224853,1,0,1,100000000.0,100,100000000.0,15.0,1.0,1,0.8,0.1,NGA,RES.HOT-WATER.EXISTING-AVERAGE,0,0.058238820560393416,0.08144557161524574,0.05249324196267369,0.0,0.047201524174322454,0.0,0.06543076877038632,0.05297702766057196,0.0,0.0,0.08012388903851334,0.05452813438269943,0.0,0.04380006184476963,0.07711145025984778,0.09241803074283549,0.07284715364435268,0.0,0.06972997775583285,0.08340066433252537,0.0,0.0,0.06825368325502988,0.0
RWNASA01 [RES.WATER.NEW-AVERAGE: .01.STANDALONE.DELIVERY.],UK,2010,0.000593142810946307,1,0.000593142810946307,1,0,1,100000000.0,100,100000000.0,50.0,1.0,1,1.0,0.1,ELC,RES.HOT-WATER.NEW-AVERAGE,0,0.0,0.0,0.0,0.0,0.0,0.0,0.0,0.0,0.24412129810250044,0.15311225394573505,0.0,0.0,0.17063309097357687,0.0,0.0,0.0,0.0,0.0,0.0,0.0,0.2339776556126973,0.19815570136549032,0.0,0.0
RWNAWHTRE01 [RES.WATER.NEW-AVERAGE: .01.ELC.RESISTANCE.STANDALONE.],UK,2010,2.09714772485452,1,0.209714772485452,1,0,1,100000000.0,100,100000000.0,15.0,1.0,1,0.85,0.1,ELC,RES.HOT-WATER.NEW-AVERAGE,0,0.0,0.0,0.0,0.0,0.0,0.0,0.0,0.0,0.24412129810250044,0.15311225394573505,0.0,0.0,0.17063309097357687,0.0,0.0,0.0,0.0,0.0,0.0,0.0,0.2339776556126973,0.19815570136549032,0.0,0.0
RWNAWHTRG01 [RES.WATER.NEW-AVERAGE: .01.NGA.BOILER.STD.STANDALONE.],UK,2010,4.88684156179883,1,0.488684156179883,1,0,1,100000000.0,100,100000000.0,15.0,1.0,1,0.8,0.1,NGA,RES.HOT-WATER.NEW-AVERAGE,0,0.058238820560393416,0.08144557161524574,0.05249324196267369,0.0,0.047201524174322454,0.0,0.06543076877038632,0.05297702766057196,0.0,0.0,0.08012388903851334,0.05452813438269943,0.0,0.04380006184476963,0.07711145025984778,0.09241803074283549,0.07284715364435268,0.0,0.06972997775583285,0.08340066433252537,0.0,0.0,0.06825368325502988,0.0
SCHCSV01 [SER.COOLTH.HIGH-CONSUMPTION: .01.CONSERVATION-MEASURES.],UK,2010,0.000219760900140647,1,0.000219760900140647,1,0,1,100000000.0,100,100000000.0,50.0,1.0,1,1.0,0.1,ELC,SER.COOLING.HIGH-CONSUMPTION,1,0,0,0,0,0,0,0,0,0,0,0,0,0,0,0,0,0,0,0,0,0,0,0,0
SCHDAIR00 [SER.COOLTH.HIGH-CONSUMPTION: .00.AIR.DELIVERY.],UK,2010,0.000219760900140647,1,0.0,1,0,1,2.0,100,100000000.0,50.0,1.0,1,1.0,0.1,NGA,SER.COOLING.HIGH-CONSUMPTION,1,0,0,0,0,0,0,0,0,0,0,0,0,0,0,0,0,0,0,0,0,0,0,0,0
SCHDAIR01 [SER.COOLTH.HIGH-CONSUMPTION: .01.AIR.DELIVERY.],UK,2010,0.000219760900140647,1,0.000219760900140647,1,0,1,100000000.0,100,100000000.0,50.0,1.0,1,1.0,0.1,NGA,SER.COOLING.HIGH-CONSUMPTION,1,0,0,0,0,0,0,0,0,0,0,0,0,0,0,0,0,0,0,0,0,0,0,0,0
SCHP-ADM01 [SER.CHP: .01.ENERGY-TO-WASTE.ANAEROBIC-DIGESTION.MSWBIO.],UK,2010,3098.0,1,310.0,1,0,1,100000000.0,100,100000000.0,20.0,0.75,1,0.8,0.1,BIOMASS,SER.OTHER,1,0,0,0,0,0,0,0,0,0,0,0,0,0,0,0,0,0,0,0,0,0,0,0,0
SCHP-CCG00 [SER.CHP: .00.COMBINED-CYCLE.NGA.],UK,2010,423.684210526316,1,16.8421052631579,1,0,1,2.0,100,100000000.0,25.0,0.326629417259473,1,0.545074179608265,0.1,NGA,SER.OTHER,1,0,0,0,0,0,0,0,0,0,0,0,0,0,0,0,0,0,0,0,0,0,0,0,0
SCHP-CCG01 [SER.CHP: .01.COMBINED-CYCLE.NGA.],UK,2010,423.684210526316,1,16.8421052631579,1,0,1,100000000.0,100,100000000.0,25.0,0.326629417259473,1,0.8,0.1,NGA,SER.OTHER,1,0,0,0,0,0,0,0,0,0,0,0,0,0,0,0,0,0,0,0,0,0,0,0,0
SCHP-FCH01 [SER.CHP: .01.FUEL-CELL.HYG.],UK,2010,6456.04931207143,1,531.651428571429,1,0,1,100000000.0,100,100000000.0,17.0,0.326629417259473,1,0.83,0.1,NGA,SER.OTHER,1,0,0,0,0,0,0,0,0,0,0,0,0,0,0,0,0,0,0,0,0,0,0,0,0
SCHP-GES00 [SER.CHP: .00.GAS-ENGINE.BOG.],UK,2010,321.480421724848,1,23.487154098619,1,0,1,2.0,100,100000000.0,15.0,0.466916592248744,1,0.573374926668419,0.1,BOG,SER.OTHER,1,0,0,0,0,0,0,0,0,0,0,0,0,0,0,0,0,0,0,0,0,0,0,0,0
SCHP-GES01 [SER.CHP: .01.GAS-ENGINE.BOG-SEWAGE.],UK,2010,321.480421724848,1,23.487154098619,1,0,1,100000000.0,100,100000000.0,15.0,0.466916592248744,1,0.8,0.1,BOG,SER.OTHER,1,0,0,0,0,0,0,0,0,0,0,0,0,0,0,0,0,0,0,0,0,0,0,0,0
SCHP-STM01 [SER.CHP: .01.ENERGY-TO-WASTE.STEAM-TURBINE.MSW.],UK,2010,3281.25,1,193.875,1,0,1,100000000.0,100,100000000.0,20.0,0.75,1,0.8,0.1,BIOMASS,SER.OTHER,1,0,0,0,0,0,0,0,0,0,0,0,0,0,0,0,0,0,0,0,0,0,0,0,0
SCHP-STW00 [SER.CHP: .00.STEAM-TURBINE.BIOMASS.],UK,2010,534.534534534534,1,24.024024024024,1,0,1,2.0,100,100000000.0,25.0,0.580756673601325,1,0.881345840663435,0.1,BIOMASS,SER.OTHER,1,0,0,0,0,0,0,0,0,0,0,0,0,0,0,0,0,0,0,0,0,0,0,0,0
SCHP-STW01 [SER.CHP: .01.STEAM-TURBINE.BIOMASS.],UK,2010,534.534534534534,1,24.024024024024,1,0,1,100000000.0,100,100000000.0,25.0,0.326629417259473,1,0.8,0.1,BIOMASS,SER.OTHER,1,0,0,0,0,0,0,0,0,0,0,0,0,0,0,0,0,0,0,0,0,0,0,0,0
SCKELC000 [SER.COOKING: .00.ELC.],UK,2010,117.017780168132,1,5.85088900840658,1,0,1,2.0,100,100000000.0,14.0,1.0,1,0.9,0.1,ELC,SER.COOKING,1,0,0,0,0,0,0,0,0,0,0,0,0,0,0,0,0,0,0,0,0,0,0,0,0
SCKELC001 [SER.COOKING: .01.ELC.],UK,2010,117.017780168132,1,5.85088900840658,1,0,1,100000000.0,100,100000000.0,14.0,1.0,1,0.9,0.1,ELC,SER.COOKING,1,0,0,0,0,0,0,0,0,0,0,0,0,0,0,0,0,0,0,0,0,0,0,0,0
SCKHYG001 [SER.COOKING: .01.HDG.],UK,2010,102.5,1,5.125,1,0,1,100000000.0,100,100000000.0,14.0,1.0,1,0.8,0.1,HYDROGEN,SER.COOKING,1,0,0,0,0,0,0,0,0,0,0,0,0,0,0,0,0,0,0,0,0,0,0,0,0
SCKLFO001 [SER.COOKING: .01.OIL.],UK,2010,102.5,1,5.125,1,0,1,100000000.0,100,100000000.0,14.0,1.0,1,0.8,0.1,OIL,SER.COOKING,1,0,0,0,0,0,0,0,0,0,0,0,0,0,0,0,0,0,0,0,0,0,0,0,0
SCKNGA000 [SER.COOKING: .00.NGA.],UK,2010,102.5,1,5.125,1,0,1,2.0,100,100000000.0,14.0,1.0,1,0.8,0.1,NGA,SER.COOKING,1,0,0,0,0,0,0,0,0,0,0,0,0,0,0,0,0,0,0,0,0,0,0,0,0
SCKNGA001 [SER.COOKING: .01.NGA.],UK,2010,102.5,1,5.125,1,0,1,100000000.0,100,100000000.0,14.0,1.0,1,0.8,0.1,NGA,SER.COOKING,1,0,0,0,0,0,0,0,0,0,0,0,0,0,0,0,0,0,0,0,0,0,0,0,0
SCKOTH000 [SER.COOKING: .00.OIL.HEAT.],UK,2010,102.5,1,5.125,1,0,1,2.0,100,100000000.0,14.0,1.0,1,0.8,0.1,OIL,SER.COOKING,1,0,0,0,0,0,0,0,0,0,0,0,0,0,0,0,0,0,0,0,0,0,0,0,0
SCPECOMP00 [SER.COMPUTERS: .00.],UK,2010,1110.59896698245,1,0.0,1,0,1,2.0,100,100000000.0,5.0,1.0,1,0.6,0.1,ELC,SER.COMPUTING,1,0,0,0,0,0,0,0,0,0,0,0,0,0,0,0,0,0,0,0,0,0,0,0,0
SCPECOMP01 [SER.COMPUTERS: .01.],UK,2010,1110.59896698245,1,0.0,1,0,1,100000000.0,100,100000000.0,5.0,1.0,1,0.6,0.1,ELC,SER.COMPUTING,1,0,0,0,0,0,0,0,0,0,0,0,0,0,0,0,0,0,0,0,0,0,0,0,0
SCSELPDT01 [SER.LIGHTING: .01.CONSERVATION.PRESENCE-DETECTOR.],UK,2010,44.3573415278358,1,0.0,1,0,1,100000000.0,100,12.455424,10.0,1.0,1,1.0,0.1,ELC,SER.LIGHTING.OTHER,1,0,0,0,0,0,0,0,0,0,0,0,0,0,0,0,0,0,0,0,0,0,0,0,0
SCSELTMR01 [SER.LIGHTING: .01.CONSERVATION.LIGHTING-TIMER.],UK,2010,1.19996988436966,1,0.000219760900140647,1,0,1,100000000.0,100,59.71968,10.0,1.0,1,1.0,0.1,ELC,SER.LIGHTING.OTHER,1,0,0,0,0,0,0,0,0,0,0,0,0,0,0,0,0,0,0,0,0,0,0,0,0
SCSHACON01 [SER.HEAT.HIGH-CONSUMPTION: .01.CONSERVATION.EFFICIENT-AIR-CONDITIONING.],UK,2010,0.0,1,0.000214260703757405,1,0,1,100000000.0,100,28.3575726167069,10.0,1.0,1,1.0,0.1,ELC,SER.SPACE-HEAT.HIGH-CONSUMPTION,1,0,0,0,0,0,0,0,0,0,0,0,0,0,0,0,0,0,0,0,0,0,0,0,0
SCSHCAVW01 [SER.HEAT.HIGH-CONSUMPTION: .01.CONSERVATION.CAVITY-WALL-INSULATION.],UK,2010,17.8738306516859,1,0.000214260703757405,1,0,1,100000000.0,100,8.73988781845774,200.0,1.0,1,1.0,0.1,ELC,SER.SPACE-HEAT.HIGH-CONSUMPTION,1,0,0,0,0,0,0,0,0,0,0,0,0,0,0,0,0,0,0,0,0,0,0,0,0
SCSHPTHM01 [SER.HEAT.HIGH-CONSUMPTION: .01.CONSERVATION.PROGRAMMABLE-THERMOSTATS.],UK,2010,0.150956839593815,1,0.000214260703757405,1,0,1,100000000.0,100,191.313854419101,10.0,1.0,1,1.0,0.1,NGA,SER.SPACE-HEAT.HIGH-CONSUMPTION,1,0,0,0,0,0,0,0,0,0,0,0,0,0,0,0,0,0,0,0,0,0,0,0,0
SCSHROFF01 [SER.HEAT.HIGH-CONSUMPTION: .01.CONSERVATION.FLAT-ROOF-INSULATION.],UK,2010,23.3867364020192,1,0.000214260703757405,1,0,1,100000000.0,100,58.9942427745897,200.0,1.0,1,1.0,0.1,ELC,SER.SPACE-HEAT.HIGH-CONSUMPTION,1,0,0,0,0,0,0,0,0,0,0,0,0,0,0,0,0,0,0,0,0,0,0,0,0
SCSHROFP01 [SER.HEAT.HIGH-CONSUMPTION: .01.CONSERVATION.PITCHED-ROOF-INSULATION.],UK,2010,24.4629655701573,1,0.000214260703757405,1,0,1,100000000.0,100,39.548946514746,200.0,1.0,1,1.0,0.1,ELC,SER.SPACE-HEAT.HIGH-CONSUMPTION,1,0,0,0,0,0,0,0,0,0,0,0,0,0,0,0,0,0,0,0,0,0,0,0,0
SCSLCAVW01 [SER.HEAT.LOW-CONSUMPTION: .01.CONSERVATION.CAVITY-WALL-INSULATION.],UK,2010,25.5275556305287,1,0.00033219650464707,1,0,1,100000000.0,100,2.90657666735965,200.0,1.0,1,1.0,0.1,WOOD,SER.SPACE-HEAT.LOW-CONSUMPTION,1,0,0,0,0,0,0,0,0,0,0,0,0,0,0,0,0,0,0,0,0,0,0,0,0
SCSLPTHM01 [SER.HEAT.LOW-CONSUMPTION: .01.CONSERVATION.PROGRAMMABLE-THERMOSTATS.],UK,2010,0.215597831020986,1,0.00033219650464707,1,0,1,100000000.0,100,63.624201700031,10.0,1.0,1,1.0,0.1,ELC,SER.SPACE-HEAT.LOW-CONSUMPTION,1,0,0,0,0,0,0,0,0,0,0,0,0,0,0,0,0,0,0,0,0,0,0,0,0
SCSLROFF01 [SER.HEAT.LOW-CONSUMPTION: .01.CONSERVATION.FLAT-ROOF-INSULATION.],UK,2010,33.4011341023163,1,0.00033219650464707,1,0,1,100000000.0,100,19.6193925046776,200.0,1.0,1,1.0,0.1,OIL,SER.SPACE-HEAT.LOW-CONSUMPTION,1,0,0,0,0,0,0,0,0,0,0,0,0,0,0,0,0,0,0,0,0,0,0,0,0
SCSLROFP01 [SER.HEAT.LOW-CONSUMPTION: .01.CONSERVATION.PITCHED-ROOF-INSULATION.],UK,2010,34.9382136739107,1,0.00033219650464707,1,0,1,100000000.0,100,13.1525767316657,200.0,1.0,1,1.0,0.1,NGA,SER.SPACE-HEAT.LOW-CONSUMPTION,1,0,0,0,0,0,0,0,0,0,0,0,0,0,0,0,0,0,0,0,0,0,0,0,0
SHHA-CAE00 [SER.HEAT.HIGH-CONSUMPTION: .00.ELC.AIR-CONDITIONER.HFC.AIR.],UK,2010,177.777777777778,1,5.33333333333333,1,0,1,2.0,100,100000000.0,20.0,1.0,1,3.0,0.1,ELC,SER.SPACE-HEAT.HIGH-CONSUMPTION,1,0,0,0,0,0,0,0,0,0,0,0,0,0,0,0,0,0,0,0,0,0,0,0,0
SHHA-CAE01 [SER.HEAT.HIGH-CONSUMPTION: .01.ELC.AIR-CONDITIONER.HFC.AIR.],UK,2010,177.777777777778,1,5.33333333333333,1,0,1,100000000.0,100,100000000.0,20.0,1.0,1,3.0,0.1,ELC,SER.SPACE-HEAT.HIGH-CONSUMPTION,1,0,0,0,0,0,0,0,0,0,0,0,0,0,0,0,0,0,0,0,0,0,0,0,0
SHHA-CAE02 [SER.HEAT.HIGH-CONSUMPTION.02.ELC.AIR-CONDITIONER.HFO-HC.AIR.],UK,2010,195.555555555556,1,5.86666666666667,1,0,1,100000000.0,100,100000000.0,20.0,1.0,1,3.0,0.1,ELC,SER.SPACE-HEAT.HIGH-CONSUMPTION,1,0,0,0,0,0,0,0,0,0,0,0,0,0,0,0,0,0,0,0,0,0,0,0,0
SHHBLRRC00 [SER.HEAT.HIGH-CONSUMPTION: .00.HCO.BOILER.STD.RADIATOR.],UK,2010,19.5,1,0.975,1,0,1,2.0,100,100000000.0,20.0,1.0,1,0.8,0.1,HCO,SER.SPACE-HEAT.HIGH-CONSUMPTION,1,0,0,0,0,0,0,0,0,0,0,0,0,0,0,0,0,0,0,0,0,0,0,0,0
SHHBLRRC01 [SER.HEAT.HIGH-CONSUMPTION: .01.HCO.BOILER.STD.RADIATOR.],UK,2010,19.5,1,0.975,1,0,1,100000000.0,100,100000000.0,20.0,1.0,1,0.8,0.1,HCO,SER.SPACE-HEAT.HIGH-CONSUMPTION,1,0,0,0,0,0,0,0,0,0,0,0,0,0,0,0,0,0,0,0,0,0,0,0,0
SHHBLRRE00 [SER.HEAT.HIGH-CONSUMPTION: .00.ELC.BOILER.STD.RADIATOR.],UK,2010,4.66133942161339,1,0.23306697108067,1,0,1,2.0,100,100000000.0,20.0,1.0,1,1.0,0.1,ELC,SER.SPACE-HEAT.HIGH-CONSUMPTION,1,0,0,0,0,0,0,0,0,0,0,0,0,0,0,0,0,0,0,0,0,0,0,0,0
SHHBLRRE01 [SER.HEAT.HIGH-CONSUMPTION: .01.ELC.BOILER.STD.RADIATOR.],UK,2010,4.66133942161339,1,0.23306697108067,1,0,1,100000000.0,100,100000000.0,20.0,1.0,1,1.0,0.1,ELC,SER.SPACE-HEAT.HIGH-CONSUMPTION,1,0,0,0,0,0,0,0,0,0,0,0,0,0,0,0,0,0,0,0,0,0,0,0,0
SHHBLRRG00 [SER.HEAT.HIGH-CONSUMPTION: .00.NGA.BOILER.STD.RADIATOR.],UK,2010,2.94901065449011,1,0.147450532724505,1,0,1,2.0,100,100000000.0,20.0,1.0,1,0.86,0.1,NGA,SER.SPACE-HEAT.HIGH-CONSUMPTION,1,0,0,0,0,0,0,0,0,0,0,0,0,0,0,0,0,0,0,0,0,0,0,0,0
SHHBLRRG01 [SER.HEAT.HIGH-CONSUMPTION: .01.NGA.BOILER.STD.RADIATOR.],UK,2010,2.94901065449011,1,0.147450532724505,1,0,1,100000000.0,100,100000000.0,20.0,1.0,1,0.86,0.1,NGA,SER.SPACE-HEAT.HIGH-CONSUMPTION,1,0,0,0,0,0,0,0,0,0,0,0,0,0,0,0,0,0,0,0,0,0,0,0,0
SHHBLRRO00 [SER.HEAT.HIGH-CONSUMPTION: .00.LFO.BOILER.STD.RADIATOR.],UK,2010,3.53881278538813,1,0.176940639269406,1,0,1,2.0,100,100000000.0,20.0,1.0,1,0.86,0.1,LFO,SER.SPACE-HEAT.HIGH-CONSUMPTION,1,0,0,0,0,0,0,0,0,0,0,0,0,0,0,0,0,0,0,0,0,0,0,0,0
SHHBLRRO01 [SER.HEAT.HIGH-CONSUMPTION: .01.LFO.BOILER.STD.RADIATOR.],UK,2010,3.53881278538813,1,0.176940639269406,1,0,1,100000000.0,100,100000000.0,20.0,1.0,1,0.86,0.1,LFO,SER.SPACE-HEAT.HIGH-CONSUMPTION,1,0,0,0,0,0,0,0,0,0,0,0,0,0,0,0,0,0,0,0,0,0,0,0,0
SHHBLRRW00 [SER.HEAT.HIGH-CONSUMPTION: .00.WOD.BOILER.STD.RADIATOR.],UK,2010,19.5015220700152,1,0.975076103500761,1,0,1,2.0,100,100000000.0,20.0,1.0,1,0.8,0.1,WOOD,SER.SPACE-HEAT.HIGH-CONSUMPTION,1,0,0,0,0,0,0,0,0,0,0,0,0,0,0,0,0,0,0,0,0,0,0,0,0
SHHBLRRW01 [SER.HEAT.HIGH-CONSUMPTION: .01.WOD.BOILER.STD.RADIATOR.],UK,2010,19.5015220700152,1,0.975076103500761,1,0,1,100000000.0,100,100000000.0,20.0,1.0,1,0.8,0.1,WOOD,SER.SPACE-HEAT.HIGH-CONSUMPTION,1,0,0,0,0,0,0,0,0,0,0,0,0,0,0,0,0,0,0,0,0,0,0,0,0
SHHCSV01 [SER.HEAT.HIGH-CONSUMPTION: .01.CONSERVATION-MEASURES.],UK,2010,0.000214260703757405,1,0.000214260703757405,1,0,1,100000000.0,100,100000000.0,50.0,1.0,1,1.0,0.1,HCO,SER.SPACE-HEAT.HIGH-CONSUMPTION,1,0,0,0,0,0,0,0,0,0,0,0,0,0,0,0,0,0,0,0,0,0,0,0,0
SHHDAIR00 [SER.HEAT.HIGH-CONSUMPTION: .00.AIR.DELIVERY.],UK,2010,19.8952532271692,1,0.397905064543385,1,0,1,2.0,100,100000000.0,50.0,1.0,1,1.0,0.1,ELC,SER.SPACE-HEAT.HIGH-CONSUMPTION,1,0,0,0,0,0,0,0,0,0,0,0,0,0,0,0,0,0,0,0,0,0,0,0,0
SHHDAIR01 [SER.HEAT.HIGH-CONSUMPTION: .01.AIR.DELIVERY.],UK,2010,19.8952532271692,1,0.397905064543385,1,0,1,100000000.0,100,100000000.0,50.0,1.0,1,1.0,0.1,ELC,SER.SPACE-HEAT.HIGH-CONSUMPTION,1,0,0,0,0,0,0,0,0,0,0,0,0,0,0,0,0,0,0,0,0,0,0,0,0
SHHDRAD00 [SER.HEAT.HIGH-CONSUMPTION: .00.HTP.RADIATOR.],UK,2010,19.8952532271692,1,0.397905064543385,1,0,1,2.0,100,100000000.0,50.0,1.0,1,1.0,0.1,HCO,SER.SPACE-HEAT.HIGH-CONSUMPTION,1,0,0,0,0,0,0,0,0,0,0,0,0,0,0,0,0,0,0,0,0,0,0,0,0
SHHDRAD01 [SER.HEAT.HIGH-CONSUMPTION: .01.HTP.RADIATOR.],UK,2010,19.8952532271692,1,0.397905064543385,1,0,1,100000000.0,100,100000000.0,50.0,1.0,1,1.0,0.1,HCO,SER.SPACE-HEAT.HIGH-CONSUMPTION,1,0,0,0,0,0,0,0,0,0,0,0,0,0,0,0,0,0,0,0,0,0,0,0,0
SHHFCLRH01 [SER.HEAT.HIGH-CONSUMPTION: .01.HDG.FUEL-CELL.STD.RADIATOR.],UK,2010,3592.515,1,179.62575,1,0,1,100000000.0,100,100000000.0,15.0,1.0,1,0.9,0.1,HYDROGEN,SER.SPACE-HEAT.HIGH-CONSUMPTION,1,0,0,0,0,0,0,0,0,0,0,0,0,0,0,0,0,0,0,0,0,0,0,0,0
SHHVACAE00 [SER.HEAT.HIGH-CONSUMPTION: .00.ELC.HVAC.HFC.AIR.],UK,2010,177.777777777778,1,5.33333333333333,1,0,1,2.0,100,100000000.0,20.0,1.0,1,2.5,0.1,ELC,SER.SPACE-HEAT.HIGH-CONSUMPTION,1,0,0,0,0,0,0,0,0,0,0,0,0,0,0,0,0,0,0,0,0,0,0,0,0
SHHVACAE01 [SER.HEAT.HIGH-CONSUMPTION: .01.ELC.HVAC.HFC.AIR.],UK,2010,177.777777777778,1,5.33333333333333,1,0,1,100000000.0,100,100000000.0,20.0,1.0,1,2.5,0.1,ELC,SER.SPACE-HEAT.HIGH-CONSUMPTION,1,0,0,0,0,0,0,0,0,0,0,0,0,0,0,0,0,0,0,0,0,0,0,0,0
SHHVACAE02 [SER.HEAT.HIGH-CONSUMPTION.02.ELC.HVAC.HFO-HC.AIR.],UK,2010,195.555555555556,1,5.86666666666667,1,0,1,100000000.0,100,100000000.0,20.0,1.0,1,2.5,0.1,ELC,SER.SPACE-HEAT.HIGH-CONSUMPTION,1,0,0,0,0,0,0,0,0,0,0,0,0,0,0,0,0,0,0,0,0,0,0,0,0
SHLAHBRE01 [SER.HEAT.LOW-CONSUMPTION: .01.ELC.HEAT PUMP.AIR.NGA.BOILER.RADIATOR.],UK,2010,8.86947882379918,1,0.532168729427951,1,0,1,100000000.0,100,100000000.0,19.0,1.0,1,0.9,0.1,ELC,SER.SPACE-HEAT.LOW-CONSUMPTION,1,0,0,0,0,0,0,0,0,0,0,0,0,0,0,0,0,0,0,0,0,0,0,0,0
SHLAHHRE01 [SER.HEAT.LOW-CONSUMPTION: .01.ELC.HEAT PUMP.AIR.HYG.BOILER.RADIATOR.],UK,2010,8.86947882379918,1,0.532168729427951,1,0,1,100000000.0,100,100000000.0,19.0,1.0,1,2.24422747030372,0.1,ELC,SER.SPACE-HEAT.LOW-CONSUMPTION,1,0,0,0,0,0,0,0,0,0,0,0,0,0,0,0,0,0,0,0,0,0,0,0,0
SHLAHHUE01 [SER.HEAT.LOW-CONSUMPTION: .01.ELC.HEAT PUMP.AIR.HYG.BOILER.UNDERFLOOR.],UK,2010,8.86947882379918,1,0.532168729427951,1,0,1,100000000.0,100,100000000.0,19.0,1.0,1,2.65306867575931,0.1,ELC,SER.SPACE-HEAT.LOW-CONSUMPTION,1,0,0,0,0,0,0,0,0,0,0,0,0,0,0,0,0,0,0,0,0,0,0,0,0
SHLAHPRE00 [SER.HEAT.LOW-CONSUMPTION: .00.ELC.HEAT PUMP.AIR.RADIATOR.],UK,2010,29.0116584616099,1,2.90116584616099,1,0,1,2.0,100,100000000.0,20.0,1.0,1,2.5,0.1,ELC,SER.SPACE-HEAT.LOW-CONSUMPTION,1,0,0,0,0,0,0,0,0,0,0,0,0,0,0,0,0,0,0,0,0,0,0,0,0
SHLAHPRE01 [SER.HEAT.LOW-CONSUMPTION: .01.ELC.HEAT PUMP.AIR.RADIATOR.],UK,2010,29.0116584616099,1,1.45058292308049,1,0,1,100000000.0,100,100000000.0,20.0,1.0,1,2.24422747030372,0.1,ELC,SER.SPACE-HEAT.LOW-CONSUMPTION,1,0,0,0,0,0,0,0,0,0,0,0,0,0,0,0,0,0,0,0,0,0,0,0,0
SHLAHPUE01 [SER.HEAT.LOW-CONSUMPTION: .01.ELC.HEAT PUMP.AIR.UNDERFLOOR.],UK,2010,29.0116584616099,1,1.45058292308049,1,0,1,100000000.0,100,100000000.0,20.0,1.0,1,2.65306867575931,0.1,ELC,SER.SPACE-HEAT.LOW-CONSUMPTION,1,0,0,0,0,0,0,0,0,0,0,0,0,0,0,0,0,0,0,0,0,0,0,0,0
SHLAHSRE01 [SER.HEAT.LOW-CONSUMPTION: .01.ELC.HEAT PUMP.AIR.SOLAR-THERMAL.RADIATOR.],UK,2010,36.7861867993529,1,1.83930933996765,1,0,1,100000000.0,100,100000000.0,20.0,1.0,1,2.24422747030372,0.1,ELC,SER.SPACE-HEAT.LOW-CONSUMPTION,1,0,0,0,0,0,0,0,0,0,0,0,0,0,0,0,0,0,0,0,0,0,0,0,0
SHLAHSUE01 [SER.HEAT.LOW-CONSUMPTION: .01.ELC.HEAT PUMP.AIR.SOLAR-THERMAL.UNDERFLOOR.],UK,2010,36.7861867993529,1,1.83930933996765,1,0,1,100000000.0,100,100000000.0,20.0,1.0,1,2.65306867575931,0.1,ELC,SER.SPACE-HEAT.LOW-CONSUMPTION,1,0,0,0,0,0,0,0,0,0,0,0,0,0,0,0,0,0,0,0,0,0,0,0,0
SHLBLCRG00 [SER.HEAT.LOW-CONSUMPTION: .00.NGA.BOILER.CON.RADIATOR.],UK,2010,2.14606788620128,1,0.214606788620128,1,0,1,2.0,100,100000000.0,15.0,1.0,1,0.86,0.1,NGA,SER.SPACE-HEAT.LOW-CONSUMPTION,1,0,0,0,0,0,0,0,0,0,0,0,0,0,0,0,0,0,0,0,0,0,0,0,0
SHLBLCRG01 [SER.HEAT.LOW-CONSUMPTION: .01.NGA.BOILER.CON.RADIATOR.],UK,2010,2.14606788620128,1,0.214606788620128,1,0,1,100000000.0,100,100000000.0,15.0,1.0,1,0.9,0.1,NGA,SER.SPACE-HEAT.LOW-CONSUMPTION,1,0,0,0,0,0,0,0,0,0,0,0,0,0,0,0,0,0,0,0,0,0,0,0,0
SHLBLCRO00 [SER.HEAT.LOW-CONSUMPTION: .00.OIL.BOILER.CON.RADIATOR.],UK,2010,3.52379047981198,1,0.704758095962395,1,0,1,2.0,100,100000000.0,15.0,1.0,1,0.86,0.1,OIL,SER.SPACE-HEAT.LOW-CONSUMPTION,1,0,0,0,0,0,0,0,0,0,0,0,0,0,0,0,0,0,0,0,0,0,0,0,0
SHLBLCRO01 [SER.HEAT.LOW-CONSUMPTION: .01.OIL.BOILER.CON.RADIATOR.],UK,2010,3.52379047981198,1,0.352379047981198,1,0,1,100000000.0,100,100000000.0,15.0,1.0,1,0.9,0.1,OIL,SER.SPACE-HEAT.LOW-CONSUMPTION,1,0,0,0,0,0,0,0,0,0,0,0,0,0,0,0,0,0,0,0,0,0,0,0,0
SHLBLCRP01 [SER.HEAT.LOW-CONSUMPTION: .01.PELH.BOILER.CON.RADIATOR.],UK,2010,12.0881910256708,1,1.20881910256708,1,0,1,100000000.0,100,100000000.0,15.0,1.0,1,0.85,0.1,PELLETS,SER.SPACE-HEAT.LOW-CONSUMPTION,1,0,0,0,0,0,0,0,0,0,0,0,0,0,0,0,0,0,0,0,0,0,0,0,0
SHLBLRRC00 [SER.HEAT.LOW-CONSUMPTION: .00.HCO.BOILER.STD.RADIATOR.],UK,2010,19.5,1,0.662366631543604,1,0,1,2.0,100,100000000.0,15.0,1.0,1,0.6,0.1,HCO,SER.SPACE-HEAT.LOW-CONSUMPTION,1,0,0,0,0,0,0,0,0,0,0,0,0,0,0,0,0,0,0,0,0,0,0,0,0
SHLBLRRE00 [SER.HEAT.LOW-CONSUMPTION: .00.ELC.BOILER.STD.RADIATOR.],UK,2010,4.50409309449651,1,0.450409309449651,1,0,1,2.0,100,100000000.0,15.0,1.0,1,0.95,0.1,ELC,SER.SPACE-HEAT.LOW-CONSUMPTION,1,0,0,0,0,0,0,0,0,0,0,0,0,0,0,0,0,0,0,0,0,0,0,0,0
SHLBLRRE01 [SER.HEAT.LOW-CONSUMPTION: .01.ELC.BOILER.CON.RADIATOR.],UK,2010,4.50409309449651,1,0.450409309449651,1,0,1,100000000.0,100,100000000.0,15.0,1.0,1,0.95,0.1,ELC,SER.SPACE-HEAT.LOW-CONSUMPTION,1,0,0,0,0,0,0,0,0,0,0,0,0,0,0,0,0,0,0,0,0,0,0,0,0
SHLBLRRG00 [SER.HEAT.LOW-CONSUMPTION: .00.NGA.BOILER.STD.RADIATOR.],UK,2010,2.14606788620128,1,0.214606788620128,1,0,1,2.0,100,100000000.0,15.0,1.0,1,0.67,0.1,NGA,SER.SPACE-HEAT.LOW-CONSUMPTION,1,0,0,0,0,0,0,0,0,0,0,0,0,0,0,0,0,0,0,0,0,0,0,0,0
SHLBLRRO00 [SER.HEAT.LOW-CONSUMPTION: .00.OIL.BOILER.STD.RADIATOR.],UK,2010,3.52379047981198,1,0.352379047981198,1,0,1,2.0,100,100000000.0,15.0,1.0,1,0.67,0.1,OIL,SER.SPACE-HEAT.LOW-CONSUMPTION,1,0,0,0,0,0,0,0,0,0,0,0,0,0,0,0,0,0,0,0,0,0,0,0,0
SHLBLRRW00 [SER.HEAT.LOW-CONSUMPTION: .00.WOD.BOILER.STD.RADIATOR.],UK,2010,10.2401881236641,1,1.02401881236641,1,0,1,2.0,100,100000000.0,15.0,1.0,1,0.7,0.1,WOOD,SER.SPACE-HEAT.LOW-CONSUMPTION,1,0,0,0,0,0,0,0,0,0,0,0,0,0,0,0,0,0,0,0,0,0,0,0,0
SHLBLRRW01 [SER.HEAT.LOW-CONSUMPTION: .01.WOD.BOILER.CON.RADIATOR.],UK,2010,10.2401881236641,1,1.02401881236641,1,0,1,100000000.0,100,100000000.0,15.0,1.0,1,0.7,0.1,WOOD,SER.SPACE-HEAT.LOW-CONSUMPTION,1,0,0,0,0,0,0,0,0,0,0,0,0,0,0,0,0,0,0,0,0,0,0,0,0
SHLBLSRE01 [SER.HEAT.LOW-CONSUMPTION: .01.ELC.BOILER.CON.SOLAR-THERMAL.RADIATOR.],UK,2010,15.6390132247701,1,1.56390132247701,1,0,1,100000000.0,100,100000000.0,19.0,1.0,1,0.95,0.1,ELC,SER.SPACE-HEAT.LOW-CONSUMPTION,1,0,0,0,0,0,0,0,0,0,0,0,0,0,0,0,0,0,0,0,0,0,0,0,0
SHLBLSRG01 [SER.HEAT.LOW-CONSUMPTION: .01.NGA.BOILER.CON.SOLAR-THERMAL.RADIATOR.],UK,2010,8.54156372617424,1,0.854156372617424,1,0,1,100000000.0,100,100000000.0,19.0,1.0,1,0.9,0.1,NGA,SER.SPACE-HEAT.LOW-CONSUMPTION,1,0,0,0,0,0,0,0,0,0,0,0,0,0,0,0,0,0,0,0,0,0,0,0,0
SHLBLSRH01 [SER.HEAT.LOW-CONSUMPTION: .01.HYG.BOILER.CON.SOLAR-THERMAL.RADIATOR.],UK,2010,8.54156372617424,1,0.854156372617424,1,0,1,100000000.0,100,100000000.0,19.0,1.0,1,0.9,0.1,SOLAR,SER.SPACE-HEAT.LOW-CONSUMPTION,1,0,0,0,0,0,0,0,0,0,0,0,0,0,0,0,0,0,0,0,0,0,0,0,0
SHLBLSRO01 [SER.HEAT.LOW-CONSUMPTION: .01.OIL.BOILER.CON.SOLAR-THERMAL.RADIATOR.],UK,2010,9.7753451532883,1,0.97753451532883,1,0,1,100000000.0,100,100000000.0,19.0,1.0,1,0.9,0.1,OIL,SER.SPACE-HEAT.LOW-CONSUMPTION,1,0,0,0,0,0,0,0,0,0,0,0,0,0,0,0,0,0,0,0,0,0,0,0,0
SHLBLSRP01 [SER.HEAT.LOW-CONSUMPTION: .01.PELH.BOILER.CON.SOLAR-THERMAL.RADIATOR.],UK,2010,17.5695220534223,1,1.75695220534223,1,0,1,100000000.0,100,100000000.0,19.0,1.0,1,0.85,0.1,SOLAR,SER.SPACE-HEAT.LOW-CONSUMPTION,1,0,0,0,0,0,0,0,0,0,0,0,0,0,0,0,0,0,0,0,0,0,0,0,0
SHLBLSRW01 [SER.HEAT.LOW-CONSUMPTION: .01.WOD.BOILER.CON.SOLAR-THERMAL.RADIATOR.],UK,2010,20.6443567431374,1,2.06443567431374,1,0,1,100000000.0,100,100000000.0,19.0,1.0,1,1.0,0.1,SOLAR,SER.SPACE-HEAT.LOW-CONSUMPTION,1,0,0,0,0,0,0,0,0,0,0,0,0,0,0,0,0,0,0,0,0,0,0,0,0
SHLCHBRH01 [SER.HEAT.LOW-CONSUMPTION: .01.HYG.MICRO-CHP-BOILER.STD.RADIATOR.],UK,2010,1.14456953930735,1,0.0572284769653674,1,0,1,100000000.0,100,100000000.0,15.0,1.0,1,0.88,0.1,NGA,SER.SPACE-HEAT.LOW-CONSUMPTION,1,0,0,0,0,0,0,0,0,0,0,0,0,0,0,0,0,0,0,0,0,0,0,0,0
SHLCHPRG01 [SER.HEAT.LOW-CONSUMPTION: .01.GAS.MICRO-CHP.STD.RADIATOR.],UK,2010,245.452719332641,1,12.272635966632,1,0,1,100000000.0,100,100000000.0,15.0,1.0,1,0.8,0.1,NGA,SER.SPACE-HEAT.LOW-CONSUMPTION,1,0,0,0,0,0,0,0,0,0,0,0,0,0,0,0,0,0,0,0,0,0,0,0,0
SHLCHPRH01 [SER.HEAT.LOW-CONSUMPTION: .01.HYG.MICRO-CHP.STD.RADIATOR.],UK,2010,3848.70808417727,1,300.0321672,1,0,1,100000000.0,100,100000000.0,15.0,1.0,1,0.88,0.1,NGA,SER.SPACE-HEAT.LOW-CONSUMPTION,1,0,0,0,0,0,0,0,0,0,0,0,0,0,0,0,0,0,0,0,0,0,0,0,0
SHLCHPRW01 [SER.HEAT.LOW-CONSUMPTION: .01.WOD.MICRO-CHP.STD.RADIATOR.],UK,2010,562.953749315161,1,28.1476874657581,1,0,1,100000000.0,100,100000000.0,15.0,1.0,1,0.8,0.1,WOOD,SER.SPACE-HEAT.LOW-CONSUMPTION,1,0,0,0,0,0,0,0,0,0,0,0,0,0,0,0,0,0,0,0,0,0,0,0,0
SHLCSV01 [SER.HEAT.LOW-CONSUMPTION: .01.CONSERVATION-MEASURES.],UK,2010,0.00033219650464707,1,0.00033219650464707,1,0,1,100000000.0,100,100000000.0,50.0,1.0,1,1.0,0.1,OIL,SER.SPACE-HEAT.LOW-CONSUMPTION,1,0,0,0,0,0,0,0,0,0,0,0,0,0,0,0,0,0,0,0,0,0,0,0,0
SHLDRAD00 [SER.HEAT.LOW-CONSUMPTION: .00.HTP.RADIATOR.],UK,2010,30.8462236202543,1,0.616924472405086,1,0,1,2.0,100,100000000.0,50.0,1.0,1,1.0,0.1,HCO,SER.SPACE-HEAT.LOW-CONSUMPTION,1,0,0,0,0,0,0,0,0,0,0,0,0,0,0,0,0,0,0,0,0,0,0,0,0
SHLDRAD01 [SER.HEAT.LOW-CONSUMPTION: .01.HTP.RADIATOR.],UK,2010,30.8462236202543,1,0.616924472405086,1,0,1,100000000.0,100,100000000.0,50.0,1.0,1,1.0,0.1,ELC,SER.SPACE-HEAT.LOW-CONSUMPTION,1,0,0,0,0,0,0,0,0,0,0,0,0,0,0,0,0,0,0,0,0,0,0,0,0
SHLDSTD00 [SER.HEAT.LOW-CONSUMPTION: .00.STANDALONE.DELIVERY.],UK,2010,0.00030600894353262,1,0.00030600894353262,1,0,1,2.0,100,100000000.0,50.0,1.0,1,1.0,0.1,LFO,SER.SPACE-HEAT.LOW-CONSUMPTION,1,0,0,0,0,0,0,0,0,0,0,0,0,0,0,0,0,0,0,0,0,0,0,0,0
SHLDSTD01 [SER.HEAT.LOW-CONSUMPTION: .01.STANDALONE.DELIVERY.],UK,2010,0.00030600894353262,1,0.00030600894353262,1,0,1,100000000.0,100,100000000.0,50.0,1.0,1,1.0,0.1,ELC,SER.SPACE-HEAT.LOW-CONSUMPTION,1,0,0,0,0,0,0,0,0,0,0,0,0,0,0,0,0,0,0,0,0,0,0,0,0
SHLDUND01 [SER.HEAT.LOW-CONSUMPTION: .01.HTP.UNDERFLOOR.],UK,2010,70.3935102707097,1,1.40787020541419,1,0,1,100000000.0,100,100000000.0,50.0,1.0,1,1.0,0.1,ELC,SER.SPACE-HEAT.LOW-CONSUMPTION,1,0,0,0,0,0,0,0,0,0,0,0,0,0,0,0,0,0,0,0,0,0,0,0,0
SHLGHBRE01 [SER.HEAT.LOW-CONSUMPTION: .01.ELC.HEAT PUMP.GROUND.NGA.BOILER.RADIATOR.],UK,2010,18.4449625513378,1,1.10669775308027,1,0,1,100000000.0,100,100000000.0,19.0,1.0,1,0.9,0.1,ELC,SER.SPACE-HEAT.LOW-CONSUMPTION,1,0,0,0,0,0,0,0,0,0,0,0,0,0,0,0,0,0,0,0,0,0,0,0,0
SHLGHHRE01 [SER.HEAT.LOW-CONSUMPTION: .01.ELC.HEAT PUMP.GROUND.HYG.BOILER.RADIATOR.],UK,2010,18.4449625513378,1,1.10669775308027,1,0,1,100000000.0,100,100000000.0,19.0,1.0,1,2.4872278501386,0.1,ELC,SER.SPACE-HEAT.LOW-CONSUMPTION,1,0,0,0,0,0,0,0,0,0,0,0,0,0,0,0,0,0,0,0,0,0,0,0,0
SHLGHHUE01 [SER.HEAT.LOW-CONSUMPTION: .01.ELC.HEAT PUMP.GROUND.HYG.BOILER.UNDERFLOOR.],UK,2010,18.4449625513378,1,1.10669775308027,1,0,1,100000000.0,100,100000000.0,19.0,1.0,1,3.01572875749925,0.1,ELC,SER.SPACE-HEAT.LOW-CONSUMPTION,1,0,0,0,0,0,0,0,0,0,0,0,0,0,0,0,0,0,0,0,0,0,0,0,0
SHLGHPRE01 [SER.HEAT.LOW-CONSUMPTION: .01.ELC.HEAT PUMP.GROUND.RADIATOR.],UK,2010,61.5683031352411,1,3.07841515676206,1,0,1,100000000.0,100,100000000.0,20.0,1.0,1,2.4872278501386,0.1,ELC,SER.SPACE-HEAT.LOW-CONSUMPTION,1,0,0,0,0,0,0,0,0,0,0,0,0,0,0,0,0,0,0,0,0,0,0,0,0
SHLGHPUE01 [SER.HEAT.LOW-CONSUMPTION: .01.ELC.HEAT PUMP.GROUND.UNDERFLOOR.],UK,2010,61.5683031352411,1,3.07841515676206,1,0,1,100000000.0,100,100000000.0,20.0,1.0,1,3.01572875749925,0.1,ELC,SER.SPACE-HEAT.LOW-CONSUMPTION,1,0,0,0,0,0,0,0,0,0,0,0,0,0,0,0,0,0,0,0,0,0,0,0,0
SHLGHSRE01 [SER.HEAT.LOW-CONSUMPTION: .01.ELC.HEAT PUMP.GROUND.SOLAR-THERMAL.RADIATOR.],UK,2010,62.2210654506273,1,3.11105327253137,1,0,1,100000000.0,100,100000000.0,20.0,1.0,1,2.4872278501386,0.1,ELC,SER.SPACE-HEAT.LOW-CONSUMPTION,1,0,0,0,0,0,0,0,0,0,0,0,0,0,0,0,0,0,0,0,0,0,0,0,0
SHLGHSUE01 [SER.HEAT.LOW-CONSUMPTION: .01.ELC.HEAT PUMP.GROUND.SOLAR-THERMAL.UNDERFLOOR.],UK,2010,62.2210654506273,1,3.11105327253137,1,0,1,100000000.0,100,100000000.0,20.0,1.0,1,3.01572875749925,0.1,ELC,SER.SPACE-HEAT.LOW-CONSUMPTION,1,0,0,0,0,0,0,0,0,0,0,0,0,0,0,0,0,0,0,0,0,0,0,0,0
SHLNSTRE00 [SER.HEAT.LOW-CONSUMPTION: .00.ELC.RESISTANCE.STANDALONE.NIGHT-STORAGE.],UK,2010,16.944117689746,1,0.778756137528725,1,0,1,2.0,100,100000000.0,15.0,1.0,1,0.8,0.1,ELC,SER.SPACE-HEAT.LOW-CONSUMPTION,1,0,0,0,0,0,0,0,0,0,0,0,0,0,0,0,0,0,0,0,0,0,0,0,0
SHLNSTRE01 [SER.HEAT.LOW-CONSUMPTION: .01.ELC.RESISTANCE.STANDALONE.NIGHT-STORAGE.],UK,2010,16.944117689746,1,1.6944117689746,1,0,1,100000000.0,100,100000000.0,15.0,1.0,1,0.9,0.1,ELC,SER.SPACE-HEAT.LOW-CONSUMPTION,1,0,0,0,0,0,0,0,0,0,0,0,0,0,0,0,0,0,0,0,0,0,0,0,0
SHLREFCG01 [SER.HEAT.LOW-CONSUMPTION: .01.HYG.MICRO-CHP.REFORMER.],UK,2010,4.54373017541055,1,0.227186508770528,1,0,1,100000000.0,100,100000000.0,15.0,1.0,1,0.81,0.1,NGA,SER.SPACE-HEAT.LOW-CONSUMPTION,1,0,0,0,0,0,0,0,0,0,0,0,0,0,0,0,0,0,0,0,0,0,0,0,0
SHLSHTRE00 [SER.HEAT.LOW-CONSUMPTION: .00.ELC.RESISTANCE.STANDALONE.],UK,2010,7.02451501574902,1,0.702451501574902,1,0,1,2.0,100,100000000.0,15.0,1.0,1,0.8,0.1,ELC,SER.SPACE-HEAT.LOW-CONSUMPTION,1,0,0,0,0,0,0,0,0,0,0,0,0,0,0,0,0,0,0,0,0,0,0,0,0
SHLSHTRE01 [SER.HEAT.LOW-CONSUMPTION: .01.ELC.RESISTANCE.STANDALONE.],UK,2010,7.02451501574902,1,0.702451501574902,1,0,1,100000000.0,100,100000000.0,15.0,1.0,1,0.9,0.1,ELC,SER.SPACE-HEAT.LOW-CONSUMPTION,1,0,0,0,0,0,0,0,0,0,0,0,0,0,0,0,0,0,0,0,0,0,0,0,0
SHLSHTRG00 [SER.HEAT.LOW-CONSUMPTION: .00.NGA.RESISTANCE.STANDALONE.],UK,2010,7.02451501574902,1,0.686741723584409,1,0,1,2.0,100,100000000.0,15.0,1.0,1,0.67,0.1,NGA,SER.SPACE-HEAT.LOW-CONSUMPTION,1,0,0,0,0,0,0,0,0,0,0,0,0,0,0,0,0,0,0,0,0,0,0,0,0
SHLSHTRO00 [SER.HEAT.LOW-CONSUMPTION: .00.LFO.RESISTANCE.STANDALONE.],UK,2010,7.02451501574902,1,0.686741723584409,1,0,1,2.0,100,100000000.0,15.0,1.0,1,0.67,0.1,LFO,SER.SPACE-HEAT.LOW-CONSUMPTION,1,0,0,0,0,0,0,0,0,0,0,0,0,0,0,0,0,0,0,0,0,0,0,0,0
SHLSTGNT00 [SER.HEAT.LOW-CONSUMPTION: .00.ELC.NIGHT-STORAGE.HEAT-SUPPLY.],UK,2010,0.0001,1,0.0,1,0,1,2.0,100,100000000.0,15.0,1.0,1,1.0,0.1,ELC,SER.SPACE-HEAT.LOW-CONSUMPTION,1,0,0,0,0,0,0,0,0,0,0,0,0,0,0,0,0,0,0,0,0,0,0,0,0
SHLSTGNT01 [SER.HEAT.LOW-CONSUMPTION: .01.ELC.NIGHT-STORAGE.HEAT-SUPPLY.],UK,2010,0.0001,1,0.0001,1,0,1,100000000.0,100,100000000.0,15.0,1.0,1,1.0,0.1,ELC,SER.SPACE-HEAT.LOW-CONSUMPTION,1,0,0,0,0,0,0,0,0,0,0,0,0,0,0,0,0,0,0,0,0,0,0,0,0
SLOFEFLU00 [SER.LIGHTING: .00.OFFICE.FLUORESCENT.],UK,2010,0.520833333333333,1,0.0,1,0,1,2.0,100,100000000.0,1.0,1.0,1,2.22222222222222,0.1,ELC,SER.LIGHTING.OFFICE,1,0,0,0,0,0,0,0,0,0,0,0,0,0,0,0,0,0,0,0,0,0,0,0,0
SLOFEFLU01 [SER.LIGHTING: .01.OFFICE.FLUORESCENT.],UK,2010,0.520833333333333,1,0.0,1,0,1,100000000.0,100,100000000.0,1.0,1.0,1,2.22222222222222,0.1,ELC,SER.LIGHTING.OFFICE,1,0,0,0,0,0,0,0,0,0,0,0,0,0,0,0,0,0,0,0,0,0,0,0,0
SLOFELED00 [SER.LIGHTING: .00.OFFICE.LED.],UK,2010,4.16666666666667,1,0.0,1,0,1,2.0,100,100000000.0,21.0,1.0,1,1.63701985699875,0.1,ELC,SER.LIGHTING.OFFICE,1,0,0,0,0,0,0,0,0,0,0,0,0,0,0,0,0,0,0,0,0,0,0,0,0
SLOFELED01 [SER.LIGHTING: .01.OFFICE.LED.],UK,2010,4.16666666666667,1,0.0,1,0,1,100000000.0,100,100000000.0,21.0,1.0,1,1.63701985699875,0.1,ELC,SER.LIGHTING.OFFICE,1,0,0,0,0,0,0,0,0,0,0,0,0,0,0,0,0,0,0,0,0,0,0,0,0
SLOTECCL00 [SER.LIGHTING: .00.OTHER.CCL.],UK,2010,1.5625,1,0.0,1,0,1,2.0,100,100000000.0,7.0,1.0,1,1.63701985699875,0.1,ELC,SER.LIGHTING.OTHER,1,0,0,0,0,0,0,0,0,0,0,0,0,0,0,0,0,0,0,0,0,0,0,0,0
SLOTECCL01 [SER.LIGHTING: .01.OTHER.CCL.],UK,2010,1.5625,1,0.0,1,0,1,100000000.0,100,100000000.0,7.0,1.0,1,1.63701985699875,0.1,ELC,SER.LIGHTING.OTHER,1,0,0,0,0,0,0,0,0,0,0,0,0,0,0,0,0,0,0,0,0,0,0,0,0
SLOTELED00 [SER.LIGHTING: .00.OTHER.LED.],UK,2010,4.16666666666667,1,0.0,1,0,1,2.0,100,100000000.0,21.0,1.0,1,1.63701985699875,0.1,ELC,SER.LIGHTING.OTHER,1,0,0,0,0,0,0,0,0,0,0,0,0,0,0,0,0,0,0,0,0,0,0,0,0
SLOTELED01 [SER.LIGHTING: .01.OTHER.LED.],UK,2010,4.16666666666667,1,0.0,1,0,1,100000000.0,100,100000000.0,21.0,1.0,1,1.63701985699875,0.1,ELC,SER.LIGHTING.OTHER,1,0,0,0,0,0,0,0,0,0,0,0,0,0,0,0,0,0,0,0,0,0,0,0,0
SOTHELC00 [SER.OTHER: .00.ELC.],UK,2010,1.0,1,0.0,1,0,1,2.0,100,100000000.0,50.0,1.0,1,0.9,0.1,ELC,SER.OTHER,1,0,0,0,0,0,0,0,0,0,0,0,0,0,0,0,0,0,0,0,0,0,0,0,0
SOTHELC01 [SER.OTHER: .01.ELC.],UK,2010,1.0,1,0.0,1,0,1,100000000.0,100,100000000.0,50.0,1.0,1,0.9,0.1,ELC,SER.OTHER,1,0,0,0,0,0,0,0,0,0,0,0,0,0,0,0,0,0,0,0,0,0,0,0,0
SOTHNGA00 [SER.OTHER: .00.NGA.OIL.HEAT.],UK,2010,1.0,1,0.0,1,0,1,2.0,100,100000000.0,50.0,1.0,1,0.9,0.1,NGA,SER.OTHER,1,0,0,0,0,0,0,0,0,0,0,0,0,0,0,0,0,0,0,0,0,0,0,0,0
SOTHNGA01 [SER.OTHER: .01.NGA.],UK,2010,1.0,1,0.0,1,0,1,100000000.0,100,100000000.0,50.0,1.0,1,0.9,0.1,NGA,SER.OTHER,1,0,0,0,0,0,0,0,0,0,0,0,0,0,0,0,0,0,0,0,0,0,0,0,0
SREFEHFC00 [SER.REFRIGERATION: .00.HFC.],UK,2010,296.835518792402,1,14.8417759396201,1,0,1,2.0,100,100000000.0,15.0,1.0,1,0.9,0.1,ELC,SER.REFRIGERATION,1,0,0,0,0,0,0,0,0,0,0,0,0,0,0,0,0,0,0,0,0,0,0,0,0
SREFEHFC01 [SER.REFRIGERATION: .01.HFC.],UK,2010,296.835518792402,1,14.8417759396201,1,0,1,100000000.0,100,100000000.0,15.0,1.0,1,0.9,0.1,ELC,SER.REFRIGERATION,1,0,0,0,0,0,0,0,0,0,0,0,0,0,0,0,0,0,0,0,0,0,0,0,0
SREFEHFO00 [SER.REFRIGERATION: .00.HFO.],UK,2010,326.519070671643,1,16.3259535335821,1,0,1,2.0,100,100000000.0,15.0,1.0,1,0.9,0.1,ELC,SER.REFRIGERATION,1,0,0,0,0,0,0,0,0,0,0,0,0,0,0,0,0,0,0,0,0,0,0,0,0
SREFEHFO01 [SER.REFRIGERATION: .01.HFO.],UK,2010,326.519070671643,1,16.3259535335821,1,0,1,100000000.0,100,100000000.0,15.0,1.0,1,0.9,0.1,ELC,SER.REFRIGERATION,1,0,0,0,0,0,0,0,0,0,0,0,0,0,0,0,0,0,0,0,0,0,0,0,0
SWHBLRRC00 [SER.WATER.HIGH-CONSUMPTION: .00.HCO.BOILER.STD.PIPE.],UK,2010,29.25,1,1.4625,1,0,1,2.0,100,100000000.0,20.0,1.0,1,0.8,0.1,HCO,SER.HOT-WATER.HIGH-CONSUMPTION,1,0,0,0,0,0,0,0,0,0,0,0,0,0,0,0,0,0,0,0,0,0,0,0,0
SWHBLRRC01 [SER.WATER.HIGH-CONSUMPTION: .01.HCO.BOILER.STD.PIPE.],UK,2010,29.25,1,1.4625,1,0,1,100000000.0,100,100000000.0,20.0,1.0,1,0.8,0.1,HCO,SER.HOT-WATER.HIGH-CONSUMPTION,1,0,0,0,0,0,0,0,0,0,0,0,0,0,0,0,0,0,0,0,0,0,0,0,0
SWHBLRRG00 [SER.WATER.HIGH-CONSUMPTION: .00.NGA.BOILER.STD.PIPE.],UK,2010,4.42351598173516,1,0.221175799086758,1,0,1,2.0,100,100000000.0,20.0,1.0,1,0.86,0.1,NGA,SER.HOT-WATER.HIGH-CONSUMPTION,1,0,0,0,0,0,0,0,0,0,0,0,0,0,0,0,0,0,0,0,0,0,0,0,0
SWHBLRRG01 [SER.WATER.HIGH-CONSUMPTION: .01.NGA.BOILER.STD.PIPE.],UK,2010,4.42351598173516,1,0.221175799086758,1,0,1,100000000.0,100,100000000.0,20.0,1.0,1,0.86,0.1,NGA,SER.HOT-WATER.HIGH-CONSUMPTION,1,0,0,0,0,0,0,0,0,0,0,0,0,0,0,0,0,0,0,0,0,0,0,0,0
SWHBLRRO00 [SER.WATER.HIGH-CONSUMPTION: .00.LFO.BOILER.STD.PIPE.],UK,2010,5.30821917808219,1,0.26541095890411,1,0,1,2.0,100,100000000.0,20.0,1.0,1,0.86,0.1,LFO,SER.HOT-WATER.HIGH-CONSUMPTION,1,0,0,0,0,0,0,0,0,0,0,0,0,0,0,0,0,0,0,0,0,0,0,0,0
SWHBLRRO01 [SER.WATER.HIGH-CONSUMPTION: .01.LFO.BOILER.STD.PIPE.],UK,2010,5.30821917808219,1,0.26541095890411,1,0,1,100000000.0,100,100000000.0,20.0,1.0,1,0.86,0.1,LFO,SER.HOT-WATER.HIGH-CONSUMPTION,1,0,0,0,0,0,0,0,0,0,0,0,0,0,0,0,0,0,0,0,0,0,0,0,0
SWHBLRRW00 [SER.WATER.HIGH-CONSUMPTION: .00.WOD.BOILER.STD.PIPE.],UK,2010,29.2522831050228,1,1.46261415525114,1,0,1,2.0,100,100000000.0,20.0,1.0,1,0.8,0.1,WOOD,SER.HOT-WATER.HIGH-CONSUMPTION,1,0,0,0,0,0,0,0,0,0,0,0,0,0,0,0,0,0,0,0,0,0,0,0,0
SWHBLRRW01 [SER.WATER.HIGH-CONSUMPTION: .01.WOD.BOILER.STD.PIPE.],UK,2010,29.2522831050228,1,1.46261415525114,1,0,1,100000000.0,100,100000000.0,20.0,1.0,1,0.8,0.1,WOOD,SER.HOT-WATER.HIGH-CONSUMPTION,1,0,0,0,0,0,0,0,0,0,0,0,0,0,0,0,0,0,0,0,0,0,0,0,0
SWHDPIP00 [SER.WATER.HIGH-CONSUMPTION: .00.PIPE.DELIVERY.],UK,2010,48.8002364061346,1,0.976004728122691,1,0,1,2.0,100,100000000.0,50.0,1.0,1,1.0,0.1,WOOD,SER.HOT-WATER.HIGH-CONSUMPTION,1,0,0,0,0,0,0,0,0,0,0,0,0,0,0,0,0,0,0,0,0,0,0,0,0
SWHDPIP01 [SER.WATER.HIGH-CONSUMPTION: .01.PIPE.DELIVERY.],UK,2010,48.8002364061346,1,0.976004728122691,1,0,1,100000000.0,100,100000000.0,50.0,1.0,1,1.0,0.1,WOOD,SER.HOT-WATER.HIGH-CONSUMPTION,1,0,0,0,0,0,0,0,0,0,0,0,0,0,0,0,0,0,0,0,0,0,0,0,0
SWHDSTD00 [SER.WATER.HIGH-CONSUMPTION: .00.STANDALONE.DELIVERY.],UK,2010,0.000525551139084136,1,0.0,1,0,1,2.0,100,100000000.0,50.0,1.0,1,1.0,0.1,ELC,SER.HOT-WATER.HIGH-CONSUMPTION,1,0,0,0,0,0,0,0,0,0,0,0,0,0,0,0,0,0,0,0,0,0,0,0,0
SWHDSTD01 [SER.WATER.HIGH-CONSUMPTION: .01.STANDALONE.DELIVERY.],UK,2010,0.000525551139084136,1,0.000525551139084136,1,0,1,100000000.0,100,100000000.0,50.0,1.0,1,1.0,0.1,ELC,SER.HOT-WATER.HIGH-CONSUMPTION,1,0,0,0,0,0,0,0,0,0,0,0,0,0,0,0,0,0,0,0,0,0,0,0,0
SWHWHTRE00 [SER.WATER.HIGH-CONSUMPTION: .00.ELC.RESISTANCE.STANDALONE.],UK,2010,6.99200913242009,1,0.349600456621005,1,0,1,2.0,100,100000000.0,20.0,1.0,1,1.0,0.1,ELC,SER.HOT-WATER.HIGH-CONSUMPTION,1,0,0,0,0,0,0,0,0,0,0,0,0,0,0,0,0,0,0,0,0,0,0,0,0
SWHWHTRE01 [SER.WATER.HIGH-CONSUMPTION: .01.ELC.RESISTANCE.STANDALONE.],UK,2010,6.99200913242009,1,0.349600456621005,1,0,1,100000000.0,100,100000000.0,20.0,1.0,1,1.0,0.1,ELC,SER.HOT-WATER.HIGH-CONSUMPTION,1,0,0,0,0,0,0,0,0,0,0,0,0,0,0,0,0,0,0,0,0,0,0,0,0
SWLDSTD00 [SER.WATER.LOW-CONSUMPTION: .00.STANDALONE.DELIVERY.],UK,2010,0.000604577645330003,1,0.000604577645330003,1,0,1,2.0,100,100000000.0,50.0,1.0,1,1.0,0.1,NGA,SER.HOT-WATER.LOW-CONSUMPTION,1,0,0,0,0,0,0,0,0,0,0,0,0,0,0,0,0,0,0,0,0,0,0,0,0
SWLDSTD01 [SER.WATER.LOW-CONSUMPTION: .01.STANDALONE.DELIVERY.],UK,2010,0.000604577645330003,1,0.000604577645330003,1,0,1,100000000.0,100,100000000.0,50.0,1.0,1,1.0,0.1,NGA,SER.HOT-WATER.LOW-CONSUMPTION,1,0,0,0,0,0,0,0,0,0,0,0,0,0,0,0,0,0,0,0,0,0,0,0,0
SWLWHTRE00 [SER.WATER.LOW-CONSUMPTION: .00.ELC.RESISTANCE.STANDALONE.],UK,2010,11.0641722133044,1,1.10641722133044,1,0,1,2.0,100,100000000.0,15.0,1.0,1,0.85,0.1,ELC,SER.HOT-WATER.LOW-CONSUMPTION,1,0,0,0,0,0,0,0,0,0,0,0,0,0,0,0,0,0,0,0,0,0,0,0,0
SWLWHTRE01 [SER.WATER.LOW-CONSUMPTION: .01.ELC.RESISTANCE.STANDALONE.],UK,2010,11.0641722133044,1,1.10641722133044,1,0,1,100000000.0,100,100000000.0,15.0,1.0,1,0.85,0.1,ELC,SER.HOT-WATER.LOW-CONSUMPTION,1,0,0,0,0,0,0,0,0,0,0,0,0,0,0,0,0,0,0,0,0,0,0,0,0
SWLWHTRG00 [SER.WATER.LOW-CONSUMPTION: .00.NGA.BOILER.STD.STANDALONE.],UK,2010,10.6826490335353,1,1.06826490335353,1,0,1,2.0,100,100000000.0,15.0,1.0,1,0.8,0.1,NGA,SER.HOT-WATER.LOW-CONSUMPTION,1,0,0,0,0,0,0,0,0,0,0,0,0,0,0,0,0,0,0,0,0,0,0,0,0
SWLWHTRG01 [SER.WATER.LOW-CONSUMPTION: .01.NGA.BOILER.STD.STANDALONE.],UK,2010,10.6826490335353,1,1.06826490335353,1,0,1,100000000.0,100,100000000.0,15.0,1.0,1,0.8,0.1,NGA,SER.HOT-WATER.LOW-CONSUMPTION,1,0,0,0,0,0,0,0,0,0,0,0,0,0,0,0,0,0,0,0,0,0,0,0,0
