ProcessName,RegionName,Time,cap_par,cap_exp,fix_par,fix_exp,var_par,var_exp,MaxCapacityAddition,MaxCapacityGrowth,TotalCapacityLimit,TechnicalLife,UtilizationFactor,ScalingSize,efficiency,InterestRate,Fuel,EndUse,s1,A1,A2,A3,B4,B5,B6,C7,C8,C9,D10,D11,D12,E13,E14,F15,F16,G17,G18,H19,H20,I21,I22,J23,J24
Unit,-,year,MGBP2020/PJ_a,-,MGBP2020/PJ_a,-,MGBP2020/PJ,-,PJ,%,PJ,years,-,PJ,%,-,-,-,new,new,new,new,new,new,new,new,new,new,new,new,new,new,new,new,new,new,new,new,new,new,new,new,new
REOTHER00 [RES.OTHER: .00.ALL.]; REOTHER01 [RES.OTHER: .01.ALL.],UK,2010,0,1,0,1,0,1,100000000.0,100,100000000,50,1,1,0.7,0.1,ELC,RES.OTHER,0,0.023014335,0.023912414,0.029535902,0.016370271,0.086796803,0.025414809,0.030627027,0.019010747,0.028008328,0.032574265,0.020832086,0.033170186,0.042595824,0.034160592,0.090559708,0.014689349,0.077639523,0.069653217,0.064561454,0.026380034,0.034160592,0.039314057,0.038038281,0.098980196
SCSHACON01 [SER.HEAT.HIGH-CONSUMPTION: .01.CONSERVATION.EFFICIENT-AIR-CONDITIONING.],UK,2010,0.0,1,0.000214260703757405,1,0,1,100000000.0,100,28.3575726167069,10.0,1.0,1,1.0,0.1,ELC,SER.SPACE-HEAT.HIGH-CONSUMPTION,1,0,0,0,0,0,0,0,0,0,0,0,0,0,0,0,0,0,0,0,0,0,0,0,0
SHLSTGNT00 [SER.HEAT.LOW-CONSUMPTION: .00.ELC.NIGHT-STORAGE.HEAT-SUPPLY.],UK,2010,0.0001,1,0.0,1,0,1,2.0,100,100000000.0,15.0,1.0,1,1.0,0.1,ELC,SER.SPACE-HEAT.LOW-CONSUMPTION,1,0,0,0,0,0,0,0,0,0,0,0,0,0,0,0,0,0,0,0,0,0,0,0,0
SHLSTGNT01 [SER.HEAT.LOW-CONSUMPTION: .01.ELC.NIGHT-STORAGE.HEAT-SUPPLY.],UK,2010,0.0001,1,0.0001,1,0,1,100000000.0,100,100000000.0,15.0,1.0,1,1.0,0.1,ELC,SER.SPACE-HEAT.LOW-CONSUMPTION,1,0,0,0,0,0,0,0,0,0,0,0,0,0,0,0,0,0,0,0,0,0,0,0,0
SHHCSV01 [SER.HEAT.HIGH-CONSUMPTION: .01.CONSERVATION-MEASURES.],UK,2010,0.000214260703757405,1,0.000214260703757405,1,0,1,100000000.0,100,100000000.0,50.0,1.0,1,1.0,0.1,HCO,SER.SPACE-HEAT.HIGH-CONSUMPTION,1,0,0,0,0,0,0,0,0,0,0,0,0,0,0,0,0,0,0,0,0,0,0,0,0
SCHDAIR00 [SER.COOLTH.HIGH-CONSUMPTION: .00.AIR.DELIVERY.],UK,2010,0.000219760900140647,1,0.0,1,0,1,2.0,100,100000000.0,50.0,1.0,1,1.0,0.1,NGA,SER.COOLING.HIGH-CONSUMPTION,1,0,0,0,0,0,0,0,0,0,0,0,0,0,0,0,0,0,0,0,0,0,0,0,0
SCHCSV01 [SER.COOLTH.HIGH-CONSUMPTION: .01.CONSERVATION-MEASURES.],UK,2010,0.000219760900140647,1,0.000219760900140647,1,0,1,100000000.0,100,100000000.0,50.0,1.0,1,1.0,0.1,ELC,SER.COOLING.HIGH-CONSUMPTION,1,0,0,0,0,0,0,0,0,0,0,0,0,0,0,0,0,0,0,0,0,0,0,0,0
SCHDAIR01 [SER.COOLTH.HIGH-CONSUMPTION: .01.AIR.DELIVERY.],UK,2010,0.000219760900140647,1,0.000219760900140647,1,0,1,100000000.0,100,100000000.0,50.0,1.0,1,1.0,0.1,NGA,SER.COOLING.HIGH-CONSUMPTION,1,0,0,0,0,0,0,0,0,0,0,0,0,0,0,0,0,0,0,0,0,0,0,0,0
RHEASA00 [RES.HEAT.EXISTING-AVERAGE: .00.STANDALONE.DELIVERY.],UK,2010,0.000281026,1,0,1,0,1,2.0,100,100000000,50,1,1,1,0.1,ELC,RES.SPACE-HEAT.EXISTING-AVERAGE,0,0,0,0,0.170633091,0.233977656,0,0,0.198155701,0,0,0,0,0,0,0.244121298,0.153112254,0,0,0,0,0,0,0,0
RHEACSV01 [RES.HEAT.EXISTING-AVERAGE: .01.CONSERVATION-MEASURES.],UK,2010,0.000281026,1,0.000281026,1,0,1,100000000.0,100,100000000,50,1,1,1,0.1,ELC,RES.SPACE-HEAT.EXISTING-AVERAGE,0,0,0,0,0.170633091,0.233977656,0,0,0.198155701,0,0,0,0,0,0,0.244121298,0.153112254,0,0,0,0,0,0,0,0
RHNASA01 [RES.HEAT.NEW-AVERAGE: .01.STANDALONE.DELIVERY.],UK,2010,0.000281026,1,0.000281026,1,0,1,100000000.0,100,100000000,50,1,1,1,0.1,ELC,RES.SPACE-HEAT.NEW-AVERAGE,0,0,0,0,0.170633091,0.233977656,0,0,0.198155701,0,0,0,0,0,0,0.244121298,0.153112254,0,0,0,0,0,0,0,0
SHLDSTD01 [SER.HEAT.LOW-CONSUMPTION: .01.STANDALONE.DELIVERY.],UK,2010,0.00030600894353262,1,0.00030600894353262,1,0,1,100000000.0,100,100000000.0,50.0,1.0,1,1.0,0.1,ELC,SER.SPACE-HEAT.LOW-CONSUMPTION,1,0,0,0,0,0,0,0,0,0,0,0,0,0,0,0,0,0,0,0,0,0,0,0,0
SHLDSTD00 [SER.HEAT.LOW-CONSUMPTION: .00.STANDALONE.DELIVERY.],UK,2010,0.00030600894353262,1,0.00030600894353262,1,0,1,2.0,100,100000000.0,50.0,1.0,1,1.0,0.1,LFO,SER.SPACE-HEAT.LOW-CONSUMPTION,1,0,0,0,0,0,0,0,0,0,0,0,0,0,0,0,0,0,0,0,0,0,0,0,0
SHLCSV01 [SER.HEAT.LOW-CONSUMPTION: .01.CONSERVATION-MEASURES.],UK,2010,0.00033219650464707,1,0.00033219650464707,1,0,1,100000000.0,100,100000000.0,50.0,1.0,1,1.0,0.1,OIL,SER.SPACE-HEAT.LOW-CONSUMPTION,1,0,0,0,0,0,0,0,0,0,0,0,0,0,0,0,0,0,0,0,0,0,0,0,0
SWHDSTD00 [SER.WATER.HIGH-CONSUMPTION: .00.STANDALONE.DELIVERY.],UK,2010,0.000525551139084136,1,0.0,1,0,1,2.0,100,100000000.0,50.0,1.0,1,1.0,0.1,ELC,SER.HOT-WATER.HIGH-CONSUMPTION,1,0,0,0,0,0,0,0,0,0,0,0,0,0,0,0,0,0,0,0,0,0,0,0,0
SWHDSTD01 [SER.WATER.HIGH-CONSUMPTION: .01.STANDALONE.DELIVERY.],UK,2010,0.000525551139084136,1,0.000525551139084136,1,0,1,100000000.0,100,100000000.0,50.0,1.0,1,1.0,0.1,ELC,SER.HOT-WATER.HIGH-CONSUMPTION,1,0,0,0,0,0,0,0,0,0,0,0,0,0,0,0,0,0,0,0,0,0,0,0,0
RWEASA00 [RES.WATER.EXISTING-AVERAGE: .00.STANDALONE.DELIVERY.],UK,2010,0.000593143,1,0,1,0,1,2.0,100,100000000,50,1,1,1,0.1,ELC,RES.HOT-WATER.EXISTING-AVERAGE,0,0,0,0,0.170633091,0.233977656,0,0,0.198155701,0,0,0,0,0,0,0.244121298,0.153112254,0,0,0,0,0,0,0,0
RWEACSV01 [RES.WATER.EXISTING-AVERAGE: .01.CONSERVATION-MEASURES.],UK,2010,0.000593143,1,0.000593143,1,0,1,100000000.0,100,100000000,50,1,1,1,0.1,ELC,RES.HOT-WATER.EXISTING-AVERAGE,0,0,0,0,0.170633091,0.233977656,0,0,0.198155701,0,0,0,0,0,0,0.244121298,0.153112254,0,0,0,0,0,0,0,0
RWNASA01 [RES.WATER.NEW-AVERAGE: .01.STANDALONE.DELIVERY.],UK,2010,0.000593143,1,0.000593143,1,0,1,100000000.0,100,100000000,50,1,1,1,0.1,ELC,RES.HOT-WATER.NEW-AVERAGE,0,0,0,0,0.170633091,0.233977656,0,0,0.198155701,0,0,0,0,0,0,0.244121298,0.153112254,0,0,0,0,0,0,0,0
SWLDSTD00 [SER.WATER.LOW-CONSUMPTION: .00.STANDALONE.DELIVERY.]; SWLDSTD01 [SER.WATER.LOW-CONSUMPTION: .01.STANDALONE.DELIVERY.],UK,2010,0.000604577645330003,1,0.000604577645330003,1,0,1,100000000.0,100,100000000.0,50.0,1.0,1,1.0,0.1,NGA,SER.HOT-WATER.LOW-CONSUMPTION,1,0,0,0,0,0,0,0,0,0,0,0,0,0,0,0,0,0,0,0,0,0,0,0,0
RHEACSVCON01 [RES.HEAT.EXISTING-AVERAGE: .01.CONSERVATION.HEATING-CONTROLS.],UK,2010,0.001,1,0.000281026,1,0,1,100000000.0,100,0,200,1,1,1,0.1,ELC,RES.SPACE-HEAT.EXISTING-AVERAGE,0,0,0,0,0.170633091,0.233977656,0,0,0.198155701,0,0,0,0,0,0,0.244121298,0.153112254,0,0,0,0,0,0,0,0
RHEASTGNT00 [RES.HEAT.EXISTING-AVERAGE .00.ELC.NIGHT-STORAGE.HEAT-SUPPLY.]; RHEASTGNT01 [RES.HEAT.EXISTING-AVERAGE: .01.ELC.NIGHT-STORAGE.HEAT-SUPPLY.],UK,2010,0.001,1,0.001,1,0,1,100000000.0,100,100000000,15,1,1,1,0.1,ELC,RES.SPACE-HEAT.EXISTING-AVERAGE,0,0,0,0,0.170633091,0.233977656,0,0,0.198155701,0,0,0,0,0,0,0.244121298,0.153112254,0,0,0,0,0,0,0,0
RHNASTGNT01 [RES.HEAT.NEW-AVERAGE: .01.ELC.NIGHT-STORAGE.HEAT-SUPPLY.],UK,2010,0.001,1,0.001,1,0,1,100000000.0,100,100000000,15,1,1,1,0.1,ELC,RES.SPACE-HEAT.NEW-AVERAGE,0,0,0,0,0.170633091,0.233977656,0,0,0.198155701,0,0,0,0,0,0,0.244121298,0.153112254,0,0,0,0,0,0,0,0
SCSHPTHM01 [SER.HEAT.HIGH-CONSUMPTION: .01.CONSERVATION.PROGRAMMABLE-THERMOSTATS.],UK,2010,0.150956839593815,1,0.000214260703757405,1,0,1,100000000.0,100,191.313854419101,10.0,1.0,1,1.0,0.1,NGA,SER.SPACE-HEAT.HIGH-CONSUMPTION,1,0,0,0,0,0,0,0,0,0,0,0,0,0,0,0,0,0,0,0,0,0,0,0,0
SCSLPTHM01 [SER.HEAT.LOW-CONSUMPTION: .01.CONSERVATION.PROGRAMMABLE-THERMOSTATS.],UK,2010,0.215597831020986,1,0.00033219650464707,1,0,1,100000000.0,100,63.624201700031,10.0,1.0,1,1.0,0.1,ELC,SER.SPACE-HEAT.LOW-CONSUMPTION,1,0,0,0,0,0,0,0,0,0,0,0,0,0,0,0,0,0,0,0,0,0,0,0,0
RELITCON00 [RES.LIGHTING: .00.CONVENTIONAL.]; RELITCON01 [RES.LIGHTING: .01.CONVENTIONAL.],UK,2010,0.260416667,1,0,1,0,1,100000000.0,100,100000000,1,1,1,10.72518156,0.1,ELC,RES.LIGHTING,0,0.032392521,0.033656562,0.041571584,0.021405232,0.050606123,0.035771172,0.043107334,0.024857832,0.039421533,0.045848058,0.02932102,0.046686814,0.059953335,0.048080803,0.052800052,0.019207313,0.04526705,0.040610704,0.037641996,0.037129721,0.048080803,0.05533427,0.053538624,0.057709544
SLOFEFLU00 [SER.LIGHTING: .00.OFFICE.FLUORESCENT.]; SLOFEFLU01 [SER.LIGHTING: .01.OFFICE.FLUORESCENT.],UK,2010,0.520833333333333,1,0.0,1,0,1,100000000.0,100,100000000.0,1.0,1.0,1,2.22222222222222,0.1,ELC,SER.LIGHTING.OFFICE,1,0,0,0,0,0,0,0,0,0,0,0,0,0,0,0,0,0,0,0,0,0,0,0,0
RELITENS00 [RES.LIGHTING: .00.ENERGY-SAVING.]; RELITENS01 [RES.LIGHTING: .01.ENERGY-SAVING.],UK,2010,0.78125,1,0,1,0,1,100000000.0,100,100000000,7,1,1,25.24980858,0.1,ELC,RES.LIGHTING,0,0.032392521,0.033656562,0.041571584,0.021405232,0.050606123,0.035771172,0.043107334,0.024857832,0.039421533,0.045848058,0.02932102,0.046686814,0.059953335,0.048080803,0.052800052,0.019207313,0.04526705,0.040610704,0.037641996,0.037129721,0.048080803,0.05533427,0.053538624,0.057709544
SOTHELC00 [SER.OTHER: .00.ELC.]; SOTHELC01 [SER.OTHER: .01.ELC.],UK,2010,1.0,1,0.0,1,0,1,100000000.0,100,100000000.0,50.0,1.0,1,0.9,0.1,ELC,SER.OTHER,1,0,0,0,0,0,0,0,0,0,0,0,0,0,0,0,0,0,0,0,0,0,0,0,0
SOTHNGA00 [SER.OTHER: .00.NGA.OIL.HEAT.]; SOTHNGA01 [SER.OTHER: .01.NGA.],UK,2010,1.0,1,0.0,1,0,1,100000000.0,100,100000000.0,50.0,1.0,1,0.9,0.1,NGA,SER.OTHER,1,0,0,0,0,0,0,0,0,0,0,0,0,0,0,0,0,0,0,0,0,0,0,0,0
SHLCHBRH01 [SER.HEAT.LOW-CONSUMPTION: .01.HYG.MICRO-CHP-BOILER.STD.RADIATOR.],UK,2010,1.14456953930735,1,0.0572284769653674,1,0,1,100000000.0,100,100000000.0,15.0,1.0,1,0.88,0.1,NGA,SER.SPACE-HEAT.LOW-CONSUMPTION,1,0,0,0,0,0,0,0,0,0,0,0,0,0,0,0,0,0,0,0,0,0,0,0,0
SCSELTMR01 [SER.LIGHTING: .01.CONSERVATION.LIGHTING-TIMER.],UK,2010,1.19996988436966,1,0.000219760900140647,1,0,1,100000000.0,100,59.71968,10.0,1.0,1,1.0,0.1,ELC,SER.LIGHTING.OTHER,1,0,0,0,0,0,0,0,0,0,0,0,0,0,0,0,0,0,0,0,0,0,0,0,0
RHNACHBRH01 [RES.HEAT.NEW-AVERAGE: .01.HDG.MICRO-CHP-BOILER.STD.RADIATOR.],UK,2010,1.22171039,1,0.06108552,1,0,1,100000000.0,100,100000000,15,1,1,0.88,0.1,HYDROGEN,RES.SPACE-HEAT.EXISTING-AVERAGE,0,0,0,0,0,0,0,0,0,0,0,0,0,0,0,0,0,0,0,0,0,0,0,0,0
RHEACHBRH01 [RES.HEAT.EXISTING-AVERAGE: .01.HDG.MICRO-CHP-BOILER.STD.RADIATOR.],UK,2010,1.527137988,1,0.076356899,1,0,1,100000000.0,100,100000000,15,1,1,0.88,0.1,HYDROGEN,RES.SPACE-HEAT.EXISTING-AVERAGE,0,0,0,0,0,0,0,0,0,0,0,0,0,0,0,0,0,0,0,0,0,0,0,0,0
SLOTECCL00 [SER.LIGHTING: .00.OTHER.CCL.]; SLOTECCL01 [SER.LIGHTING: .01.OTHER.CCL.],UK,2010,1.5625,1,0.0,1,0,1,100000000.0,100,100000000.0,7.0,1.0,1,1.63701985699875,0.1,ELC,SER.LIGHTING.OTHER,1,0,0,0,0,0,0,0,0,0,0,0,0,0,0,0,0,0,0,0,0,0,0,0,0
RHNABLRRE01 [RES.HEAT.NEW-AVERAGE: .01.ELC.BOILER.CON.RADIATOR.],UK,2010,1.752099582,1,0.175209958,1,0,1,100000000.0,100,100000000,15,1,1,1,0.1,ELC,RES.SPACE-HEAT.NEW-AVERAGE,0,0,0,0,0.170633091,0.233977656,0,0,0.198155701,0,0,0,0,0,0,0.244121298,0.153112254,0,0,0,0,0,0,0,0
SHLBLRRW00 [SER.HEAT.LOW-CONSUMPTION: .00.WOD.BOILER.STD.RADIATOR.]; SHLBLRRW01 [SER.HEAT.LOW-CONSUMPTION: .01.WOD.BOILER.CON.RADIATOR.],UK,2010,10.2401881236641,1,1.02401881236641,1,0,1,100000000.0,100,100000000.0,15.0,1.0,1,0.7,0.1,WOOD,SER.SPACE-HEAT.LOW-CONSUMPTION,1,0,0,0,0,0,0,0,0,0,0,0,0,0,0,0,0,0,0,0,0,0,0,0,0
RHEAAHBRE01 [RES.HEAT.EXISTING-AVERAGE: .01.ELC.HEAT PUMP.AIR.NGA.BOILER.RADIATOR.],UK,2010,10.52092666,1,0.631255599,1,0,1,100000000.0,100,100000000,20,1,1,0.84,0.1,ELC,RES.SPACE-HEAT.EXISTING-AVERAGE,0,0,0,0,0.170633091,0.233977656,0,0,0.198155701,0,0,0,0,0,0,0.244121298,0.153112254,0,0,0,0,0,0,0,0
RHEAAHHRE01 [RES.HEAT.EXISTING-AVERAGE: .01.ELC.HEAT PUMP.AIR.HDG.BOILER.RADIATOR.],UK,2010,10.52092666,1,0.631255599,1,0,1,100000000.0,100,100000000,20,1,1,2.51,0.1,ELC,RES.SPACE-HEAT.EXISTING-AVERAGE,0,0,0,0,0.170633091,0.233977656,0,0,0.198155701,0,0,0,0,0,0,0.244121298,0.153112254,0,0,0,0,0,0,0,0
SWLWHTRG00 [SER.WATER.LOW-CONSUMPTION: .00.NGA.BOILER.STD.STANDALONE.]; SWLWHTRG01 [SER.WATER.LOW-CONSUMPTION: .01.NGA.BOILER.STD.STANDALONE.],UK,2010,10.6826490335353,1,1.06826490335353,1,0,1,100000000.0,100,100000000.0,15.0,1.0,1,0.8,0.1,NGA,SER.HOT-WATER.LOW-CONSUMPTION,1,0,0,0,0,0,0,0,0,0,0,0,0,0,0,0,0,0,0,0,0,0,0,0,0
SCKHYG001 [SER.COOKING: .01.HDG.],UK,2010,102.5,1,5.125,1,0,1,100000000.0,100,100000000.0,14.0,1.0,1,0.8,0.1,HYDROGEN,SER.COOKING,1,0,0,0,0,0,0,0,0,0,0,0,0,0,0,0,0,0,0,0,0,0,0,0,0
SCKNGA000 [SER.COOKING: .00.NGA.]; SCKNGA001 [SER.COOKING: .01.NGA.],UK,2010,102.5,1,5.125,1,0,1,100000000.0,100,100000000.0,14.0,1.0,1,0.8,0.1,NGA,SER.COOKING,1,0,0,0,0,0,0,0,0,0,0,0,0,0,0,0,0,0,0,0,0,0,0,0,0
SCKLFO001 [SER.COOKING: .01.OIL.]; SCKOTH000 [SER.COOKING: .00.OIL.HEAT.],UK,2010,102.5,1,5.125,1,0,1,100000000.0,100,100000000.0,14.0,1.0,1,0.8,0.1,OIL,SER.COOKING,1,0,0,0,0,0,0,0,0,0,0,0,0,0,0,0,0,0,0,0,0,0,0,0,0
SWLWHTRE00 [SER.WATER.LOW-CONSUMPTION: .00.ELC.RESISTANCE.STANDALONE.]; SWLWHTRE01 [SER.WATER.LOW-CONSUMPTION: .01.ELC.RESISTANCE.STANDALONE.],UK,2010,11.0641722133044,1,1.10641722133044,1,0,1,100000000.0,100,100000000.0,15.0,1.0,1,0.85,0.1,ELC,SER.HOT-WATER.LOW-CONSUMPTION,1,0,0,0,0,0,0,0,0,0,0,0,0,0,0,0,0,0,0,0,0,0,0,0,0
SCPECOMP00 [SER.COMPUTERS: .00.]; SCPECOMP01 [SER.COMPUTERS: .01.],UK,2010,1110.59896698245,1,0.0,1,0,1,100000000.0,100,100000000.0,5.0,1.0,1,0.6,0.1,ELC,SER.COMPUTING,1,0,0,0,0,0,0,0,0,0,0,0,0,0,0,0,0,0,0,0,0,0,0,0,0
SCKELC000 [SER.COOKING: .00.ELC.]; SCKELC001 [SER.COOKING: .01.ELC.],UK,2010,117.017780168132,1,5.85088900840658,1,0,1,100000000.0,100,100000000.0,14.0,1.0,1,0.9,0.1,ELC,SER.COOKING,1,0,0,0,0,0,0,0,0,0,0,0,0,0,0,0,0,0,0,0,0,0,0,0,0
SHLBLCRP01 [SER.HEAT.LOW-CONSUMPTION: .01.PELH.BOILER.CON.RADIATOR.],UK,2010,12.0881910256708,1,1.20881910256708,1,0,1,100000000.0,100,100000000.0,15.0,1.0,1,0.85,0.1,PELLETS,SER.SPACE-HEAT.LOW-CONSUMPTION,1,0,0,0,0,0,0,0,0,0,0,0,0,0,0,0,0,0,0,0,0,0,0,0,0
RHNAGHBRE01 [RES.HEAT.NEW-AVERAGE: .01.ELC.HEAT PUMP.GROUND.NGA.BOILER.RADIATOR.],UK,2010,14.48745633,1,0.86924738,1,0,1,100000000.0,100,100000000,20,1,1,0.84,0.1,ELC,RES.SPACE-HEAT.NEW-AVERAGE,0,0,0,0,0.170633091,0.233977656,0,0,0.198155701,0,0,0,0,0,0,0.244121298,0.153112254,0,0,0,0,0,0,0,0
RHNAGHHRE01 [RES.HEAT.NEW-AVERAGE: .01.ELC.HEAT PUMP.GROUND.HDG.BOILER.RADIATOR.],UK,2010,14.48745633,1,0.86924738,1,0,1,100000000.0,100,100000000,20,1,1,3.266,0.1,ELC,RES.SPACE-HEAT.NEW-AVERAGE,0,0,0,0,0.170633091,0.233977656,0,0,0.198155701,0,0,0,0,0,0,0.244121298,0.153112254,0,0,0,0,0,0,0,0
SHLBLSRE01 [SER.HEAT.LOW-CONSUMPTION: .01.ELC.BOILER.CON.SOLAR-THERMAL.RADIATOR.],UK,2010,15.6390132247701,1,1.56390132247701,1,0,1,100000000.0,100,100000000.0,19.0,1.0,1,0.95,0.1,ELC,SER.SPACE-HEAT.LOW-CONSUMPTION,1,0,0,0,0,0,0,0,0,0,0,0,0,0,0,0,0,0,0,0,0,0,0,0,0
RECOLFRE00 [RES.FREEZERS: .00.],UK,2010,152.7777778,1,6.944444444,1,0,1,2.0,100,100000000,15,1,1,0.858325268,0.1,ELC,RES.FREEZERS,0,0.015237743,0.015832359,0.019555659,0.0077566,0.030324207,0.016827091,0.02027809,0.009007716,0.018544255,0.021567352,0.01379288,0.021961911,0.028202605,0.022617656,0.031638854,0.006960142,0.027124927,0.024334751,0.022555841,0.017466165,0.022617656,0.026029754,0.025185066,0.03458072
RECOLFRE01 [RES.FREEZERS: .01.CLASS-A+.],UK,2010,152.7777778,1,7.638888889,1,0,1,100000000.0,100,100000000,15,1,1,1.041905175,0.1,ELC,RES.FREEZERS,0,0.015237743,0.015832359,0.019555659,0.0077566,0.030324207,0.016827091,0.02027809,0.009007716,0.018544255,0.021567352,0.01379288,0.021961911,0.028202605,0.022617656,0.031638854,0.006960142,0.027124927,0.024334751,0.022555841,0.017466165,0.022617656,0.026029754,0.025185066,0.03458072
SHLNSTRE00 [SER.HEAT.LOW-CONSUMPTION: .00.ELC.RESISTANCE.STANDALONE.NIGHT-STORAGE.],UK,2010,16.944117689746,1,0.778756137528725,1,0,1,2.0,100,100000000.0,15.0,1.0,1,0.8,0.1,ELC,SER.SPACE-HEAT.LOW-CONSUMPTION,1,0,0,0,0,0,0,0,0,0,0,0,0,0,0,0,0,0,0,0,0,0,0,0,0
SHLNSTRE01 [SER.HEAT.LOW-CONSUMPTION: .01.ELC.RESISTANCE.STANDALONE.NIGHT-STORAGE.],UK,2010,16.944117689746,1,1.6944117689746,1,0,1,100000000.0,100,100000000.0,15.0,1.0,1,0.9,0.1,ELC,SER.SPACE-HEAT.LOW-CONSUMPTION,1,0,0,0,0,0,0,0,0,0,0,0,0,0,0,0,0,0,0,0,0,0,0,0,0
REAIRCON00 [RES.AIR-CONDITIONER: .00.]; REAIRCON01 [RES.AIR-CONDITIONER: .01.],UK,2010,162.7604167,1,8.138020833,1,0,1,100000000.0,100,100000000,15,1,1,0.555555556,0.1,ELC,RES.COOLING,0,0.030475485,0.031664718,0.039111318,0.0155132,0.060648414,0.033654183,0.04055618,0.018015433,0.03708851,0.043134704,0.02758576,0.043923821,0.056405211,0.045235312,0.063277707,0.013920283,0.054249855,0.048669502,0.045111682,0.034932331,0.045235312,0.052059509,0.050370131,0.06916144
RCHEHOB00 [RES.COOKING: .00.HOB.ELECTRIC.]; RCHEHOB01 [RES.COOKING: .01.HOB.ELECTRIC.],UK,2010,164.6428571,1,8.232142857,1,0,1,100000000.0,100,100000000,14,1,1,1.096565749,0.1,ELC,RES.COOKING.HOBS,0,0.029124055,0.030260551,0.037376932,0.026660799,0.059407004,0.032161794,0.038757723,0.030961106,0.035443826,0.041221902,0.026362474,0.041976026,0.053903931,0.043229359,0.061982478,0.023923232,0.053139416,0.047673287,0.044188293,0.033383262,0.043229359,0.049750938,0.048136476,0.067745777
RCHEOVEN00 [RES.COOKING: .00.OVEN.ELECTRIC.]; RCHEOVEN01 [RES.COOKING: .01.OVEN.ELECTRIC.],UK,2010,164.6428571,1,8.232142857,1,0,1,100000000.0,100,100000000,14,1,1,1.518030945,0.1,ELC,RES.COOKING.OVENS,0,0.029124055,0.030260551,0.037376932,0.026660799,0.059407004,0.032161794,0.038757723,0.030961106,0.035443826,0.041221902,0.026362474,0.041976026,0.053903931,0.043229359,0.061982478,0.023923232,0.053139416,0.047673287,0.044188293,0.033383262,0.043229359,0.049750938,0.048136476,0.067745777
SHLBLSRP01 [SER.HEAT.LOW-CONSUMPTION: .01.PELH.BOILER.CON.SOLAR-THERMAL.RADIATOR.],UK,2010,17.5695220534223,1,1.75695220534223,1,0,1,100000000.0,100,100000000.0,19.0,1.0,1,0.85,0.1,SOLAR,SER.SPACE-HEAT.LOW-CONSUMPTION,1,0,0,0,0,0,0,0,0,0,0,0,0,0,0,0,0,0,0,0,0,0,0,0,0
SCSHCAVW01 [SER.HEAT.HIGH-CONSUMPTION: .01.CONSERVATION.CAVITY-WALL-INSULATION.],UK,2010,17.8738306516859,1,0.000214260703757405,1,0,1,100000000.0,100,8.73988781845774,200.0,1.0,1,1.0,0.1,ELC,SER.SPACE-HEAT.HIGH-CONSUMPTION,1,0,0,0,0,0,0,0,0,0,0,0,0,0,0,0,0,0,0,0,0,0,0,0,0
RHEACSVSOL01 [RES.HEAT.EXISTING-AVERAGE: .01.CONSERVATION.SOLID-WALL.SYSTEM.],UK,2010,171.7822523,1,0.000281026,1,0,1,100000000.0,100,19.41787698,200,1,1,1,0.1,SOLAR,RES.SPACE-HEAT.EXISTING-AVERAGE,0,0,0,0,0,0,0,0,0,0,0,0,0,0,0,0,0,0,0,0,0,0,0,0,0
RCHHHOB01 [RES.COOKING: .01.HOB.HYDROGEN.],UK,2010,175.7142857,1,8.785714286,1,0,1,100000000.0,100,100000000,14,1,1,0.8,0.1,HYDROGEN,RES.COOKING.HOBS,0,0.029124055,0.030260551,0.037376932,0.026660799,0.059407004,0.032161794,0.038757723,0.030961106,0.035443826,0.041221902,0.026362474,0.041976026,0.053903931,0.043229359,0.061982478,0.023923232,0.053139416,0.047673287,0.044188293,0.033383262,0.043229359,0.049750938,0.048136476,0.067745777
RCHGHOB00 [RES.COOKING: .00.HOB.GAS.]; RCHGHOB01 [RES.COOKING: .01.HOB.GAS.],UK,2010,175.7142857,1,8.785714286,1,0,1,100000000.0,100,100000000,14,1,1,0.8,0.1,NGA,RES.COOKING.HOBS,0,0.029124055,0.030260551,0.037376932,0.026660799,0.059407004,0.032161794,0.038757723,0.030961106,0.035443826,0.041221902,0.026362474,0.041976026,0.053903931,0.043229359,0.061982478,0.023923232,0.053139416,0.047673287,0.044188293,0.033383262,0.043229359,0.049750938,0.048136476,0.067745777
RCHHOVEN01 [RES.COOKING: .01.OVEN.HYDROGEN.],UK,2010,175.7142857,1,8.785714286,1,0,1,100000000.0,100,100000000,14,1,1,1.115535389,0.1,HYDROGEN,RES.COOKING.OVENS,0,0.029124055,0.030260551,0.037376932,0.026660799,0.059407004,0.032161794,0.038757723,0.030961106,0.035443826,0.041221902,0.026362474,0.041976026,0.053903931,0.043229359,0.061982478,0.023923232,0.053139416,0.047673287,0.044188293,0.033383262,0.043229359,0.049750938,0.048136476,0.067745777
RCHGOVEN00 [RES.COOKING: .00.OVEN.GAS.]; RCHGOVEN01 [RES.COOKING: .01.OVEN.GAS.],UK,2010,175.7142857,1,8.785714286,1,0,1,100000000.0,100,100000000,14,1,1,1.115535389,0.1,NGA,RES.COOKING.OVENS,0,0.029124055,0.030260551,0.037376932,0.026660799,0.059407004,0.032161794,0.038757723,0.030961106,0.035443826,0.041221902,0.026362474,0.041976026,0.053903931,0.043229359,0.061982478,0.023923232,0.053139416,0.047673287,0.044188293,0.033383262,0.043229359,0.049750938,0.048136476,0.067745777
SHHVACAE00 [SER.HEAT.HIGH-CONSUMPTION: .00.ELC.HVAC.HFC.AIR.]; SHHVACAE01 [SER.HEAT.HIGH-CONSUMPTION: .01.ELC.HVAC.HFC.AIR.],UK,2010,177.777777777778,1,5.33333333333333,1,0,1,100000000.0,100,100000000.0,20.0,1.0,1,2.5,0.1,ELC,SER.SPACE-HEAT.HIGH-CONSUMPTION,1,0,0,0,0,0,0,0,0,0,0,0,0,0,0,0,0,0,0,0,0,0,0,0,0
SHHA-CAE00 [SER.HEAT.HIGH-CONSUMPTION: .00.ELC.AIR-CONDITIONER.HFC.AIR.]; SHHA-CAE01 [SER.HEAT.HIGH-CONSUMPTION: .01.ELC.AIR-CONDITIONER.HFC.AIR.],UK,2010,177.777777777778,1,5.33333333333333,1,0,1,100000000.0,100,100000000.0,20.0,1.0,1,3.0,0.1,ELC,SER.SPACE-HEAT.HIGH-CONSUMPTION,1,0,0,0,0,0,0,0,0,0,0,0,0,0,0,0,0,0,0,0,0,0,0,0,0
RHEAGHBRE01 [RES.HEAT.EXISTING-AVERAGE: .01.ELC.HEAT PUMP.GROUND.NGA.BOILER.RADIATOR.],UK,2010,18.10932041,1,1.086559225,1,0,1,100000000.0,100,100000000,20,1,1,0.84,0.1,ELC,RES.SPACE-HEAT.EXISTING-AVERAGE,0,0,0,0,0.170633091,0.233977656,0,0,0.198155701,0,0,0,0,0,0,0.244121298,0.153112254,0,0,0,0,0,0,0,0
RHEAGHHRE01 [RES.HEAT.EXISTING-AVERAGE: .01.ELC.HEAT PUMP.GROUND.HDG.BOILER.RADIATOR.],UK,2010,18.10932041,1,1.086559225,1,0,1,100000000.0,100,100000000,20,1,1,2.84,0.1,ELC,RES.SPACE-HEAT.EXISTING-AVERAGE,0,0,0,0,0.170633091,0.233977656,0,0,0.198155701,0,0,0,0,0,0,0.244121298,0.153112254,0,0,0,0,0,0,0,0
SHLGHBRE01 [SER.HEAT.LOW-CONSUMPTION: .01.ELC.HEAT PUMP.GROUND.NGA.BOILER.RADIATOR.],UK,2010,18.4449625513378,1,1.10669775308027,1,0,1,100000000.0,100,100000000.0,19.0,1.0,1,0.9,0.1,ELC,SER.SPACE-HEAT.LOW-CONSUMPTION,1,0,0,0,0,0,0,0,0,0,0,0,0,0,0,0,0,0,0,0,0,0,0,0,0
SHLGHHRE01 [SER.HEAT.LOW-CONSUMPTION: .01.ELC.HEAT PUMP.GROUND.HYG.BOILER.RADIATOR.],UK,2010,18.4449625513378,1,1.10669775308027,1,0,1,100000000.0,100,100000000.0,19.0,1.0,1,2.4872278501386,0.1,ELC,SER.SPACE-HEAT.LOW-CONSUMPTION,1,0,0,0,0,0,0,0,0,0,0,0,0,0,0,0,0,0,0,0,0,0,0,0,0
SHLGHHUE01 [SER.HEAT.LOW-CONSUMPTION: .01.ELC.HEAT PUMP.GROUND.HYG.BOILER.UNDERFLOOR.],UK,2010,18.4449625513378,1,1.10669775308027,1,0,1,100000000.0,100,100000000.0,19.0,1.0,1,3.01572875749925,0.1,ELC,SER.SPACE-HEAT.LOW-CONSUMPTION,1,0,0,0,0,0,0,0,0,0,0,0,0,0,0,0,0,0,0,0,0,0,0,0,0
RHNABLCRP01 [RES.HEAT.NEW-AVERAGE: .01.PEL.BOILER.CON.RADIATOR.],UK,2010,18.95238889,1,1.895238889,1,0,1,100000000.0,100,100000000,20,1,1,0.74,0.1,PELLETS,RES.SPACE-HEAT.NEW-AVERAGE,0,0,0,0,0,0.370784622,0,0,0,0,0,0,0,0,0,0,0,0.331665917,0.29754946,0,0,0,0,0,0
RHNABLRRW01 [RES.HEAT.NEW-AVERAGE: .01.WOD.BOILER.CON.RADIATOR.],UK,2010,18.95238889,1,1.895238889,1,0,1,100000000.0,100,100000000,20,1,1,0.74,0.1,WOOD,RES.SPACE-HEAT.NEW-AVERAGE,0,0,0,0,0,0.370784622,0,0,0,0,0,0,0,0,0,0,0,0.331665917,0.29754946,0,0,0,0,0,0
RECOLFRE02 [RES.FREEZERS: .01.CLASS-A+++.],UK,2010,180.5555556,1,9.027777778,1,0,1,100000000.0,100,100000000,15,1,1,1.273439658,0.1,ELC,RES.FREEZERS,0,0.015237743,0.015832359,0.019555659,0.0077566,0.030324207,0.016827091,0.02027809,0.009007716,0.018544255,0.021567352,0.01379288,0.021961911,0.028202605,0.022617656,0.031638854,0.006960142,0.027124927,0.024334751,0.022555841,0.017466165,0.022617656,0.026029754,0.025185066,0.03458072
SHLBLRRC00 [SER.HEAT.LOW-CONSUMPTION: .00.HCO.BOILER.STD.RADIATOR.],UK,2010,19.5,1,0.662366631543604,1,0,1,2.0,100,100000000.0,15.0,1.0,1,0.6,0.1,HCO,SER.SPACE-HEAT.LOW-CONSUMPTION,1,0,0,0,0,0,0,0,0,0,0,0,0,0,0,0,0,0,0,0,0,0,0,0,0
SHHBLRRC00 [SER.HEAT.HIGH-CONSUMPTION: .00.HCO.BOILER.STD.RADIATOR.]; SHHBLRRC01 [SER.HEAT.HIGH-CONSUMPTION: .01.HCO.BOILER.STD.RADIATOR.],UK,2010,19.5,1,0.975,1,0,1,100000000.0,100,100000000.0,20.0,1.0,1,0.8,0.1,HCO,SER.SPACE-HEAT.HIGH-CONSUMPTION,1,0,0,0,0,0,0,0,0,0,0,0,0,0,0,0,0,0,0,0,0,0,0,0,0
SHHBLRRW00 [SER.HEAT.HIGH-CONSUMPTION: .00.WOD.BOILER.STD.RADIATOR.]; SHHBLRRW01 [SER.HEAT.HIGH-CONSUMPTION: .01.WOD.BOILER.STD.RADIATOR.],UK,2010,19.5015220700152,1,0.975076103500761,1,0,1,100000000.0,100,100000000.0,20.0,1.0,1,0.8,0.1,WOOD,SER.SPACE-HEAT.HIGH-CONSUMPTION,1,0,0,0,0,0,0,0,0,0,0,0,0,0,0,0,0,0,0,0,0,0,0,0,0
SHHDAIR00 [SER.HEAT.HIGH-CONSUMPTION: .00.AIR.DELIVERY.]; SHHDAIR01 [SER.HEAT.HIGH-CONSUMPTION: .01.AIR.DELIVERY.],UK,2010,19.8952532271692,1,0.397905064543385,1,0,1,100000000.0,100,100000000.0,50.0,1.0,1,1.0,0.1,ELC,SER.SPACE-HEAT.HIGH-CONSUMPTION,1,0,0,0,0,0,0,0,0,0,0,0,0,0,0,0,0,0,0,0,0,0,0,0,0
SHHDRAD00 [SER.HEAT.HIGH-CONSUMPTION: .00.HTP.RADIATOR.]; SHHDRAD01 [SER.HEAT.HIGH-CONSUMPTION: .01.HTP.RADIATOR.],UK,2010,19.8952532271692,1,0.397905064543385,1,0,1,100000000.0,100,100000000.0,50.0,1.0,1,1.0,0.1,HCO,SER.SPACE-HEAT.HIGH-CONSUMPTION,1,0,0,0,0,0,0,0,0,0,0,0,0,0,0,0,0,0,0,0,0,0,0,0,0
RHEACSVSOL02 [RES.HEAT.EXISTING-AVERAGE: .02.CONSERVATION.SOLID-WALL.PRE-1966-SOLID-BRICK.],UK,2010,193.1945035,1,0.000281026,1,0,1,100000000.0,100,224.2887558,200,1,1,1,0.1,SOLAR,RES.SPACE-HEAT.EXISTING-AVERAGE,0,0,0,0,0,0,0,0,0,0,0,0,0,0,0,0,0,0,0,0,0,0,0,0,0
SHHVACAE02 [SER.HEAT.HIGH-CONSUMPTION.02.ELC.HVAC.HFO-HC.AIR.],UK,2010,195.555555555556,1,5.86666666666667,1,0,1,100000000.0,100,100000000.0,20.0,1.0,1,2.5,0.1,ELC,SER.SPACE-HEAT.HIGH-CONSUMPTION,1,0,0,0,0,0,0,0,0,0,0,0,0,0,0,0,0,0,0,0,0,0,0,0,0
SHHA-CAE02 [SER.HEAT.HIGH-CONSUMPTION.02.ELC.AIR-CONDITIONER.HFO-HC.AIR.],UK,2010,195.555555555556,1,5.86666666666667,1,0,1,100000000.0,100,100000000.0,20.0,1.0,1,3.0,0.1,ELC,SER.SPACE-HEAT.HIGH-CONSUMPTION,1,0,0,0,0,0,0,0,0,0,0,0,0,0,0,0,0,0,0,0,0,0,0,0,0
RELITLED00 [RES.LIGHTING: .00.LED.]; RELITLED01 [RES.LIGHTING: .01.LED.],UK,2010,2.083333333,1,0,1,0,1,100000000.0,100,100000000,21,1,1,12.58503401,0.1,ELC,RES.LIGHTING,0,0.032392521,0.033656562,0.041571584,0.021405232,0.050606123,0.035771172,0.043107334,0.024857832,0.039421533,0.045848058,0.02932102,0.046686814,0.059953335,0.048080803,0.052800052,0.019207313,0.04526705,0.040610704,0.037641996,0.037129721,0.048080803,0.05533427,0.053538624,0.057709544
RWNAWHTRE01 [RES.WATER.NEW-AVERAGE: .01.ELC.RESISTANCE.STANDALONE.],UK,2010,2.097147725,1,0.209714772,1,0,1,100000000.0,100,100000000,15,1,1,0.85,0.1,ELC,RES.HOT-WATER.NEW-AVERAGE,0,0,0,0,0.170633091,0.233977656,0,0,0.198155701,0,0,0,0,0,0,0.244121298,0.153112254,0,0,0,0,0,0,0,0
RHNASHTRE01 [RES.HEAT.NEW-AVERAGE: .01.ELC.RESISTANCE.STANDALONE.],UK,2010,2.097147725,1,0.209714772,1,0,1,100000000.0,100,100000000,15,1,1,0.9,0.1,ELC,RES.SPACE-HEAT.NEW-AVERAGE,0,0,0,0,0.170633091,0.233977656,0,0,0.198155701,0,0,0,0,0,0,0.244121298,0.153112254,0,0,0,0,0,0,0,0
SHLBLRRG00 [SER.HEAT.LOW-CONSUMPTION: .00.NGA.BOILER.STD.RADIATOR.],UK,2010,2.14606788620128,1,0.214606788620128,1,0,1,2.0,100,100000000.0,15.0,1.0,1,0.67,0.1,NGA,SER.SPACE-HEAT.LOW-CONSUMPTION,1,0,0,0,0,0,0,0,0,0,0,0,0,0,0,0,0,0,0,0,0,0,0,0,0
SHLBLCRG00 [SER.HEAT.LOW-CONSUMPTION: .00.NGA.BOILER.CON.RADIATOR.],UK,2010,2.14606788620128,1,0.214606788620128,1,0,1,2.0,100,100000000.0,15.0,1.0,1,0.86,0.1,NGA,SER.SPACE-HEAT.LOW-CONSUMPTION,1,0,0,0,0,0,0,0,0,0,0,0,0,0,0,0,0,0,0,0,0,0,0,0,0
SHLBLCRG01 [SER.HEAT.LOW-CONSUMPTION: .01.NGA.BOILER.CON.RADIATOR.],UK,2010,2.14606788620128,1,0.214606788620128,1,0,1,100000000.0,100,100000000.0,15.0,1.0,1,0.9,0.1,NGA,SER.SPACE-HEAT.LOW-CONSUMPTION,1,0,0,0,0,0,0,0,0,0,0,0,0,0,0,0,0,0,0,0,0,0,0,0,0
RHEABLRRE00 [RES.HEAT.EXISTING-AVERAGE: .00.ELC.BOILER.STD.RADIATOR.],UK,2010,2.190124477,1,0.219012448,1,0,1,2.0,100,100000000,15,1,1,0.904614876,0.1,ELC,RES.SPACE-HEAT.EXISTING-AVERAGE,0,0,0,0,0.170633091,0.233977656,0,0,0.198155701,0,0,0,0,0,0,0.244121298,0.153112254,0,0,0,0,0,0,0,0
RHEABLRRE01 [RES.HEAT.EXISTING-AVERAGE: .01.ELC.BOILER.CON.RADIATOR.],UK,2010,2.190124477,1,0.219012448,1,0,1,100000000.0,100,100000000,15,1,1,1,0.1,ELC,RES.SPACE-HEAT.EXISTING-AVERAGE,0,0,0,0,0.170633091,0.233977656,0,0,0.198155701,0,0,0,0,0,0,0.244121298,0.153112254,0,0,0,0,0,0,0,0
RHNABLCRG01 [RES.HEAT.NEW-AVERAGE: .01.NGA.BOILER.CON.RADIATOR.],UK,2010,2.280723629,1,0.228072363,1,0,1,100000000.0,100,100000000,15,1,1,0.84,0.1,NGA,RES.SPACE-HEAT.NEW-AVERAGE,0,0.054528134,0.047201524,0.052977028,0,0,0.052493242,0.065430769,0,0.068253683,0.069729978,0.043800062,0.080123889,0.083400664,0.072847154,0,0,0,0,0,0.058238821,0.07711145,0.092418031,0.081445572,0
RHNABLCRH01 [RES.HEAT.NEW-AVERAGE: .01.HDG.BOILER.CON.RADIATOR.],UK,2010,2.3611442,1,0.23611442,1,0,1,100000000.0,100,100000000,15,1,1,0.84,0.1,HYDROGEN,RES.SPACE-HEAT.NEW-AVERAGE,0,0,0,0,0,0,0,0,0,0,0,0,0,0,0,0,0,0,0,0,0,0,0,0,0
RHNANSTRE01 [RES.HEAT.NEW-AVERAGE: .01.ELC.RESISTANCE.STANDALONE.NIGHT-STORAGE.],UK,2010,2.396740257,1,0.239674026,1,0,1,100000000.0,100,100000000,15,1,1,0.7,0.1,ELC,RES.SPACE-HEAT.NEW-AVERAGE,0,0,0,0,0.170633091,0.233977656,0,0,0.198155701,0,0,0,0,0,0,0.244121298,0.153112254,0,0,0,0,0,0,0,0
RWEAWHTRE00 [RES.WATER.EXISTING-AVERAGE: .00.ELC.RESISTANCE.STANDALONE.],UK,2010,2.621434656,1,0.262143466,1,0,1,2.0,100,100000000,15,1,1,0.829474414,0.1,ELC,RES.HOT-WATER.EXISTING-AVERAGE,0,0,0,0,0.170633091,0.233977656,0,0,0.198155701,0,0,0,0,0,0,0.244121298,0.153112254,0,0,0,0,0,0,0,0
RWEAWHTRE01 [RES.WATER.EXISTING-AVERAGE: .01.ELC.RESISTANCE.STANDALONE.],UK,2010,2.621434656,1,0.262143466,1,0,1,100000000.0,100,100000000,15,1,1,0.85,0.1,ELC,RES.HOT-WATER.EXISTING-AVERAGE,0,0,0,0,0.170633091,0.233977656,0,0,0.198155701,0,0,0,0,0,0,0.244121298,0.153112254,0,0,0,0,0,0,0,0
RHEASHTRE01 [RES.HEAT.EXISTING-AVERAGE: .01.ELC.RESISTANCE.STANDALONE.],UK,2010,2.621434656,1,0.262143466,1,0,1,100000000.0,100,100000000,15,1,1,0.9,0.1,ELC,RES.SPACE-HEAT.EXISTING-AVERAGE,0,0,0,0,0.170633091,0.233977656,0,0,0.198155701,0,0,0,0,0,0,0.244121298,0.153112254,0,0,0,0,0,0,0,0
RHEASHTRE00 [RES.HEAT.EXISTING-AVERAGE: .00.ELC.RESISTANCE.STANDALONE.],UK,2010,2.621434656,1,0.262143466,1,0,1,2.0,100,100000000,15,1,1,0.913593005,0.1,ELC,RES.SPACE-HEAT.EXISTING-AVERAGE,0,0,0,0,0.170633091,0.233977656,0,0,0.198155701,0,0,0,0,0,0,0.244121298,0.153112254,0,0,0,0,0,0,0,0
RHEABLRRG00 [RES.HEAT.EXISTING-AVERAGE: .00.NGA.BOILER.STD.RADIATOR.],UK,2010,2.850904536,1,0.285090454,1,0,1,2.0,100,100000000,15,1,1,0.744430283,0.1,NGA,RES.SPACE-HEAT.EXISTING-AVERAGE,0,0.054528134,0.047201524,0.052977028,0,0,0.052493242,0.065430769,0,0.068253683,0.069729978,0.043800062,0.080123889,0.083400664,0.072847154,0,0,0,0,0,0.058238821,0.07711145,0.092418031,0.081445572,0
RHEABLCRG01 [RES.HEAT.EXISTING-AVERAGE: .01.NGA.BOILER.CON.RADIATOR.],UK,2010,2.850904536,1,0.285090454,1,0,1,100000000.0,100,100000000,15,1,1,0.84,0.1,NGA,RES.SPACE-HEAT.EXISTING-AVERAGE,0,0.054528134,0.047201524,0.052977028,0,0,0.052493242,0.065430769,0,0.068253683,0.069729978,0.043800062,0.080123889,0.083400664,0.072847154,0,0,0,0,0,0.058238821,0.07711145,0.092418031,0.081445572,0
RHEABLCRG00 [RES.HEAT.EXISTING-AVERAGE: .00.NGA.BOILER.CON.RADIATOR.],UK,2010,2.850904536,1,0.285090454,1,0,1,2.0,100,100000000,15,1,1,0.888379066,0.1,NGA,RES.SPACE-HEAT.EXISTING-AVERAGE,0,0.054528134,0.047201524,0.052977028,0,0,0.052493242,0.065430769,0,0.068253683,0.069729978,0.043800062,0.080123889,0.083400664,0.072847154,0,0,0,0,0,0.058238821,0.07711145,0.092418031,0.081445572,0
SHHBLRRG00 [SER.HEAT.HIGH-CONSUMPTION: .00.NGA.BOILER.STD.RADIATOR.]; SHHBLRRG01 [SER.HEAT.HIGH-CONSUMPTION: .01.NGA.BOILER.STD.RADIATOR.],UK,2010,2.94901065449011,1,0.147450532724505,1,0,1,100000000.0,100,100000000.0,20.0,1.0,1,0.86,0.1,NGA,SER.SPACE-HEAT.HIGH-CONSUMPTION,1,0,0,0,0,0,0,0,0,0,0,0,0,0,0,0,0,0,0,0,0,0,0,0,0
RHEABLCRH01 [RES.HEAT.EXISTING-AVERAGE: .01.HDG.BOILER.CON.RADIATOR.],UK,2010,2.95143025,1,0.295143025,1,0,1,100000000.0,100,100000000,15,1,1,0.84,0.1,HYDROGEN,RES.SPACE-HEAT.EXISTING-AVERAGE,0,0,0,0,0,0,0,0,0,0,0,0,0,0,0,0,0,0,0,0,0,0,0,0,0
RHEANSTRE01 [RES.HEAT.EXISTING-AVERAGE: .01.ELC.RESISTANCE.STANDALONE.NIGHT-STORAGE.],UK,2010,2.995925321,1,0.299592532,1,0,1,100000000.0,100,100000000,15,1,1,0.7,0.1,ELC,RES.SPACE-HEAT.EXISTING-AVERAGE,0,0,0,0,0.170633091,0.233977656,0,0,0.198155701,0,0,0,0,0,0,0.244121298,0.153112254,0,0,0,0,0,0,0,0
RHEANSTRE00 [RES.HEAT.EXISTING-AVERAGE: .00.ELC.RESISTANCE.STANDALONE.NIGHT-STORAGE.],UK,2010,2.995925321,1,0.299592532,1,0,1,2.0,100,100000000,15,1,1,0.810297627,0.1,ELC,RES.SPACE-HEAT.EXISTING-AVERAGE,0,0,0,0,0.170633091,0.233977656,0,0,0.198155701,0,0,0,0,0,0,0.244121298,0.153112254,0,0,0,0,0,0,0,0
SHLBLSRW01 [SER.HEAT.LOW-CONSUMPTION: .01.WOD.BOILER.CON.SOLAR-THERMAL.RADIATOR.],UK,2010,20.6443567431374,1,2.06443567431374,1,0,1,100000000.0,100,100000000.0,19.0,1.0,1,1.0,0.1,SOLAR,SER.SPACE-HEAT.LOW-CONSUMPTION,1,0,0,0,0,0,0,0,0,0,0,0,0,0,0,0,0,0,0,0,0,0,0,0,0
RHEACSVCAV01 [RES.HEAT.EXISTING-AVERAGE: .01.CONSERVATION.CAVITY-WALL.EASY.],UK,2010,22.2701748,1,0.000281026,1,0,1,100000000.0,100,48.36568575,200,1,1,1,0.1,ELC,RES.SPACE-HEAT.EXISTING-AVERAGE,0,0,0,0,0.170633091,0.233977656,0,0,0.198155701,0,0,0,0,0,0,0.244121298,0.153112254,0,0,0,0,0,0,0,0
RHNABLSRP01 [RES.HEAT.NEW-AVERAGE: .01.PEL.BOILER.CON.SOLAR-THERMAL.RADIATOR.],UK,2010,22.91177432,1,2.291177432,1,0,1,100000000.0,100,100000000,20,1,1,0.74,0.1,SOLAR,RES.SPACE-HEAT.NEW-AVERAGE,0,0,0,0,0,0,0,0,0,0,0,0,0,0,0,0,0,0,0,0,0,0,0,0,0
RHNABLSRW01 [RES.HEAT.NEW-AVERAGE: .01.WOD.BOILER.CON.SOLAR-THERMAL.RADIATOR.],UK,2010,22.91177432,1,2.291177432,1,0,1,100000000.0,100,100000000,20,1,1,1,0.1,SOLAR,RES.SPACE-HEAT.NEW-AVERAGE,0,0,0,0,0,0,0,0,0,0,0,0,0,0,0,0,0,0,0,0,0,0,0,0,0
SCSHROFF01 [SER.HEAT.HIGH-CONSUMPTION: .01.CONSERVATION.FLAT-ROOF-INSULATION.],UK,2010,23.3867364020192,1,0.000214260703757405,1,0,1,100000000.0,100,58.9942427745897,200.0,1.0,1,1.0,0.1,ELC,SER.SPACE-HEAT.HIGH-CONSUMPTION,1,0,0,0,0,0,0,0,0,0,0,0,0,0,0,0,0,0,0,0,0,0,0,0,0
RHEABLRRC00 [RES.HEAT.EXISTING-AVERAGE: .00.HCO.BOILER.STD.RADIATOR.],UK,2010,23.69048611,1,0.469444512,1,0,1,2.0,100,100000000,15,1,1,0.435129571,0.1,HCO,RES.SPACE-HEAT.EXISTING-AVERAGE,0,0,0,0,0,0,0,0,0,0,0,0,0,0,0,0,0,0.321913698,0,0.267688615,0,0,0,0,0.410397687
RHEABLRRO00 [RES.HEAT.EXISTING-AVERAGE: .00.OIL.BOILER.STD.RADIATOR.],UK,2010,23.69048611,1,0.469444512,1,0,1,2.0,100,100000000,15,1,1,0.538417981,0.1,OIL,RES.SPACE-HEAT.EXISTING-AVERAGE,0,0,0,0,0,0,0,0,0,0,0,0,0,0,0,0,0,0.321913698,0,0.267688615,0,0,0,0,0.410397687
RHEABLCRO00 [RES.HEAT.EXISTING-AVERAGE: .00.OIL.BOILER.CON.RADIATOR.],UK,2010,23.69048611,1,0.469444512,1,0,1,2.0,100,100000000,15,1,1,0.63142551,0.1,OIL,RES.SPACE-HEAT.EXISTING-AVERAGE,0,0,0,0,0,0,0,0,0,0,0,0,0,0,0,0,0,0.321913698,0,0.267688615,0,0,0,0,0.410397687
RHEABLRRW00 [RES.HEAT.EXISTING-AVERAGE: .00.WOD.BOILER.STD.RADIATOR.],UK,2010,23.69048611,1,2.369048611,1,0,1,2.0,100,100000000,20,1,1,0.075289294,0.1,WOOD,RES.SPACE-HEAT.EXISTING-AVERAGE,0,0,0,0,0,0.370784622,0,0,0,0,0,0,0,0,0,0,0,0.331665917,0.29754946,0,0,0,0,0,0
RHEABLCRP01 [RES.HEAT.EXISTING-AVERAGE: .01.PEL.BOILER.CON.RADIATOR.],UK,2010,23.69048611,1,2.369048611,1,0,1,100000000.0,100,100000000,20,1,1,0.74,0.1,PELLETS,RES.SPACE-HEAT.EXISTING-AVERAGE,0,0,0,0,0,0.370784622,0,0,0,0,0,0,0,0,0,0,0,0.331665917,0.29754946,0,0,0,0,0,0
RHEABLRRW01 [RES.HEAT.EXISTING-AVERAGE: .01.WOD.BOILER.CON.RADIATOR.],UK,2010,23.69048611,1,2.369048611,1,0,1,100000000.0,100,100000000,20,1,1,0.74,0.1,WOOD,RES.SPACE-HEAT.EXISTING-AVERAGE,0,0,0,0,0,0.370784622,0,0,0,0,0,0,0,0,0,0,0,0.331665917,0.29754946,0,0,0,0,0,0
SCSHROFP01 [SER.HEAT.HIGH-CONSUMPTION: .01.CONSERVATION.PITCHED-ROOF-INSULATION.],UK,2010,24.4629655701573,1,0.000214260703757405,1,0,1,100000000.0,100,39.548946514746,200.0,1.0,1,1.0,0.1,ELC,SER.SPACE-HEAT.HIGH-CONSUMPTION,1,0,0,0,0,0,0,0,0,0,0,0,0,0,0,0,0,0,0,0,0,0,0,0,0
RHNAAHPRE01 [RES.HEAT.NEW-AVERAGE: .01.ELC.HEAT PUMP.AIR.RADIATOR.],UK,2010,24.77945518,1,1.238972759,1,0,1,100000000.0,100,100000000,20,1,1,2.8865,0.1,ELC,RES.SPACE-HEAT.NEW-AVERAGE,0,0,0,0,0.170633091,0.233977656,0,0,0.198155701,0,0,0,0,0,0,0.244121298,0.153112254,0,0,0,0,0,0,0,0
RECOLREF00 [RES.REFRIGERATORS: .00.],UK,2010,243.0555556,1,11.45833333,1,0,1,2.0,100,100000000,15,1,1,0.763291334,0.1,ELC,RES.REFRIGERATORS,0,0.015237743,0.015832359,0.019555659,0.0077566,0.030324207,0.016827091,0.02027809,0.009007716,0.018544255,0.021567352,0.01379288,0.021961911,0.028202605,0.022617656,0.031638854,0.006960142,0.027124927,0.024334751,0.022555841,0.017466165,0.022617656,0.026029754,0.025185066,0.03458072
RECOLREF01 [RES.REFRIGERATORS: .01.CLASS-A+.],UK,2010,243.0555556,1,12.15277778,1,0,1,100000000.0,100,100000000,15,1,1,0.926545239,0.1,ELC,RES.REFRIGERATORS,0,0.015237743,0.015832359,0.019555659,0.0077566,0.030324207,0.016827091,0.02027809,0.009007716,0.018544255,0.021567352,0.01379288,0.021961911,0.028202605,0.022617656,0.031638854,0.006960142,0.027124927,0.024334751,0.022555841,0.017466165,0.022617656,0.026029754,0.025185066,0.03458072
SHLCHPRG01 [SER.HEAT.LOW-CONSUMPTION: .01.GAS.MICRO-CHP.STD.RADIATOR.],UK,2010,245.452719332641,1,12.272635966632,1,0,1,100000000.0,100,100000000.0,15.0,1.0,1,0.8,0.1,NGA,SER.SPACE-HEAT.LOW-CONSUMPTION,1,0,0,0,0,0,0,0,0,0,0,0,0,0,0,0,0,0,0,0,0,0,0,0,0
SCSLCAVW01 [SER.HEAT.LOW-CONSUMPTION: .01.CONSERVATION.CAVITY-WALL-INSULATION.],UK,2010,25.5275556305287,1,0.00033219650464707,1,0,1,100000000.0,100,2.90657666735965,200.0,1.0,1,1.0,0.1,WOOD,SER.SPACE-HEAT.LOW-CONSUMPTION,1,0,0,0,0,0,0,0,0,0,0,0,0,0,0,0,0,0,0,0,0,0,0,0,0
RECOLREF02 [RES.REFRIGERATORS: .01.CLASS-A+++.],UK,2010,270.8333333,1,13.54166667,1,0,1,100000000.0,100,100000000,15,1,1,1.132444181,0.1,ELC,RES.REFRIGERATORS,0,0.015237743,0.015832359,0.019555659,0.0077566,0.030324207,0.016827091,0.02027809,0.009007716,0.018544255,0.021567352,0.01379288,0.021961911,0.028202605,0.022617656,0.031638854,0.006960142,0.027124927,0.024334751,0.022555841,0.017466165,0.022617656,0.026029754,0.025185066,0.03458072
RHNACHPRG01 [RES.HEAT.NEW-AVERAGE: .01.GAS.MICRO-CHP.STD.RADIATOR.],UK,2010,276.1965883,1,13.80982941,1,0,1,100000000.0,100,100000000,15,1,1,0.8,0.1,NGA,RES.SPACE-HEAT.EXISTING-AVERAGE,0,0.054528134,0.047201524,0.052977028,0,0,0.052493242,0.065430769,0,0.068253683,0.069729978,0.043800062,0.080123889,0.083400664,0.072847154,0,0,0,0,0,0.058238821,0.07711145,0.092418031,0.081445572,0
RHEACSVSOL03 [RES.HEAT.EXISTING-AVERAGE: .03.CONSERVATION.SOLID-WALL.OTHER.],UK,2010,279.3067281,1,0.000281026,1,0,1,100000000.0,100,71.59629715,200,1,1,1,0.1,SOLAR,RES.SPACE-HEAT.EXISTING-AVERAGE,0,0,0,0,0,0,0,0,0,0,0,0,0,0,0,0,0,0,0,0,0,0,0,0,0
RHEABLSRP01 [RES.HEAT.EXISTING-AVERAGE: .01.PEL.BOILER.CON.SOLAR-THERMAL.RADIATOR.],UK,2010,28.48202652,1,2.848202652,1,0,1,100000000.0,100,100000000,20,1,1,0.74,0.1,SOLAR,RES.SPACE-HEAT.EXISTING-AVERAGE,0,0,0,0,0,0,0,0,0,0,0,0,0,0,0,0,0,0,0,0,0,0,0,0,0
RHEABLSRW01 [RES.HEAT.EXISTING-AVERAGE: .01.WOD.BOILER.CON.SOLAR-THERMAL.RADIATOR.],UK,2010,28.48202652,1,2.848202652,1,0,1,100000000.0,100,100000000,20,1,1,1,0.1,SOLAR,RES.SPACE-HEAT.EXISTING-AVERAGE,0,0,0,0,0,0,0,0,0,0,0,0,0,0,0,0,0,0,0,0,0,0,0,0,0
SHLAHPRE01 [SER.HEAT.LOW-CONSUMPTION: .01.ELC.HEAT PUMP.AIR.RADIATOR.],UK,2010,29.0116584616099,1,1.45058292308049,1,0,1,100000000.0,100,100000000.0,20.0,1.0,1,2.24422747030372,0.1,ELC,SER.SPACE-HEAT.LOW-CONSUMPTION,1,0,0,0,0,0,0,0,0,0,0,0,0,0,0,0,0,0,0,0,0,0,0,0,0
SHLAHPUE01 [SER.HEAT.LOW-CONSUMPTION: .01.ELC.HEAT PUMP.AIR.UNDERFLOOR.],UK,2010,29.0116584616099,1,1.45058292308049,1,0,1,100000000.0,100,100000000.0,20.0,1.0,1,2.65306867575931,0.1,ELC,SER.SPACE-HEAT.LOW-CONSUMPTION,1,0,0,0,0,0,0,0,0,0,0,0,0,0,0,0,0,0,0,0,0,0,0,0,0
SHLAHPRE00 [SER.HEAT.LOW-CONSUMPTION: .00.ELC.HEAT PUMP.AIR.RADIATOR.],UK,2010,29.0116584616099,1,2.90116584616099,1,0,1,2.0,100,100000000.0,20.0,1.0,1,2.5,0.1,ELC,SER.SPACE-HEAT.LOW-CONSUMPTION,1,0,0,0,0,0,0,0,0,0,0,0,0,0,0,0,0,0,0,0,0,0,0,0,0
SWHBLRRC00 [SER.WATER.HIGH-CONSUMPTION: .00.HCO.BOILER.STD.PIPE.]; SWHBLRRC01 [SER.WATER.HIGH-CONSUMPTION: .01.HCO.BOILER.STD.PIPE.],UK,2010,29.25,1,1.4625,1,0,1,100000000.0,100,100000000.0,20.0,1.0,1,0.8,0.1,HCO,SER.HOT-WATER.HIGH-CONSUMPTION,1,0,0,0,0,0,0,0,0,0,0,0,0,0,0,0,0,0,0,0,0,0,0,0,0
SWHBLRRW00 [SER.WATER.HIGH-CONSUMPTION: .00.WOD.BOILER.STD.PIPE.]; SWHBLRRW01 [SER.WATER.HIGH-CONSUMPTION: .01.WOD.BOILER.STD.PIPE.],UK,2010,29.2522831050228,1,1.46261415525114,1,0,1,100000000.0,100,100000000.0,20.0,1.0,1,0.8,0.1,WOOD,SER.HOT-WATER.HIGH-CONSUMPTION,1,0,0,0,0,0,0,0,0,0,0,0,0,0,0,0,0,0,0,0,0,0,0,0,0
SREFEHFC00 [SER.REFRIGERATION: .00.HFC.]; SREFEHFC01 [SER.REFRIGERATION: .01.HFC.],UK,2010,296.835518792402,1,14.8417759396201,1,0,1,100000000.0,100,100000000.0,15.0,1.0,1,0.9,0.1,ELC,SER.REFRIGERATION,1,0,0,0,0,0,0,0,0,0,0,0,0,0,0,0,0,0,0,0,0,0,0,0,0
SHLBLRRO00 [SER.HEAT.LOW-CONSUMPTION: .00.OIL.BOILER.STD.RADIATOR.],UK,2010,3.52379047981198,1,0.352379047981198,1,0,1,2.0,100,100000000.0,15.0,1.0,1,0.67,0.1,OIL,SER.SPACE-HEAT.LOW-CONSUMPTION,1,0,0,0,0,0,0,0,0,0,0,0,0,0,0,0,0,0,0,0,0,0,0,0,0
SHLBLCRO01 [SER.HEAT.LOW-CONSUMPTION: .01.OIL.BOILER.CON.RADIATOR.],UK,2010,3.52379047981198,1,0.352379047981198,1,0,1,100000000.0,100,100000000.0,15.0,1.0,1,0.9,0.1,OIL,SER.SPACE-HEAT.LOW-CONSUMPTION,1,0,0,0,0,0,0,0,0,0,0,0,0,0,0,0,0,0,0,0,0,0,0,0,0
SHLBLCRO00 [SER.HEAT.LOW-CONSUMPTION: .00.OIL.BOILER.CON.RADIATOR.],UK,2010,3.52379047981198,1,0.704758095962395,1,0,1,2.0,100,100000000.0,15.0,1.0,1,0.86,0.1,OIL,SER.SPACE-HEAT.LOW-CONSUMPTION,1,0,0,0,0,0,0,0,0,0,0,0,0,0,0,0,0,0,0,0,0,0,0,0,0
SHHBLRRO00 [SER.HEAT.HIGH-CONSUMPTION: .00.LFO.BOILER.STD.RADIATOR.]; SHHBLRRO01 [SER.HEAT.HIGH-CONSUMPTION: .01.LFO.BOILER.STD.RADIATOR.],UK,2010,3.53881278538813,1,0.176940639269406,1,0,1,100000000.0,100,100000000.0,20.0,1.0,1,0.86,0.1,LFO,SER.SPACE-HEAT.HIGH-CONSUMPTION,1,0,0,0,0,0,0,0,0,0,0,0,0,0,0,0,0,0,0,0,0,0,0,0,0
RHNABLCRO01 [RES.HEAT.NEW-AVERAGE: .01.KER.BOILER.CON.RADIATOR.],UK,2010,3.755556098,1,0.37555561,1,0,1,100000000.0,100,100000000,15,1,1,0.84,0.1,KEROSENE,RES.SPACE-HEAT.NEW-AVERAGE,0,0,0,0,0,0.370784622,0,0,0,0,0,0,0,0,0,0,0,0.331665917,0.29754946,0,0,0,0,0,0
RHNAREFCG01 [RES.HEAT.NEW-AVERAGE: .01.HDG.MICRO-CHP.REFORMER.],UK,2010,3.962121658,1,0.198106083,1,0,1,100000000.0,100,100000000,15,0.060406361,1,0.81,0.1,HYDROGEN,RES.SPACE-HEAT.EXISTING-AVERAGE,0,0,0,0,0,0,0,0,0,0,0,0,0,0,0,0,0,0,0,0,0,0,0,0,0
SHLDRAD01 [SER.HEAT.LOW-CONSUMPTION: .01.HTP.RADIATOR.],UK,2010,30.8462236202543,1,0.616924472405086,1,0,1,100000000.0,100,100000000.0,50.0,1.0,1,1.0,0.1,ELC,SER.SPACE-HEAT.LOW-CONSUMPTION,1,0,0,0,0,0,0,0,0,0,0,0,0,0,0,0,0,0,0,0,0,0,0,0,0
SHLDRAD00 [SER.HEAT.LOW-CONSUMPTION: .00.HTP.RADIATOR.],UK,2010,30.8462236202543,1,0.616924472405086,1,0,1,2.0,100,100000000.0,50.0,1.0,1,1.0,0.1,HCO,SER.SPACE-HEAT.LOW-CONSUMPTION,1,0,0,0,0,0,0,0,0,0,0,0,0,0,0,0,0,0,0,0,0,0,0,0,0
RHEAAHPRE01 [RES.HEAT.EXISTING-AVERAGE: .01.ELC.HEAT PUMP.AIR.RADIATOR.],UK,2010,30.97431898,1,1.548715949,1,0,1,100000000.0,100,100000000,20,1,1,2.51,0.1,ELC,RES.SPACE-HEAT.EXISTING-AVERAGE,0,0,0,0,0.170633091,0.233977656,0,0,0.198155701,0,0,0,0,0,0,0.244121298,0.153112254,0,0,0,0,0,0,0,0
RHEAAHPRE00 [RES.HEAT.EXISTING-AVERAGE: .00.ELC.HEAT PUMP.AIR.RADIATOR.],UK,2010,30.97431898,1,3.097431898,1,0,1,2.0,100,100000000,20,1,1,2.71942348,0.1,ELC,RES.SPACE-HEAT.EXISTING-AVERAGE,0,0,0,0,0.170633091,0.233977656,0,0,0.198155701,0,0,0,0,0,0,0.244121298,0.153112254,0,0,0,0,0,0,0,0
SCHP-ADM01 [SER.CHP: .01.ENERGY-TO-WASTE.ANAEROBIC-DIGESTION.MSWBIO.],UK,2010,3098.0,1,310.0,1,0,1,100000000.0,100,100000000.0,20.0,0.75,1,0.8,0.1,BIOMASS,SER.OTHER,1,0,0,0,0,0,0,0,0,0,0,0,0,0,0,0,0,0,0,0,0,0,0,0,0
RHNARAD01 [RES.HEAT.NEW-AVERAGE: .01.HTP.RADIATOR.],UK,2010,32.94745569,1,0.658949114,1,0,1,100000000.0,100,100000000,50,1,1,1,0.1,ELC,RES.SPACE-HEAT.NEW-AVERAGE,0,0,0,0,0.170633091,0.233977656,0,0,0.198155701,0,0,0,0,0,0,0.244121298,0.153112254,0,0,0,0,0,0,0,0
RHNADUMMY00 [RES.HEAT.NEW-AVERAGE: .00.DUMMY-TECH.],UK,2010,32.94745569,1,0.658949114,1,0,1,2.0,100,2,1,1,1,1,0.1,ELC,RES.SPACE-HEAT.NEW-AVERAGE,0,0,0,0,0.170633091,0.233977656,0,0,0.198155701,0,0,0,0,0,0,0.244121298,0.153112254,0,0,0,0,0,0,0,0
SCHP-GES00 [SER.CHP: .00.GAS-ENGINE.BOG.],UK,2010,321.480421724848,1,23.487154098619,1,0,1,2.0,100,100000000.0,15.0,0.466916592248744,1,0.573374926668419,0.1,BOG,SER.OTHER,1,0,0,0,0,0,0,0,0,0,0,0,0,0,0,0,0,0,0,0,0,0,0,0,0
SCHP-GES01 [SER.CHP: .01.GAS-ENGINE.BOG-SEWAGE.],UK,2010,321.480421724848,1,23.487154098619,1,0,1,100000000.0,100,100000000.0,15.0,0.466916592248744,1,0.8,0.1,BOG,SER.OTHER,1,0,0,0,0,0,0,0,0,0,0,0,0,0,0,0,0,0,0,0,0,0,0,0,0
SREFEHFO00 [SER.REFRIGERATION: .00.HFO.]; SREFEHFO01 [SER.REFRIGERATION: .01.HFO.],UK,2010,326.519070671643,1,16.3259535335821,1,0,1,100000000.0,100,100000000.0,15.0,1.0,1,0.9,0.1,ELC,SER.REFRIGERATION,1,0,0,0,0,0,0,0,0,0,0,0,0,0,0,0,0,0,0,0,0,0,0,0,0
SCHP-STM01 [SER.CHP: .01.ENERGY-TO-WASTE.STEAM-TURBINE.MSW.],UK,2010,3281.25,1,193.875,1,0,1,100000000.0,100,100000000.0,20.0,0.75,1,0.8,0.1,BIOMASS,SER.OTHER,1,0,0,0,0,0,0,0,0,0,0,0,0,0,0,0,0,0,0,0,0,0,0,0,0
SCSLROFF01 [SER.HEAT.LOW-CONSUMPTION: .01.CONSERVATION.FLAT-ROOF-INSULATION.],UK,2010,33.4011341023163,1,0.00033219650464707,1,0,1,100000000.0,100,19.6193925046776,200.0,1.0,1,1.0,0.1,OIL,SER.SPACE-HEAT.LOW-CONSUMPTION,1,0,0,0,0,0,0,0,0,0,0,0,0,0,0,0,0,0,0,0,0,0,0,0,0
RHNAAHSRE01 [RES.HEAT.NEW-AVERAGE: .01.ELC.HEAT PUMP.AIR.SOLAR-THERMAL.RADIATOR.],UK,2010,34.61537204,1,1.730768602,1,0,1,100000000.0,100,100000000,20,1,1,2.8865,0.1,ELC,RES.SPACE-HEAT.NEW-AVERAGE,0,0,0,0,0.170633091,0.233977656,0,0,0.198155701,0,0,0,0,0,0,0.244121298,0.153112254,0,0,0,0,0,0,0,0
SCSLROFP01 [SER.HEAT.LOW-CONSUMPTION: .01.CONSERVATION.PITCHED-ROOF-INSULATION.],UK,2010,34.9382136739107,1,0.00033219650464707,1,0,1,100000000.0,100,13.1525767316657,200.0,1.0,1,1.0,0.1,NGA,SER.SPACE-HEAT.LOW-CONSUMPTION,1,0,0,0,0,0,0,0,0,0,0,0,0,0,0,0,0,0,0,0,0,0,0,0,0
RHEARAD00 [RES.HEAT.EXISTING-AVERAGE: .00.HTP.RADIATOR.]; RHEARAD01 [RES.HEAT.EXISTING-AVERAGE: .01.HTP.RADIATOR.],UK,2010,35.94357034,1,0.718871407,1,0,1,100000000.0,100,100000000,50,1,1,1,0.1,ELC,RES.SPACE-HEAT.EXISTING-AVERAGE,0,0,0,0,0.170633091,0.233977656,0,0,0.198155701,0,0,0,0,0,0,0.244121298,0.153112254,0,0,0,0,0,0,0,0
SHHFCLRH01 [SER.HEAT.HIGH-CONSUMPTION: .01.HDG.FUEL-CELL.STD.RADIATOR.],UK,2010,3592.515,1,179.62575,1,0,1,100000000.0,100,100000000.0,15.0,1.0,1,0.9,0.1,HYDROGEN,SER.SPACE-HEAT.HIGH-CONSUMPTION,1,0,0,0,0,0,0,0,0,0,0,0,0,0,0,0,0,0,0,0,0,0,0,0,0
SHLAHSRE01 [SER.HEAT.LOW-CONSUMPTION: .01.ELC.HEAT PUMP.AIR.SOLAR-THERMAL.RADIATOR.],UK,2010,36.7861867993529,1,1.83930933996765,1,0,1,100000000.0,100,100000000.0,20.0,1.0,1,2.24422747030372,0.1,ELC,SER.SPACE-HEAT.LOW-CONSUMPTION,1,0,0,0,0,0,0,0,0,0,0,0,0,0,0,0,0,0,0,0,0,0,0,0,0
SHLAHSUE01 [SER.HEAT.LOW-CONSUMPTION: .01.ELC.HEAT PUMP.AIR.SOLAR-THERMAL.UNDERFLOOR.],UK,2010,36.7861867993529,1,1.83930933996765,1,0,1,100000000.0,100,100000000.0,20.0,1.0,1,2.65306867575931,0.1,ELC,SER.SPACE-HEAT.LOW-CONSUMPTION,1,0,0,0,0,0,0,0,0,0,0,0,0,0,0,0,0,0,0,0,0,0,0,0,0
REAUDVIS00 [RES.CONSUMER-ELECTRONICS: .00.TV.DVD.SET-TOP-BOX.GAME-CONSOLE.]; REAUDVIS01 [RES.CONSUMER-ELECTRONICS: .01.TV.DVD.SET-TOP-BOX.GAME-CONSOLE.],UK,2010,369.9409609,1,0,1,0,1,100000000.0,100,100000000,6,1,1,0.6,0.1,ELC,RES.CONSUMER-ELECTRONICS.TV,0,0.032150861,0.033405471,0.041261444,0.013319163,0.055865345,0.035504306,0.042785737,0.015467504,0.039127433,0.045506014,0.029102274,0.046338513,0.059506061,0.047722102,0.058287277,0.011951533,0.049971411,0.044831156,0.041553926,0.036852719,0.047722102,0.054921456,0.053139205,0.063706987
RHEACHPRG01 [RES.HEAT.EXISTING-AVERAGE: .01.GAS.MICRO-CHP.STD.RADIATOR.],UK,2010,373.0881334,1,18.65440667,1,0,1,100000000.0,100,100000000,15,1,1,0.8,0.1,NGA,RES.SPACE-HEAT.EXISTING-AVERAGE,0,0.054528134,0.047201524,0.052977028,0,0,0.052493242,0.065430769,0,0.068253683,0.069729978,0.043800062,0.080123889,0.083400664,0.072847154,0,0,0,0,0,0.058238821,0.07711145,0.092418031,0.081445572,0
SHLCHPRH01 [SER.HEAT.LOW-CONSUMPTION: .01.HYG.MICRO-CHP.STD.RADIATOR.],UK,2010,3848.70808417727,1,300.0321672,1,0,1,100000000.0,100,100000000.0,15.0,1.0,1,0.88,0.1,NGA,SER.SPACE-HEAT.LOW-CONSUMPTION,1,0,0,0,0,0,0,0,0,0,0,0,0,0,0,0,0,0,0,0,0,0,0,0,0
SLOFELED00 [SER.LIGHTING: .00.OFFICE.LED.]; SLOFELED01 [SER.LIGHTING: .01.OFFICE.LED.],UK,2010,4.16666666666667,1,0.0,1,0,1,100000000.0,100,100000000.0,21.0,1.0,1,1.63701985699875,0.1,ELC,SER.LIGHTING.OFFICE,1,0,0,0,0,0,0,0,0,0,0,0,0,0,0,0,0,0,0,0,0,0,0,0,0
SLOTELED00 [SER.LIGHTING: .00.OTHER.LED.]; SLOTELED01 [SER.LIGHTING: .01.OTHER.LED.],UK,2010,4.16666666666667,1,0.0,1,0,1,100000000.0,100,100000000.0,21.0,1.0,1,1.63701985699875,0.1,ELC,SER.LIGHTING.OTHER,1,0,0,0,0,0,0,0,0,0,0,0,0,0,0,0,0,0,0,0,0,0,0,0,0
SWHBLRRG00 [SER.WATER.HIGH-CONSUMPTION: .00.NGA.BOILER.STD.PIPE.]; SWHBLRRG01 [SER.WATER.HIGH-CONSUMPTION: .01.NGA.BOILER.STD.PIPE.],UK,2010,4.42351598173516,1,0.221175799086758,1,0,1,100000000.0,100,100000000.0,20.0,1.0,1,0.86,0.1,NGA,SER.HOT-WATER.HIGH-CONSUMPTION,1,0,0,0,0,0,0,0,0,0,0,0,0,0,0,0,0,0,0,0,0,0,0,0,0
SHLBLRRE00 [SER.HEAT.LOW-CONSUMPTION: .00.ELC.BOILER.STD.RADIATOR.]; SHLBLRRE01 [SER.HEAT.LOW-CONSUMPTION: .01.ELC.BOILER.CON.RADIATOR.],UK,2010,4.50409309449651,1,0.450409309449651,1,0,1,100000000.0,100,100000000.0,15.0,1.0,1,0.95,0.1,ELC,SER.SPACE-HEAT.LOW-CONSUMPTION,1,0,0,0,0,0,0,0,0,0,0,0,0,0,0,0,0,0,0,0,0,0,0,0,0
SHLREFCG01 [SER.HEAT.LOW-CONSUMPTION: .01.HYG.MICRO-CHP.REFORMER.],UK,2010,4.54373017541055,1,0.227186508770528,1,0,1,100000000.0,100,100000000.0,15.0,1.0,1,0.81,0.1,NGA,SER.SPACE-HEAT.LOW-CONSUMPTION,1,0,0,0,0,0,0,0,0,0,0,0,0,0,0,0,0,0,0,0,0,0,0,0,0
SHHBLRRE00 [SER.HEAT.HIGH-CONSUMPTION: .00.ELC.BOILER.STD.RADIATOR.]; SHHBLRRE01 [SER.HEAT.HIGH-CONSUMPTION: .01.ELC.BOILER.STD.RADIATOR.],UK,2010,4.66133942161339,1,0.23306697108067,1,0,1,100000000.0,100,100000000.0,20.0,1.0,1,1.0,0.1,ELC,SER.SPACE-HEAT.HIGH-CONSUMPTION,1,0,0,0,0,0,0,0,0,0,0,0,0,0,0,0,0,0,0,0,0,0,0,0,0
RHEABLCRO01 [RES.HEAT.EXISTING-AVERAGE: .01.KER.BOILER.CON.RADIATOR.],UK,2010,4.694445123,1,0.469444512,1,0,1,100000000.0,100,100000000,15,1,1,0.84,0.1,KEROSENE,RES.SPACE-HEAT.EXISTING-AVERAGE,0,0,0,0,0,0.370784622,0,0,0,0,0,0,0,0,0,0,0,0.331665917,0.29754946,0,0,0,0,0,0
RHNASHTRG01 [RES.HEAT.NEW-AVERAGE: .01.NGA.HEATER.STANDALONE.],UK,2010,4.886841562,1,0.488684156,1,0,1,100000000.0,100,100000000,15,1,1,0.7,0.1,NGA,RES.SPACE-HEAT.NEW-AVERAGE,0,0.054528134,0.047201524,0.052977028,0,0,0.052493242,0.065430769,0,0.068253683,0.069729978,0.043800062,0.080123889,0.083400664,0.072847154,0,0,0,0,0,0.058238821,0.07711145,0.092418031,0.081445572,0
RWNAWHTRG01 [RES.WATER.NEW-AVERAGE: .01.NGA.BOILER.STD.STANDALONE.],UK,2010,4.886841562,1,0.488684156,1,0,1,100000000.0,100,100000000,15,1,1,0.8,0.1,NGA,RES.HOT-WATER.NEW-AVERAGE,0,0.054528134,0.047201524,0.052977028,0,0,0.052493242,0.065430769,0,0.068253683,0.069729978,0.043800062,0.080123889,0.083400664,0.072847154,0,0,0,0,0,0.058238821,0.07711145,0.092418031,0.081445572,0
RHEAAHSRE01 [RES.HEAT.EXISTING-AVERAGE: .01.ELC.HEAT PUMP.AIR.SOLAR-THERMAL.RADIATOR.],UK,2010,42.86398485,1,2.143199243,1,0,1,100000000.0,100,100000000,20,1,1,2.51,0.1,ELC,RES.SPACE-HEAT.EXISTING-AVERAGE,0,0,0,0,0.170633091,0.233977656,0,0,0.198155701,0,0,0,0,0,0,0.244121298,0.153112254,0,0,0,0,0,0,0,0
RCHPEA-CCG00 [RES.CHP.EXISTING-AVERAGE: .00.COMBINED-CYCLE.NGA.],UK,2010,423.6842105,1,16.84210526,1,0,1,2.0,100,100000000,25,0.383762179,1,0.54507418,0.1,NGA,RES.SPACE-HEAT.EXISTING-AVERAGE,0,0.054528134,0.047201524,0.052977028,0,0,0.052493242,0.065430769,0,0.068253683,0.069729978,0.043800062,0.080123889,0.083400664,0.072847154,0,0,0,0,0,0.058238821,0.07711145,0.092418031,0.081445572,0
RCHPEA-CCH01 [RES.CHP.EXISTING-AVERAGE: .01.COMBINED-CYCLE.HYG.],UK,2010,423.6842105,1,16.84210526,1,0,1,100000000.0,100,100000000,25,0.383762179,1,0.8,0.1,ELC,RES.SPACE-HEAT.EXISTING-AVERAGE,0,0,0,0,0.170633091,0.233977656,0,0,0.198155701,0,0,0,0,0,0,0.244121298,0.153112254,0,0,0,0,0,0,0,0
RCHPEA-CCG01 [RES.CHP.EXISTING-AVERAGE: .01.COMBINED-CYCLE.NGA.],UK,2010,423.6842105,1,16.84210526,1,0,1,100000000.0,100,100000000,25,0.383762179,1,0.8,0.1,NGA,RES.SPACE-HEAT.EXISTING-AVERAGE,0,0.054528134,0.047201524,0.052977028,0,0,0.052493242,0.065430769,0,0.068253683,0.069729978,0.043800062,0.080123889,0.083400664,0.072847154,0,0,0,0,0,0.058238821,0.07711145,0.092418031,0.081445572,0
SCHP-CCG00 [SER.CHP: .00.COMBINED-CYCLE.NGA.],UK,2010,423.684210526316,1,16.8421052631579,1,0,1,2.0,100,100000000.0,25.0,0.326629417259473,1,0.545074179608265,0.1,NGA,SER.OTHER,1,0,0,0,0,0,0,0,0,0,0,0,0,0,0,0,0,0,0,0,0,0,0,0,0
SCHP-CCG01 [SER.CHP: .01.COMBINED-CYCLE.NGA.],UK,2010,423.684210526316,1,16.8421052631579,1,0,1,100000000.0,100,100000000.0,25.0,0.326629417259473,1,0.8,0.1,NGA,SER.OTHER,1,0,0,0,0,0,0,0,0,0,0,0,0,0,0,0,0,0,0,0,0,0,0,0,0
SCSELPDT01 [SER.LIGHTING: .01.CONSERVATION.PRESENCE-DETECTOR.],UK,2010,44.3573415278358,1,0.0,1,0,1,100000000.0,100,12.455424,10.0,1.0,1,1.0,0.1,ELC,SER.LIGHTING.OTHER,1,0,0,0,0,0,0,0,0,0,0,0,0,0,0,0,0,0,0,0,0,0,0,0,0
RHNAGHPRE01 [RES.HEAT.NEW-AVERAGE: .01.ELC.HEAT PUMP.GROUND.RADIATOR.],UK,2010,47.03874353,1,2.351937177,1,0,1,100000000.0,100,100000000,20,1,1,3.266,0.1,ELC,RES.SPACE-HEAT.NEW-AVERAGE,0,0,0,0,0.170633091,0.233977656,0,0,0.198155701,0,0,0,0,0,0,0.244121298,0.153112254,0,0,0,0,0,0,0,0
RHEACSVLOF02 [RES.HEAT.EXISTING-AVERAGE: .01.CONSERVATION.LOFT-INSULATION.TOPUP.],UK,2010,48.14667877,1,0.000281026,1,0,1,100000000.0,100,55.70497562,200,1,1,1,0.1,ELC,RES.SPACE-HEAT.EXISTING-AVERAGE,0,0,0,0,0.170633091,0.233977656,0,0,0.198155701,0,0,0,0,0,0,0.244121298,0.153112254,0,0,0,0,0,0,0,0
SWHDPIP00 [SER.WATER.HIGH-CONSUMPTION: .00.PIPE.DELIVERY.]; SWHDPIP01 [SER.WATER.HIGH-CONSUMPTION: .01.PIPE.DELIVERY.],UK,2010,48.8002364061346,1,0.976004728122691,1,0,1,100000000.0,100,100000000.0,50.0,1.0,1,1.0,0.1,WOOD,SER.HOT-WATER.HIGH-CONSUMPTION,1,0,0,0,0,0,0,0,0,0,0,0,0,0,0,0,0,0,0,0,0,0,0,0,0
RHEACSVFLR01 [RES.HEAT.EXISTING-AVERAGE: .01.CONSERVATION.FLOOR-INSULATION.],UK,2010,490.2484932,1,0.000281026,1,0,1,100000000.0,100,2.404797489,200,1,1,1,0.1,ELC,RES.SPACE-HEAT.EXISTING-AVERAGE,0,0,0,0,0.170633091,0.233977656,0,0,0.198155701,0,0,0,0,0,0,0.244121298,0.153112254,0,0,0,0,0,0,0,0
RHEAREFCG01 [RES.HEAT.EXISTING-AVERAGE: .01.HDG.MICRO-CHP.REFORMER.],UK,2010,5.079913571,1,0.253995679,1,0,1,100000000.0,100,100000000,15,0.102330509,1,0.81,0.1,HYDROGEN,RES.SPACE-HEAT.EXISTING-AVERAGE,0,0,0,0,0,0,0,0,0,0,0,0,0,0,0,0,0,0,0,0,0,0,0,0,0
SWHBLRRO00 [SER.WATER.HIGH-CONSUMPTION: .00.LFO.BOILER.STD.PIPE.]; SWHBLRRO01 [SER.WATER.HIGH-CONSUMPTION: .01.LFO.BOILER.STD.PIPE.],UK,2010,5.30821917808219,1,0.26541095890411,1,0,1,100000000.0,100,100000000.0,20.0,1.0,1,0.86,0.1,LFO,SER.HOT-WATER.HIGH-CONSUMPTION,1,0,0,0,0,0,0,0,0,0,0,0,0,0,0,0,0,0,0,0,0,0,0,0,0
RHNAUND01 [RES.HEAT.NEW-AVERAGE: .01.HTP.UNDERFLOOR.],UK,2010,50.33847814,1,1.006769563,1,0,1,100000000.0,100,100000000,50,1,1,1,0.1,ELC,RES.SPACE-HEAT.NEW-AVERAGE,0,0,0,0,0.170633091,0.233977656,0,0,0.198155701,0,0,0,0,0,0,0.244121298,0.153112254,0,0,0,0,0,0,0,0
RHEACSVCAV02 [RES.HEAT.EXISTING-AVERAGE: .02.CONSERVATION.CAVITY-WALL.HARD.],UK,2010,52.01868024,1,0.000281026,1,0,1,100000000.0,100,73.64839916,200,1,1,1,0.1,ELC,RES.SPACE-HEAT.EXISTING-AVERAGE,0,0,0,0,0.170633091,0.233977656,0,0,0.198155701,0,0,0,0,0,0,0.244121298,0.153112254,0,0,0,0,0,0,0,0
RCHPEA-STW01 [RES.CHP.EXISTING-AVERAGE: .01.STEAM-TURBINE.BIOMASS.],UK,2010,534.5345345,1,24.02402402,1,0,1,100000000.0,100,100000000,25,0.383762179,1,0.8,0.1,BIOMASS,RES.SPACE-HEAT.EXISTING-AVERAGE,0,0,0,0,0,0.370784622,0,0,0,0,0,0,0,0,0,0,0,0.331665917,0.29754946,0,0,0,0,0,0
SCHP-STW01 [SER.CHP: .01.STEAM-TURBINE.BIOMASS.],UK,2010,534.534534534534,1,24.024024024024,1,0,1,100000000.0,100,100000000.0,25.0,0.326629417259473,1,0.8,0.1,BIOMASS,SER.OTHER,1,0,0,0,0,0,0,0,0,0,0,0,0,0,0,0,0,0,0,0,0,0,0,0,0
SCHP-STW00 [SER.CHP: .00.STEAM-TURBINE.BIOMASS.],UK,2010,534.534534534534,1,24.024024024024,1,0,1,2.0,100,100000000.0,25.0,0.580756673601325,1,0.881345840663435,0.1,BIOMASS,SER.OTHER,1,0,0,0,0,0,0,0,0,0,0,0,0,0,0,0,0,0,0,0,0,0,0,0,0
RHNAGHSRE01 [RES.HEAT.NEW-AVERAGE: .01.ELC.HEAT PUMP.GROUND.SOLAR-THERMAL.RADIATOR.],UK,2010,55.58051571,1,2.779025786,1,0,1,100000000.0,100,100000000,20,1,1,3.266,0.1,ELC,RES.SPACE-HEAT.NEW-AVERAGE,0,0,0,0,0.170633091,0.233977656,0,0,0.198155701,0,0,0,0,0,0,0.244121298,0.153112254,0,0,0,0,0,0,0,0
SHLCHPRW01 [SER.HEAT.LOW-CONSUMPTION: .01.WOD.MICRO-CHP.STD.RADIATOR.],UK,2010,562.953749315161,1,28.1476874657581,1,0,1,100000000.0,100,100000000.0,15.0,1.0,1,0.8,0.1,WOOD,SER.SPACE-HEAT.LOW-CONSUMPTION,1,0,0,0,0,0,0,0,0,0,0,0,0,0,0,0,0,0,0,0,0,0,0,0,0
RHEAGHPRE01 [RES.HEAT.EXISTING-AVERAGE: .01.ELC.HEAT PUMP.GROUND.RADIATOR.],UK,2010,58.79842941,1,2.939921471,1,0,1,100000000.0,100,100000000,20,1,1,2.84,0.1,ELC,RES.SPACE-HEAT.EXISTING-AVERAGE,0,0,0,0,0.170633091,0.233977656,0,0,0.198155701,0,0,0,0,0,0,0.244121298,0.153112254,0,0,0,0,0,0,0,0
RHNABLSRE01 [RES.HEAT.NEW-AVERAGE: .01.ELC.BOILER.CON.SOLAR-THERMAL.RADIATOR.],UK,2010,6.100631833,1,0.610063183,1,0,1,100000000.0,100,100000000,15,1,1,1,0.1,ELC,RES.SPACE-HEAT.NEW-AVERAGE,0,0,0,0,0.170633091,0.233977656,0,0,0.198155701,0,0,0,0,0,0,0.244121298,0.153112254,0,0,0,0,0,0,0,0
RHEASHTRG01 [RES.HEAT.EXISTING-AVERAGE: .01.NGA.HEATER.STANDALONE.],UK,2010,6.108551952,1,0.610855195,1,0,1,100000000.0,100,100000000,15,1,1,0.7,0.1,NGA,RES.SPACE-HEAT.EXISTING-AVERAGE,0,0.054528134,0.047201524,0.052977028,0,0,0.052493242,0.065430769,0,0.068253683,0.069729978,0.043800062,0.080123889,0.083400664,0.072847154,0,0,0,0,0,0.058238821,0.07711145,0.092418031,0.081445572,0
RWEAWHTRG00 [RES.WATER.EXISTING-AVERAGE: .00.NGA.BOILER.STD.STANDALONE.],UK,2010,6.108551952,1,0.610855195,1,0,1,2.0,100,100000000,15,1,1,0.728829694,0.1,NGA,RES.HOT-WATER.EXISTING-AVERAGE,0,0.054528134,0.047201524,0.052977028,0,0,0.052493242,0.065430769,0,0.068253683,0.069729978,0.043800062,0.080123889,0.083400664,0.072847154,0,0,0,0,0,0.058238821,0.07711145,0.092418031,0.081445572,0
RHEASHTRG00 [RES.HEAT.EXISTING-AVERAGE: .00.NGA.HEATER.STANDALONE.],UK,2010,6.108551952,1,0.610855195,1,0,1,2.0,100,100000000,15,1,1,0.728829694,0.1,NGA,RES.SPACE-HEAT.EXISTING-AVERAGE,0,0.054528134,0.047201524,0.052977028,0,0,0.052493242,0.065430769,0,0.068253683,0.069729978,0.043800062,0.080123889,0.083400664,0.072847154,0,0,0,0,0,0.058238821,0.07711145,0.092418031,0.081445572,0
RWEAWHTRG01 [RES.WATER.EXISTING-AVERAGE: .01.NGA.BOILER.STD.STANDALONE.],UK,2010,6.108551952,1,0.610855195,1,0,1,100000000.0,100,100000000,15,1,1,0.8,0.1,NGA,RES.HOT-WATER.EXISTING-AVERAGE,0,0.054528134,0.047201524,0.052977028,0,0,0.052493242,0.065430769,0,0.068253683,0.069729978,0.043800062,0.080123889,0.083400664,0.072847154,0,0,0,0,0,0.058238821,0.07711145,0.092418031,0.081445572,0
RWEASOLRS00 [RES.WATER.EXISTING-AVERAGE: .00.SOL.WATER-HEATER.STANDALONE.],UK,2010,6.108551952,1,21.49168009,1,0,1,2.0,100,100000000,20,1,1,1,0.1,SOLAR,RES.HOT-WATER.EXISTING-AVERAGE,0,0,0,0,0,0,0,0,0,0,0,0,0,0,0,0,0,0,0,0,0,0,0,0,0
RHNABLSRG01 [RES.HEAT.NEW-AVERAGE: .01.NGA.BOILER.CON.SOLAR-THERMAL.RADIATOR.],UK,2010,6.61729606,1,0.661729606,1,0,1,100000000.0,100,100000000,15,1,1,0.84,0.1,NGA,RES.SPACE-HEAT.NEW-AVERAGE,0,0.054528134,0.047201524,0.052977028,0,0,0.052493242,0.065430769,0,0.068253683,0.069729978,0.043800062,0.080123889,0.083400664,0.072847154,0,0,0,0,0,0.058238821,0.07711145,0.092418031,0.081445572,0
RHNABLSRH01 [RES.HEAT.NEW-AVERAGE: .01.HDG.BOILER.CON.SOLAR-THERMAL.RADIATOR.],UK,2010,6.61729606,1,0.661729606,1,0,1,100000000.0,100,100000000,19,1,1,0.84,0.1,SOLAR,RES.SPACE-HEAT.NEW-AVERAGE,0,0,0,0,0,0,0,0,0,0,0,0,0,0,0,0,0,0,0,0,0,0,0,0,0
SWHWHTRE00 [SER.WATER.HIGH-CONSUMPTION: .00.ELC.RESISTANCE.STANDALONE.]; SWHWHTRE01 [SER.WATER.HIGH-CONSUMPTION: .01.ELC.RESISTANCE.STANDALONE.],UK,2010,6.99200913242009,1,0.349600456621005,1,0,1,100000000.0,100,100000000.0,20.0,1.0,1,1.0,0.1,ELC,SER.HOT-WATER.HIGH-CONSUMPTION,1,0,0,0,0,0,0,0,0,0,0,0,0,0,0,0,0,0,0,0,0,0,0,0,0
RCEOTHER00 [RES.COOKING: .00.OTHER.KETTLE.MICROWAVE]; RCEOTHER01 [RES.COOKING: .01.OTHER.KETTLE.MICROWAVE],UK,2010,61.17760989,1,0,1,0,1,100000000.0,100,100000000,5,1,1,0.8,0.1,ELC,RES.COOKING.OTHER,0,0.029124055,0.030260551,0.037376932,0.026660799,0.059407004,0.032161794,0.038757723,0.030961106,0.035443826,0.041221902,0.026362474,0.041976026,0.053903931,0.043229359,0.061982478,0.023923232,0.053139416,0.047673287,0.044188293,0.033383262,0.043229359,0.049750938,0.048136476,0.067745777
SHLGHPRE01 [SER.HEAT.LOW-CONSUMPTION: .01.ELC.HEAT PUMP.GROUND.RADIATOR.],UK,2010,61.5683031352411,1,3.07841515676206,1,0,1,100000000.0,100,100000000.0,20.0,1.0,1,2.4872278501386,0.1,ELC,SER.SPACE-HEAT.LOW-CONSUMPTION,1,0,0,0,0,0,0,0,0,0,0,0,0,0,0,0,0,0,0,0,0,0,0,0,0
SHLGHPUE01 [SER.HEAT.LOW-CONSUMPTION: .01.ELC.HEAT PUMP.GROUND.UNDERFLOOR.],UK,2010,61.5683031352411,1,3.07841515676206,1,0,1,100000000.0,100,100000000.0,20.0,1.0,1,3.01572875749925,0.1,ELC,SER.SPACE-HEAT.LOW-CONSUMPTION,1,0,0,0,0,0,0,0,0,0,0,0,0,0,0,0,0,0,0,0,0,0,0,0,0
SHLGHSRE01 [SER.HEAT.LOW-CONSUMPTION: .01.ELC.HEAT PUMP.GROUND.SOLAR-THERMAL.RADIATOR.],UK,2010,62.2210654506273,1,3.11105327253137,1,0,1,100000000.0,100,100000000.0,20.0,1.0,1,2.4872278501386,0.1,ELC,SER.SPACE-HEAT.LOW-CONSUMPTION,1,0,0,0,0,0,0,0,0,0,0,0,0,0,0,0,0,0,0,0,0,0,0,0,0
SHLGHSUE01 [SER.HEAT.LOW-CONSUMPTION: .01.ELC.HEAT PUMP.GROUND.SOLAR-THERMAL.UNDERFLOOR.],UK,2010,62.2210654506273,1,3.11105327253137,1,0,1,100000000.0,100,100000000.0,20.0,1.0,1,3.01572875749925,0.1,ELC,SER.SPACE-HEAT.LOW-CONSUMPTION,1,0,0,0,0,0,0,0,0,0,0,0,0,0,0,0,0,0,0,0,0,0,0,0,0
RCHPEA-FCH01 [RES.CHP.EXISTING-AVERAGE: .01.FUEL-CELL.HYG.],UK,2010,6456.049312,1,531.6514286,1,0,1,100000000.0,100,100000000,17,0.383762179,1,0.83,0.1,ELC,RES.SPACE-HEAT.EXISTING-AVERAGE,0,0,0,0,0.170633091,0.233977656,0,0,0.198155701,0,0,0,0,0,0,0.244121298,0.153112254,0,0,0,0,0,0,0,0
SCHP-FCH01 [SER.CHP: .01.FUEL-CELL.HYG.],UK,2010,6456.04931207143,1,531.651428571429,1,0,1,100000000.0,100,100000000.0,17.0,0.326629417259473,1,0.83,0.1,NGA,SER.OTHER,1,0,0,0,0,0,0,0,0,0,0,0,0,0,0,0,0,0,0,0,0,0,0,0,0
RHNACHPRW01 [RES.HEAT.NEW-AVERAGE: .01.PELH.MICRO-CHP.STD.RADIATOR.],UK,2010,662.2778408,1,33.11389204,1,0,1,100000000.0,100,100000000,15,1,1,0.8,0.1,PELLETS,RES.SPACE-HEAT.EXISTING-AVERAGE,0,0,0,0,0,0.370784622,0,0,0,0,0,0,0,0,0,0,0,0.331665917,0.29754946,0,0,0,0,0,0
RHEAGHSRE01 [RES.HEAT.EXISTING-AVERAGE: .01.ELC.HEAT PUMP.GROUND.SOLAR-THERMAL.RADIATOR.],UK,2010,69.07041445,1,3.453520722,1,0,1,100000000.0,100,100000000,20,1,1,2.84,0.1,ELC,RES.SPACE-HEAT.EXISTING-AVERAGE,0,0,0,0,0.170633091,0.233977656,0,0,0.198155701,0,0,0,0,0,0,0.244121298,0.153112254,0,0,0,0,0,0,0,0
SHLSHTRO00 [SER.HEAT.LOW-CONSUMPTION: .00.LFO.RESISTANCE.STANDALONE.],UK,2010,7.02451501574902,1,0.686741723584409,1,0,1,2.0,100,100000000.0,15.0,1.0,1,0.67,0.1,LFO,SER.SPACE-HEAT.LOW-CONSUMPTION,1,0,0,0,0,0,0,0,0,0,0,0,0,0,0,0,0,0,0,0,0,0,0,0,0
SHLSHTRG00 [SER.HEAT.LOW-CONSUMPTION: .00.NGA.RESISTANCE.STANDALONE.],UK,2010,7.02451501574902,1,0.686741723584409,1,0,1,2.0,100,100000000.0,15.0,1.0,1,0.67,0.1,NGA,SER.SPACE-HEAT.LOW-CONSUMPTION,1,0,0,0,0,0,0,0,0,0,0,0,0,0,0,0,0,0,0,0,0,0,0,0,0
SHLSHTRE00 [SER.HEAT.LOW-CONSUMPTION: .00.ELC.RESISTANCE.STANDALONE.],UK,2010,7.02451501574902,1,0.702451501574902,1,0,1,2.0,100,100000000.0,15.0,1.0,1,0.8,0.1,ELC,SER.SPACE-HEAT.LOW-CONSUMPTION,1,0,0,0,0,0,0,0,0,0,0,0,0,0,0,0,0,0,0,0,0,0,0,0,0
SHLSHTRE01 [SER.HEAT.LOW-CONSUMPTION: .01.ELC.RESISTANCE.STANDALONE.],UK,2010,7.02451501574902,1,0.702451501574902,1,0,1,100000000.0,100,100000000.0,15.0,1.0,1,0.9,0.1,ELC,SER.SPACE-HEAT.LOW-CONSUMPTION,1,0,0,0,0,0,0,0,0,0,0,0,0,0,0,0,0,0,0,0,0,0,0,0,0
RHEABLSRE01 [RES.HEAT.EXISTING-AVERAGE: .01.ELC.BOILER.CON.SOLAR-THERMAL.RADIATOR.],UK,2010,7.468098403,1,0.74680984,1,0,1,100000000.0,100,100000000,15,1,1,1,0.1,ELC,RES.SPACE-HEAT.EXISTING-AVERAGE,0,0,0,0,0.170633091,0.233977656,0,0,0.198155701,0,0,0,0,0,0,0.244121298,0.153112254,0,0,0,0,0,0,0,0
SHLDUND01 [SER.HEAT.LOW-CONSUMPTION: .01.HTP.UNDERFLOOR.],UK,2010,70.3935102707097,1,1.40787020541419,1,0,1,100000000.0,100,100000000.0,50.0,1.0,1,1.0,0.1,ELC,SER.SPACE-HEAT.LOW-CONSUMPTION,1,0,0,0,0,0,0,0,0,0,0,0,0,0,0,0,0,0,0,0,0,0,0,0,0
RHEACHPRH01 [RES.HEAT.EXISTING-AVERAGE: .01.HDG.MICRO-CHP.STD.RADIATOR.],UK,2010,7697.416168,1,300.0321672,1,0,1,100000000.0,100,100000000,15,1,1,0.88,0.1,HYDROGEN,RES.SPACE-HEAT.EXISTING-AVERAGE,0,0,0,0,0,0,0,0,0,0,0,0,0,0,0,0,0,0,0,0,0,0,0,0,0
RHNABLSRO01 [RES.HEAT.NEW-AVERAGE: .01.KER.BOILER.CON.SOLAR-THERMAL.RADIATOR.],UK,2010,8.058761278,1,0.805876128,1,0,1,100000000.0,100,100000000,15,1,1,0.84,0.1,SOLAR,RES.SPACE-HEAT.NEW-AVERAGE,0,0,0,0,0,0,0,0,0,0,0,0,0,0,0,0,0,0,0,0,0,0,0,0,0
RHEABLSRG01 [RES.HEAT.EXISTING-AVERAGE: .01.NGA.BOILER.CON.SOLAR-THERMAL.RADIATOR.],UK,2010,8.113928687,1,0.811392869,1,0,1,100000000.0,100,100000000,15,1,1,0.84,0.1,NGA,RES.SPACE-HEAT.EXISTING-AVERAGE,0,0.054528134,0.047201524,0.052977028,0,0,0.052493242,0.065430769,0,0.068253683,0.069729978,0.043800062,0.080123889,0.083400664,0.072847154,0,0,0,0,0,0.058238821,0.07711145,0.092418031,0.081445572,0
RHEABLSRH01 [RES.HEAT.EXISTING-AVERAGE: .01.HDG.BOILER.CON.SOLAR-THERMAL.RADIATOR.],UK,2010,8.113928687,1,0.811392869,1,0,1,100000000.0,100,100000000,19,1,1,0.84,0.1,SOLAR,RES.SPACE-HEAT.EXISTING-AVERAGE,0,0,0,0,0,0,0,0,0,0,0,0,0,0,0,0,0,0,0,0,0,0,0,0,0
RHNAAHBRE01 [RES.HEAT.NEW-AVERAGE: .01.ELC.HEAT PUMP.AIR.NGA.BOILER.RADIATOR.],UK,2010,8.416741326,1,0.50500448,1,0,1,100000000.0,100,100000000,20,1,1,0.84,0.1,ELC,RES.SPACE-HEAT.NEW-AVERAGE,0,0,0,0,0.170633091,0.233977656,0,0,0.198155701,0,0,0,0,0,0,0.244121298,0.153112254,0,0,0,0,0,0,0,0
RHNAAHHRE01 [RES.HEAT.NEW-AVERAGE: .01.ELC.HEAT PUMP.AIR.HDG.BOILER.RADIATOR.],UK,2010,8.416741326,1,0.50500448,1,0,1,100000000.0,100,100000000,20,1,1,2.8865,0.1,ELC,RES.SPACE-HEAT.NEW-AVERAGE,0,0,0,0,0.170633091,0.233977656,0,0,0.198155701,0,0,0,0,0,0,0.244121298,0.153112254,0,0,0,0,0,0,0,0
SHLBLSRG01 [SER.HEAT.LOW-CONSUMPTION: .01.NGA.BOILER.CON.SOLAR-THERMAL.RADIATOR.],UK,2010,8.54156372617424,1,0.854156372617424,1,0,1,100000000.0,100,100000000.0,19.0,1.0,1,0.9,0.1,NGA,SER.SPACE-HEAT.LOW-CONSUMPTION,1,0,0,0,0,0,0,0,0,0,0,0,0,0,0,0,0,0,0,0,0,0,0,0,0
SHLBLSRH01 [SER.HEAT.LOW-CONSUMPTION: .01.HYG.BOILER.CON.SOLAR-THERMAL.RADIATOR.],UK,2010,8.54156372617424,1,0.854156372617424,1,0,1,100000000.0,100,100000000.0,19.0,1.0,1,0.9,0.1,SOLAR,SER.SPACE-HEAT.LOW-CONSUMPTION,1,0,0,0,0,0,0,0,0,0,0,0,0,0,0,0,0,0,0,0,0,0,0,0,0
SHLAHBRE01 [SER.HEAT.LOW-CONSUMPTION: .01.ELC.HEAT PUMP.AIR.NGA.BOILER.RADIATOR.],UK,2010,8.86947882379918,1,0.532168729427951,1,0,1,100000000.0,100,100000000.0,19.0,1.0,1,0.9,0.1,ELC,SER.SPACE-HEAT.LOW-CONSUMPTION,1,0,0,0,0,0,0,0,0,0,0,0,0,0,0,0,0,0,0,0,0,0,0,0,0
SHLAHHRE01 [SER.HEAT.LOW-CONSUMPTION: .01.ELC.HEAT PUMP.AIR.HYG.BOILER.RADIATOR.],UK,2010,8.86947882379918,1,0.532168729427951,1,0,1,100000000.0,100,100000000.0,19.0,1.0,1,2.24422747030372,0.1,ELC,SER.SPACE-HEAT.LOW-CONSUMPTION,1,0,0,0,0,0,0,0,0,0,0,0,0,0,0,0,0,0,0,0,0,0,0,0,0
SHLAHHUE01 [SER.HEAT.LOW-CONSUMPTION: .01.ELC.HEAT PUMP.AIR.HYG.BOILER.UNDERFLOOR.],UK,2010,8.86947882379918,1,0.532168729427951,1,0,1,100000000.0,100,100000000.0,19.0,1.0,1,2.65306867575931,0.1,ELC,SER.SPACE-HEAT.LOW-CONSUMPTION,1,0,0,0,0,0,0,0,0,0,0,0,0,0,0,0,0,0,0,0,0,0,0,0,0
RECOMPUT00 [RES.COMPUTERS: .00.]; RECOMPUT01 [RES.COMPUTERS: .01.],UK,2010,802.0992539,1,0,1,0,1,100000000.0,100,100000000,5,1,1,0.6,0.1,ELC,RES.COMPUTERS,0,0.032963466,0.034249787,0.042304317,0.024651553,0.046804172,0.036401669,0.043867136,0.028627776,0.04011637,0.046656168,0.029837827,0.047509708,0.061010062,0.048928267,0.048833276,0.022120298,0.041866215,0.037559692,0.034814018,0.037784163,0.048928267,0.056309582,0.054482286,0.053373926
RHEAUND01 [RES.HEAT.EXISTING-AVERAGE: .01.HTP.UNDERFLOOR.],UK,2010,83.89028528,1,0.838902853,1,0,1,100000000.0,100,100000000,50,1,1,1,0.1,ELC,RES.SPACE-HEAT.EXISTING-AVERAGE,0,0,0,0,0.170633091,0.233977656,0,0,0.198155701,0,0,0,0,0,0,0.244121298,0.153112254,0,0,0,0,0,0,0,0
RHEACHPRW01 [RES.HEAT.EXISTING-AVERAGE: .01.PELH.MICRO-CHP.STD.RADIATOR.],UK,2010,855.689699,1,42.78448495,1,0,1,100000000.0,100,100000000,15,1,1,0.8,0.1,PELLETS,RES.SPACE-HEAT.EXISTING-AVERAGE,0,0,0,0,0,0.370784622,0,0,0,0,0,0,0,0,0,0,0,0.331665917,0.29754946,0,0,0,0,0,0
SHLBLSRO01 [SER.HEAT.LOW-CONSUMPTION: .01.OIL.BOILER.CON.SOLAR-THERMAL.RADIATOR.],UK,2010,9.7753451532883,1,0.97753451532883,1,0,1,100000000.0,100,100000000.0,19.0,1.0,1,0.9,0.1,OIL,SER.SPACE-HEAT.LOW-CONSUMPTION,1,0,0,0,0,0,0,0,0,0,0,0,0,0,0,0,0,0,0,0,0,0,0,0,0
RHEABLSRO01 [RES.HEAT.EXISTING-AVERAGE: .01.KER.BOILER.CON.SOLAR-THERMAL.RADIATOR.],UK,2010,9.91576021,1,0.991576021,1,0,1,100000000.0,100,100000000,15,1,1,0.84,0.1,SOLAR,RES.SPACE-HEAT.EXISTING-AVERAGE,0,0,0,0,0,0,0,0,0,0,0,0,0,0,0,0,0,0,0,0,0,0,0,0,0
REWETALL00 [RES.WET-APPLIANCES: .00.WASHING-MACHINE.DRIER.DISHWASHER.]; REWETALL01 [RES.WET-APPLIANCES: .01.WASHING-MACHINE.DRIER.DISHWASHER.],UK,2010,947.0792302,1,47.35396151,1,0,1,100000000.0,100,100000000,13,1,1,0.6,0.1,ELC,RES.WET.APPLIANCES,0,0.031315648,0.032537667,0.040189557,0.012524261,0.059276876,0.034581978,0.041674252,0.014544387,0.038110984,0.044323862,0.028346258,0.045134734,0.057960217,0.046482381,0.061846709,0.011238253,0.053023017,0.047568862,0.044091501,0.035895362,0.046482381,0.053494711,0.051758759,0.067597384
