ProcessName,RegionName,Time,cap_par,cap_exp,fix_par,fix_exp,var_par,var_exp,MaxCapacityAddition,MaxCapacityGrowth,TotalCapacityLimit,TechnicalLife,UtilizationFactor,ScalingSize,efficiency,InterestRate,Fuel,EndUse,A1,A2,A3,B4,B5,B6,C7,C8,C9,D10,D11,D12,E13,E14,F15,F16,G17,G18,H19,H20,I21,I22,J23,J24
Unit,-,year,MGBP2020/PJ_a,-,MGBP2020/PJ_a,-,MGBP2020/PJ,-,PJ,%,PJ,years,-,PJ,%,-,-,-,new,new,new,new,new,new,new,new,new,new,new,new,new,new,new,new,new,new,new,new,new,new,new,new
RCEOTHER00 [RES.COOKING: .00.OTHER.KETTLE.MICROWAVE],UK,2010,61.17760989,1,0,1,0,1,2,100,100000000,5,1,1,0.8,0.1,ELC,RES.COOKING.OTHER,0.029124055,0.030260551,0.037376932,0.026660799,0.059407004,0.032161794,0.038757723,0.030961106,0.035443826,0.041221902,0.026362474,0.041976026,0.053903931,0.043229359,0.061982478,0.023923232,0.053139416,0.047673287,0.044188293,0.033383262,0.043229359,0.049750938,0.048136476,0.067745777
RCHEHOB00 [RES.COOKING: .00.HOB.ELECTRIC.],UK,2010,164.6428571,1,8.232142857,1,0,1,2,100,100000000,14,1,1,1.096565749,0.1,ELC,RES.COOKING.HOBS,0.029124055,0.030260551,0.037376932,0.026660799,0.059407004,0.032161794,0.038757723,0.030961106,0.035443826,0.041221902,0.026362474,0.041976026,0.053903931,0.043229359,0.061982478,0.023923232,0.053139416,0.047673287,0.044188293,0.033383262,0.043229359,0.049750938,0.048136476,0.067745777
RCHEOVEN00 [RES.COOKING: .00.OVEN.ELECTRIC.],UK,2010,164.6428571,1,8.232142857,1,0,1,2,100,100000000,14,1,1,1.518030945,0.1,ELC,RES.COOKING.OVENS,0.029124055,0.030260551,0.037376932,0.026660799,0.059407004,0.032161794,0.038757723,0.030961106,0.035443826,0.041221902,0.026362474,0.041976026,0.053903931,0.043229359,0.061982478,0.023923232,0.053139416,0.047673287,0.044188293,0.033383262,0.043229359,0.049750938,0.048136476,0.067745777
RCHGHOB00 [RES.COOKING: .00.HOB.GAS.],UK,2010,175.7142857,1,8.785714286,1,0,1,2,100,100000000,14,1,1,0.8,0.1,NGA,RES.COOKING.HOBS,0.029124055,0.030260551,0.037376932,0.026660799,0.059407004,0.032161794,0.038757723,0.030961106,0.035443826,0.041221902,0.026362474,0.041976026,0.053903931,0.043229359,0.061982478,0.023923232,0.053139416,0.047673287,0.044188293,0.033383262,0.043229359,0.049750938,0.048136476,0.067745777
RCHGOVEN00 [RES.COOKING: .00.OVEN.GAS.],UK,2010,175.7142857,1,8.785714286,1,0,1,2,100,100000000,14,1,1,1.115535389,0.1,NGA,RES.COOKING.OVENS,0.029124055,0.030260551,0.037376932,0.026660799,0.059407004,0.032161794,0.038757723,0.030961106,0.035443826,0.041221902,0.026362474,0.041976026,0.053903931,0.043229359,0.061982478,0.023923232,0.053139416,0.047673287,0.044188293,0.033383262,0.043229359,0.049750938,0.048136476,0.067745777
REAIRCON00 [RES.AIR-CONDITIONER: .00.],UK,2010,162.7604167,1,8.138020833,1,0,1,2,100,100000000,15,1,1,0.555555556,0.1,ELC,RES.COOLING,0.030475485,0.031664718,0.039111318,0.0155132,0.060648414,0.033654183,0.04055618,0.018015433,0.03708851,0.043134704,0.02758576,0.043923821,0.056405211,0.045235312,0.063277707,0.013920283,0.054249855,0.048669502,0.045111682,0.034932331,0.045235312,0.052059509,0.050370131,0.06916144
REAUDVIS00 [RES.CONSUMER-ELECTRONICS: .00.TV.DVD.SET-TOP-BOX.GAME-CONSOLE.],UK,2010,369.9409609,1,0,1,0,1,2,100,100000000,6,1,1,0.6,0.1,ELC,RES.CONSUMER-ELECTRONICS.TV,0.032150861,0.033405471,0.041261444,0.013319163,0.055865345,0.035504306,0.042785737,0.015467504,0.039127433,0.045506014,0.029102274,0.046338513,0.059506061,0.047722102,0.058287277,0.011951533,0.049971411,0.044831156,0.041553926,0.036852719,0.047722102,0.054921456,0.053139205,0.063706987
RECOLFRE00 [RES.FREEZERS: .00.],UK,2010,152.7777778,1,6.944444444,1,0,1,2,100,100000000,15,1,1,0.858325268,0.1,ELC,RES.FREEZERS,0.015237743,0.015832359,0.019555659,0.0077566,0.030324207,0.016827091,0.02027809,0.009007716,0.018544255,0.021567352,0.01379288,0.021961911,0.028202605,0.022617656,0.031638854,0.006960142,0.027124927,0.024334751,0.022555841,0.017466165,0.022617656,0.026029754,0.025185066,0.03458072
RECOLREF00 [RES.REFRIGERATORS: .00.],UK,2010,243.0555556,1,11.45833333,1,0,1,2,100,100000000,15,1,1,0.763291334,0.1,ELC,RES.REFRIGERATORS,0.015237743,0.015832359,0.019555659,0.0077566,0.030324207,0.016827091,0.02027809,0.009007716,0.018544255,0.021567352,0.01379288,0.021961911,0.028202605,0.022617656,0.031638854,0.006960142,0.027124927,0.024334751,0.022555841,0.017466165,0.022617656,0.026029754,0.025185066,0.03458072
RECOMPUT00 [RES.COMPUTERS: .00.],UK,2010,802.0992539,1,0,1,0,1,2,100,100000000,5,1,1,0.6,0.1,ELC,RES.COMPUTERS,0.032963466,0.034249787,0.042304317,0.024651553,0.046804172,0.036401669,0.043867136,0.028627776,0.04011637,0.046656168,0.029837827,0.047509708,0.061010062,0.048928267,0.048833276,0.022120298,0.041866215,0.037559692,0.034814018,0.037784163,0.048928267,0.056309582,0.054482286,0.053373926
RELITCON00 [RES.LIGHTING: .00.CONVENTIONAL.],UK,2010,0.260416667,1,0,1,0,1,2,100,100000000,1,1,1,10.72518156,0.1,ELC,RES.LIGHTING,0.032392521,0.033656562,0.041571584,0.021405232,0.050606123,0.035771172,0.043107334,0.024857832,0.039421533,0.045848058,0.02932102,0.046686814,0.059953335,0.048080803,0.052800052,0.019207313,0.04526705,0.040610704,0.037641996,0.037129721,0.048080803,0.05533427,0.053538624,0.057709544
RELITENS00 [RES.LIGHTING: .00.ENERGY-SAVING.],UK,2010,0.78125,1,0,1,0,1,2,100,100000000,7,1,1,25.24980858,0.1,ELC,RES.LIGHTING,0.032392521,0.033656562,0.041571584,0.021405232,0.050606123,0.035771172,0.043107334,0.024857832,0.039421533,0.045848058,0.02932102,0.046686814,0.059953335,0.048080803,0.052800052,0.019207313,0.04526705,0.040610704,0.037641996,0.037129721,0.048080803,0.05533427,0.053538624,0.057709544
RELITLED00 [RES.LIGHTING: .00.LED.],UK,2010,2.083333333,1,0,1,0,1,2,100,100000000,21,1,1,12.58503401,0.1,ELC,RES.LIGHTING,0.032392521,0.033656562,0.041571584,0.021405232,0.050606123,0.035771172,0.043107334,0.024857832,0.039421533,0.045848058,0.02932102,0.046686814,0.059953335,0.048080803,0.052800052,0.019207313,0.04526705,0.040610704,0.037641996,0.037129721,0.048080803,0.05533427,0.053538624,0.057709544
REOTHER00 [RES.OTHER: .00.ALL.],UK,2010,0,1,0,1,0,1,2,100,100000000,50,1,1,0.7,0.1,ELC,RES.OTHER,0.023014335,0.023912414,0.029535902,0.016370271,0.086796803,0.025414809,0.030627027,0.019010747,0.028008328,0.032574265,0.020832086,0.033170186,0.042595824,0.034160592,0.090559708,0.014689349,0.077639523,0.069653217,0.064561454,0.026380034,0.034160592,0.039314057,0.038038281,0.098980196
REWETALL00 [RES.WET-APPLIANCES: .00.WASHING-MACHINE.DRIER.DISHWASHER.],UK,2010,947.0792302,1,47.35396151,1,0,1,2,100,100000000,13,1,1,0.6,0.1,ELC,RES.WET.APPLIANCES,0.031315648,0.032537667,0.040189557,0.012524261,0.059276876,0.034581978,0.041674252,0.014544387,0.038110984,0.044323862,0.028346258,0.045134734,0.057960217,0.046482381,0.061846709,0.011238253,0.053023017,0.047568862,0.044091501,0.035895362,0.046482381,0.053494711,0.051758759,0.067597384
RCEOTHER01 [RES.COOKING: .01.OTHER.KETTLE.MICROWAVE],UK,2010,61.17760989,1,0,1,0,1,100000000,100,100000000,5,1,1,0.8,0.1,ELC,RES.COOKING.OTHER,0.029124055,0.030260551,0.037376932,0.026660799,0.059407004,0.032161794,0.038757723,0.030961106,0.035443826,0.041221902,0.026362474,0.041976026,0.053903931,0.043229359,0.061982478,0.023923232,0.053139416,0.047673287,0.044188293,0.033383262,0.043229359,0.049750938,0.048136476,0.067745777
RCHEHOB01 [RES.COOKING: .01.HOB.ELECTRIC.],UK,2010,164.6428571,1,8.232142857,1,0,1,100000000,100,100000000,14,1,1,1.096565749,0.1,ELC,RES.COOKING.HOBS,0.029124055,0.030260551,0.037376932,0.026660799,0.059407004,0.032161794,0.038757723,0.030961106,0.035443826,0.041221902,0.026362474,0.041976026,0.053903931,0.043229359,0.061982478,0.023923232,0.053139416,0.047673287,0.044188293,0.033383262,0.043229359,0.049750938,0.048136476,0.067745777
RCHEOVEN01 [RES.COOKING: .01.OVEN.ELECTRIC.],UK,2010,164.6428571,1,8.232142857,1,0,1,100000000,100,100000000,14,1,1,1.518030945,0.1,ELC,RES.COOKING.OVENS,0.029124055,0.030260551,0.037376932,0.026660799,0.059407004,0.032161794,0.038757723,0.030961106,0.035443826,0.041221902,0.026362474,0.041976026,0.053903931,0.043229359,0.061982478,0.023923232,0.053139416,0.047673287,0.044188293,0.033383262,0.043229359,0.049750938,0.048136476,0.067745777
RCHGHOB01 [RES.COOKING: .01.HOB.GAS.],UK,2010,175.7142857,1,8.785714286,1,0,1,100000000,100,100000000,14,1,1,0.8,0.1,NGA,RES.COOKING.HOBS,0.029124055,0.030260551,0.037376932,0.026660799,0.059407004,0.032161794,0.038757723,0.030961106,0.035443826,0.041221902,0.026362474,0.041976026,0.053903931,0.043229359,0.061982478,0.023923232,0.053139416,0.047673287,0.044188293,0.033383262,0.043229359,0.049750938,0.048136476,0.067745777
RCHGOVEN01 [RES.COOKING: .01.OVEN.GAS.],UK,2010,175.7142857,1,8.785714286,1,0,1,100000000,100,100000000,14,1,1,1.115535389,0.1,NGA,RES.COOKING.OVENS,0.029124055,0.030260551,0.037376932,0.026660799,0.059407004,0.032161794,0.038757723,0.030961106,0.035443826,0.041221902,0.026362474,0.041976026,0.053903931,0.043229359,0.061982478,0.023923232,0.053139416,0.047673287,0.044188293,0.033383262,0.043229359,0.049750938,0.048136476,0.067745777
RCHHHOB01 [RES.COOKING: .01.HOB.HYDROGEN.],UK,2010,175.7142857,1,8.785714286,1,0,1,100000000,100,100000000,14,1,1,0.8,0.1,HYDROGEN,RES.COOKING.HOBS,0.029124055,0.030260551,0.037376932,0.026660799,0.059407004,0.032161794,0.038757723,0.030961106,0.035443826,0.041221902,0.026362474,0.041976026,0.053903931,0.043229359,0.061982478,0.023923232,0.053139416,0.047673287,0.044188293,0.033383262,0.043229359,0.049750938,0.048136476,0.067745777
RCHHOVEN01 [RES.COOKING: .01.OVEN.HYDROGEN.],UK,2010,175.7142857,1,8.785714286,1,0,1,100000000,100,100000000,14,1,1,1.115535389,0.1,HYDROGEN,RES.COOKING.OVENS,0.029124055,0.030260551,0.037376932,0.026660799,0.059407004,0.032161794,0.038757723,0.030961106,0.035443826,0.041221902,0.026362474,0.041976026,0.053903931,0.043229359,0.061982478,0.023923232,0.053139416,0.047673287,0.044188293,0.033383262,0.043229359,0.049750938,0.048136476,0.067745777
REAIRCON01 [RES.AIR-CONDITIONER: .01.],UK,2010,162.7604167,1,8.138020833,1,0,1,100000000,100,100000000,15,1,1,0.555555556,0.1,ELC,RES.COOLING,0.030475485,0.031664718,0.039111318,0.0155132,0.060648414,0.033654183,0.04055618,0.018015433,0.03708851,0.043134704,0.02758576,0.043923821,0.056405211,0.045235312,0.063277707,0.013920283,0.054249855,0.048669502,0.045111682,0.034932331,0.045235312,0.052059509,0.050370131,0.06916144
REAUDVIS01 [RES.CONSUMER-ELECTRONICS: .01.TV.DVD.SET-TOP-BOX.GAME-CONSOLE.],UK,2010,369.9409609,1,0,1,0,1,100000000,100,100000000,6,1,1,0.6,0.1,ELC,RES.CONSUMER-ELECTRONICS.TV,0.032150861,0.033405471,0.041261444,0.013319163,0.055865345,0.035504306,0.042785737,0.015467504,0.039127433,0.045506014,0.029102274,0.046338513,0.059506061,0.047722102,0.058287277,0.011951533,0.049971411,0.044831156,0.041553926,0.036852719,0.047722102,0.054921456,0.053139205,0.063706987
RECOLFRE01 [RES.FREEZERS: .01.CLASS-A+.],UK,2010,152.7777778,1,7.638888889,1,0,1,100000000,100,100000000,15,1,1,1.041905175,0.1,ELC,RES.FREEZERS,0.015237743,0.015832359,0.019555659,0.0077566,0.030324207,0.016827091,0.02027809,0.009007716,0.018544255,0.021567352,0.01379288,0.021961911,0.028202605,0.022617656,0.031638854,0.006960142,0.027124927,0.024334751,0.022555841,0.017466165,0.022617656,0.026029754,0.025185066,0.03458072
RECOLFRE02 [RES.FREEZERS: .01.CLASS-A+++.],UK,2010,180.5555556,1,9.027777778,1,0,1,100000000,100,100000000,15,1,1,1.273439658,0.1,ELC,RES.FREEZERS,0.015237743,0.015832359,0.019555659,0.0077566,0.030324207,0.016827091,0.02027809,0.009007716,0.018544255,0.021567352,0.01379288,0.021961911,0.028202605,0.022617656,0.031638854,0.006960142,0.027124927,0.024334751,0.022555841,0.017466165,0.022617656,0.026029754,0.025185066,0.03458072
RECOLREF01 [RES.REFRIGERATORS: .01.CLASS-A+.],UK,2010,243.0555556,1,12.15277778,1,0,1,100000000,100,100000000,15,1,1,0.926545239,0.1,ELC,RES.REFRIGERATORS,0.015237743,0.015832359,0.019555659,0.0077566,0.030324207,0.016827091,0.02027809,0.009007716,0.018544255,0.021567352,0.01379288,0.021961911,0.028202605,0.022617656,0.031638854,0.006960142,0.027124927,0.024334751,0.022555841,0.017466165,0.022617656,0.026029754,0.025185066,0.03458072
RECOLREF02 [RES.REFRIGERATORS: .01.CLASS-A+++.],UK,2010,270.8333333,1,13.54166667,1,0,1,100000000,100,100000000,15,1,1,1.132444181,0.1,ELC,RES.REFRIGERATORS,0.015237743,0.015832359,0.019555659,0.0077566,0.030324207,0.016827091,0.02027809,0.009007716,0.018544255,0.021567352,0.01379288,0.021961911,0.028202605,0.022617656,0.031638854,0.006960142,0.027124927,0.024334751,0.022555841,0.017466165,0.022617656,0.026029754,0.025185066,0.03458072
RECOMPUT01 [RES.COMPUTERS: .01.],UK,2010,802.0992539,1,0,1,0,1,100000000,100,100000000,5,1,1,0.6,0.1,ELC,RES.COMPUTERS,0.032963466,0.034249787,0.042304317,0.024651553,0.046804172,0.036401669,0.043867136,0.028627776,0.04011637,0.046656168,0.029837827,0.047509708,0.061010062,0.048928267,0.048833276,0.022120298,0.041866215,0.037559692,0.034814018,0.037784163,0.048928267,0.056309582,0.054482286,0.053373926
RELITCON01 [RES.LIGHTING: .01.CONVENTIONAL.],UK,2010,0.260416667,1,0,1,0,1,100000000,100,100000000,1,1,1,10.72518156,0.1,ELC,RES.LIGHTING,0.032392521,0.033656562,0.041571584,0.021405232,0.050606123,0.035771172,0.043107334,0.024857832,0.039421533,0.045848058,0.02932102,0.046686814,0.059953335,0.048080803,0.052800052,0.019207313,0.04526705,0.040610704,0.037641996,0.037129721,0.048080803,0.05533427,0.053538624,0.057709544
RELITENS01 [RES.LIGHTING: .01.ENERGY-SAVING.],UK,2010,0.78125,1,0,1,0,1,100000000,100,100000000,7,1,1,25.24980858,0.1,ELC,RES.LIGHTING,0.032392521,0.033656562,0.041571584,0.021405232,0.050606123,0.035771172,0.043107334,0.024857832,0.039421533,0.045848058,0.02932102,0.046686814,0.059953335,0.048080803,0.052800052,0.019207313,0.04526705,0.040610704,0.037641996,0.037129721,0.048080803,0.05533427,0.053538624,0.057709544
RELITLED01 [RES.LIGHTING: .01.LED.],UK,2010,2.083333333,1,0,1,0,1,100000000,100,100000000,21,1,1,12.58503401,0.1,ELC,RES.LIGHTING,0.032392521,0.033656562,0.041571584,0.021405232,0.050606123,0.035771172,0.043107334,0.024857832,0.039421533,0.045848058,0.02932102,0.046686814,0.059953335,0.048080803,0.052800052,0.019207313,0.04526705,0.040610704,0.037641996,0.037129721,0.048080803,0.05533427,0.053538624,0.057709544
REOTHER01 [RES.OTHER: .01.ALL.],UK,2010,0,1,0,1,0,1,100000000,100,100000000,50,1,1,0.7,0.1,ELC,RES.OTHER,0.023014335,0.023912414,0.029535902,0.016370271,0.086796803,0.025414809,0.030627027,0.019010747,0.028008328,0.032574265,0.020832086,0.033170186,0.042595824,0.034160592,0.090559708,0.014689349,0.077639523,0.069653217,0.064561454,0.026380034,0.034160592,0.039314057,0.038038281,0.098980196
REWETALL01 [RES.WET-APPLIANCES: .01.WASHING-MACHINE.DRIER.DISHWASHER.],UK,2010,947.0792302,1,47.35396151,1,0,1,100000000,100,100000000,13,1,1,0.6,0.1,ELC,RES.WET.APPLIANCES,0.031315648,0.032537667,0.040189557,0.012524261,0.059276876,0.034581978,0.041674252,0.014544387,0.038110984,0.044323862,0.028346258,0.045134734,0.057960217,0.046482381,0.061846709,0.011238253,0.053023017,0.047568862,0.044091501,0.035895362,0.046482381,0.053494711,0.051758759,0.067597384
RCHPEA-CCG00 [RES.CHP.EXISTING-AVERAGE: .00.COMBINED-CYCLE.NGA.],UK,2010,423.6842105,1,16.84210526,1,0,1,2,100,100000000,25,0.383762179,1,0.54507418,0.1,NGA,RES.SPACE-HEAT.EXISTING-AVERAGE,0.054528134,0.047201524,0.052977028,0,0,0.052493242,0.065430769,0,0.068253683,0.069729978,0.043800062,0.080123889,0.083400664,0.072847154,0,0,0,0,0,0.058238821,0.07711145,0.092418031,0.081445572,0
RHEAAHPRE00 [RES.HEAT.EXISTING-AVERAGE: .00.ELC.HEAT PUMP.AIR.RADIATOR.],UK,2010,30.97431898,1,3.097431898,1,0,1,2,100,100000000,20,1,1,2.71942348,0.1,ELC,RES.SPACE-HEAT.EXISTING-AVERAGE,0,0,0,0.170633091,0.233977656,0,0,0.198155701,0,0,0,0,0,0,0.244121298,0.153112254,0,0,0,0,0,0,0,0
RHEABLCRG00 [RES.HEAT.EXISTING-AVERAGE: .00.NGA.BOILER.CON.RADIATOR.],UK,2010,2.850904536,1,0.285090454,1,0,1,2,100,100000000,15,1,1,0.888379066,0.1,NGA,RES.SPACE-HEAT.EXISTING-AVERAGE,0.054528134,0.047201524,0.052977028,0,0,0.052493242,0.065430769,0,0.068253683,0.069729978,0.043800062,0.080123889,0.083400664,0.072847154,0,0,0,0,0,0.058238821,0.07711145,0.092418031,0.081445572,0
RHEABLCRO00 [RES.HEAT.EXISTING-AVERAGE: .00.OIL.BOILER.CON.RADIATOR.],UK,2010,23.69048611,1,0.469444512,1,0,1,2,100,100000000,15,1,1,0.63142551,0.1,OIL,RES.SPACE-HEAT.EXISTING-AVERAGE,0,0,0,0,0,0,0,0,0,0,0,0,0,0,0,0,0.321913698,0,0.267688615,0,0,0,0,0.410397687
RHEABLRRC00 [RES.HEAT.EXISTING-AVERAGE: .00.HCO.BOILER.STD.RADIATOR.],UK,2010,23.69048611,1,0.469444512,1,0,1,2,100,100000000,15,1,1,0.435129571,0.1,HCO,RES.SPACE-HEAT.EXISTING-AVERAGE,0,0,0,0,0,0,0,0,0,0,0,0,0,0,0,0,0.321913698,0,0.267688615,0,0,0,0,0.410397687
RHEABLRRE00 [RES.HEAT.EXISTING-AVERAGE: .00.ELC.BOILER.STD.RADIATOR.],UK,2010,2.190124477,1,0.219012448,1,0,1,2,100,100000000,15,1,1,0.904614876,0.1,ELC,RES.SPACE-HEAT.EXISTING-AVERAGE,0,0,0,0.170633091,0.233977656,0,0,0.198155701,0,0,0,0,0,0,0.244121298,0.153112254,0,0,0,0,0,0,0,0
RHEABLRRG00 [RES.HEAT.EXISTING-AVERAGE: .00.NGA.BOILER.STD.RADIATOR.],UK,2010,2.850904536,1,0.285090454,1,0,1,2,100,100000000,15,1,1,0.744430283,0.1,NGA,RES.SPACE-HEAT.EXISTING-AVERAGE,0.054528134,0.047201524,0.052977028,0,0,0.052493242,0.065430769,0,0.068253683,0.069729978,0.043800062,0.080123889,0.083400664,0.072847154,0,0,0,0,0,0.058238821,0.07711145,0.092418031,0.081445572,0
RHEABLRRO00 [RES.HEAT.EXISTING-AVERAGE: .00.OIL.BOILER.STD.RADIATOR.],UK,2010,23.69048611,1,0.469444512,1,0,1,2,100,100000000,15,1,1,0.538417981,0.1,OIL,RES.SPACE-HEAT.EXISTING-AVERAGE,0,0,0,0,0,0,0,0,0,0,0,0,0,0,0,0,0.321913698,0,0.267688615,0,0,0,0,0.410397687
RHEABLRRW00 [RES.HEAT.EXISTING-AVERAGE: .00.WOD.BOILER.STD.RADIATOR.],UK,2010,23.69048611,1,2.369048611,1,0,1,2,100,100000000,20,1,1,0.075289294,0.1,WOOD,RES.SPACE-HEAT.EXISTING-AVERAGE,0,0,0,0,0.370784622,0,0,0,0,0,0,0,0,0,0,0,0.331665917,0.29754946,0,0,0,0,0,0
RHEANSTRE00 [RES.HEAT.EXISTING-AVERAGE: .00.ELC.RESISTANCE.STANDALONE.NIGHT-STORAGE.],UK,2010,2.995925321,1,0.299592532,1,0,1,2,100,100000000,15,1,1,0.810297627,0.1,ELC,RES.SPACE-HEAT.EXISTING-AVERAGE,0,0,0,0.170633091,0.233977656,0,0,0.198155701,0,0,0,0,0,0,0.244121298,0.153112254,0,0,0,0,0,0,0,0
RHEARAD00 [RES.HEAT.EXISTING-AVERAGE: .00.HTP.RADIATOR.],UK,2010,35.94357034,1,0.718871407,1,0,1,2,100,100000000,50,1,1,1,0.1,ELC,RES.SPACE-HEAT.EXISTING-AVERAGE,0,0,0,0.170633091,0.233977656,0,0,0.198155701,0,0,0,0,0,0,0.244121298,0.153112254,0,0,0,0,0,0,0,0
RHEASA00 [RES.HEAT.EXISTING-AVERAGE: .00.STANDALONE.DELIVERY.],UK,2010,0.000281026,1,0,1,0,1,2,100,100000000,50,1,1,1,0.1,ELC,RES.SPACE-HEAT.EXISTING-AVERAGE,0,0,0,0.170633091,0.233977656,0,0,0.198155701,0,0,0,0,0,0,0.244121298,0.153112254,0,0,0,0,0,0,0,0
RHEASHTRE00 [RES.HEAT.EXISTING-AVERAGE: .00.ELC.RESISTANCE.STANDALONE.],UK,2010,2.621434656,1,0.262143466,1,0,1,2,100,100000000,15,1,1,0.913593005,0.1,ELC,RES.SPACE-HEAT.EXISTING-AVERAGE,0,0,0,0.170633091,0.233977656,0,0,0.198155701,0,0,0,0,0,0,0.244121298,0.153112254,0,0,0,0,0,0,0,0
RHEASHTRG00 [RES.HEAT.EXISTING-AVERAGE: .00.NGA.HEATER.STANDALONE.],UK,2010,6.108551952,1,0.610855195,1,0,1,2,100,100000000,15,1,1,0.728829694,0.1,NGA,RES.SPACE-HEAT.EXISTING-AVERAGE,0.054528134,0.047201524,0.052977028,0,0,0.052493242,0.065430769,0,0.068253683,0.069729978,0.043800062,0.080123889,0.083400664,0.072847154,0,0,0,0,0,0.058238821,0.07711145,0.092418031,0.081445572,0
RHEASTGNT00 [RES.HEAT.EXISTING-AVERAGE .00.ELC.NIGHT-STORAGE.HEAT-SUPPLY.],UK,2010,0.001,1,0.001,1,0,1,2,100,100000000,15,1,1,1,0.1,ELC,RES.SPACE-HEAT.EXISTING-AVERAGE,0,0,0,0.170633091,0.233977656,0,0,0.198155701,0,0,0,0,0,0,0.244121298,0.153112254,0,0,0,0,0,0,0,0
RHNADUMMY00 [RES.HEAT.NEW-AVERAGE: .00.DUMMY-TECH.],UK,2010,32.94745569,1,0.658949114,1,0,1,2,100,2,1,1,1,1,0.1,ELC,RES.SPACE-HEAT.NEW-AVERAGE,0,0,0,0.170633091,0.233977656,0,0,0.198155701,0,0,0,0,0,0,0.244121298,0.153112254,0,0,0,0,0,0,0,0
RWEASA00 [RES.WATER.EXISTING-AVERAGE: .00.STANDALONE.DELIVERY.],UK,2010,0.000593143,1,0,1,0,1,2,100,100000000,50,1,1,1,0.1,ELC,RES.HOT-WATER.EXISTING-AVERAGE,0,0,0,0.170633091,0.233977656,0,0,0.198155701,0,0,0,0,0,0,0.244121298,0.153112254,0,0,0,0,0,0,0,0
RWEASOLRS00 [RES.WATER.EXISTING-AVERAGE: .00.SOL.WATER-HEATER.STANDALONE.],UK,2010,6.108551952,1,21.49168009,1,0,1,2,100,100000000,20,1,1,1,0.1,SOLAR,RES.HOT-WATER.EXISTING-AVERAGE,0,0,0,0,0,0,0,0,0,0,0,0,0,0,0,0,0,0,0,0,0,0,0,0
RWEAWHTRE00 [RES.WATER.EXISTING-AVERAGE: .00.ELC.RESISTANCE.STANDALONE.],UK,2010,2.621434656,1,0.262143466,1,0,1,2,100,100000000,15,1,1,0.829474414,0.1,ELC,RES.HOT-WATER.EXISTING-AVERAGE,0,0,0,0.170633091,0.233977656,0,0,0.198155701,0,0,0,0,0,0,0.244121298,0.153112254,0,0,0,0,0,0,0,0
RWEAWHTRG00 [RES.WATER.EXISTING-AVERAGE: .00.NGA.BOILER.STD.STANDALONE.],UK,2010,6.108551952,1,0.610855195,1,0,1,2,100,100000000,15,1,1,0.728829694,0.1,NGA,RES.HOT-WATER.EXISTING-AVERAGE,0.054528134,0.047201524,0.052977028,0,0,0.052493242,0.065430769,0,0.068253683,0.069729978,0.043800062,0.080123889,0.083400664,0.072847154,0,0,0,0,0,0.058238821,0.07711145,0.092418031,0.081445572,0
RCHPEA-CCG01 [RES.CHP.EXISTING-AVERAGE: .01.COMBINED-CYCLE.NGA.],UK,2010,423.6842105,1,16.84210526,1,0,1,100000000,100,100000000,25,0.383762179,1,0.8,0.1,NGA,RES.SPACE-HEAT.EXISTING-AVERAGE,0.054528134,0.047201524,0.052977028,0,0,0.052493242,0.065430769,0,0.068253683,0.069729978,0.043800062,0.080123889,0.083400664,0.072847154,0,0,0,0,0,0.058238821,0.07711145,0.092418031,0.081445572,0
RCHPEA-CCH01 [RES.CHP.EXISTING-AVERAGE: .01.COMBINED-CYCLE.HYG.],UK,2010,423.6842105,1,16.84210526,1,0,1,100000000,100,100000000,25,0.383762179,1,0.8,0.1,ELC,RES.SPACE-HEAT.EXISTING-AVERAGE,0,0,0,0.170633091,0.233977656,0,0,0.198155701,0,0,0,0,0,0,0.244121298,0.153112254,0,0,0,0,0,0,0,0
RCHPEA-FCH01 [RES.CHP.EXISTING-AVERAGE: .01.FUEL-CELL.HYG.],UK,2010,6456.049312,1,531.6514286,1,0,1,100000000,100,100000000,17,0.383762179,1,0.83,0.1,ELC,RES.SPACE-HEAT.EXISTING-AVERAGE,0,0,0,0.170633091,0.233977656,0,0,0.198155701,0,0,0,0,0,0,0.244121298,0.153112254,0,0,0,0,0,0,0,0
RCHPEA-STW01 [RES.CHP.EXISTING-AVERAGE: .01.STEAM-TURBINE.BIOMASS.],UK,2010,534.5345345,1,24.02402402,1,0,1,100000000,100,100000000,25,0.383762179,1,0.8,0.1,BIOMASS,RES.SPACE-HEAT.EXISTING-AVERAGE,0,0,0,0,0.370784622,0,0,0,0,0,0,0,0,0,0,0,0.331665917,0.29754946,0,0,0,0,0,0
RCHPNA-CCG01 [RES.CHP.NEW-AVERAGE: .01.COMBINED-CYCLE.NGA.],UK,2010,423.6842105,1,16.84210526,1,0,1,100000000,100,100000000,25,0.383762179,1,0.8,0.1,NGA,RES.SPACE-HEAT.EXISTING-AVERAGE,0.054528134,0.047201524,0.052977028,0,0,0.052493242,0.065430769,0,0.068253683,0.069729978,0.043800062,0.080123889,0.083400664,0.072847154,0,0,0,0,0,0.058238821,0.07711145,0.092418031,0.081445572,0
RCHPNA-CCH01 [RES.CHP.NEW-AVERAGE: .01.COMBINED-CYCLE.HYG.],UK,2010,423.6842105,1,16.84210526,1,0,1,100000000,100,100000000,25,0.383762179,1,0.8,0.1,ELC,RES.SPACE-HEAT.EXISTING-AVERAGE,0,0,0,0.170633091,0.233977656,0,0,0.198155701,0,0,0,0,0,0,0.244121298,0.153112254,0,0,0,0,0,0,0,0
RCHPNA-FCH01 [RES.CHP.NEW-AVERAGE: .01.FUEL-CELL.HYG.],UK,2010,6456.049312,1,531.6514286,1,0,1,100000000,100,100000000,17,0.383762179,1,0.83,0.1,ELC,RES.SPACE-HEAT.EXISTING-AVERAGE,0,0,0,0.170633091,0.233977656,0,0,0.198155701,0,0,0,0,0,0,0.244121298,0.153112254,0,0,0,0,0,0,0,0
RCHPNA-STW01 [RES.CHP.NEW-AVERAGE: .01.STEAM-TURBINE.BIOMASS.],UK,2010,534.5345345,1,24.02402402,1,0,1,100000000,100,100000000,25,0.383762179,1,0.8,0.1,BIOMASS,RES.SPACE-HEAT.EXISTING-AVERAGE,0,0,0,0,0.370784622,0,0,0,0,0,0,0,0,0,0,0,0.331665917,0.29754946,0,0,0,0,0,0
RHEAAHBRE01 [RES.HEAT.EXISTING-AVERAGE: .01.ELC.HEAT PUMP.AIR.NGA.BOILER.RADIATOR.],UK,2010,10.52092666,1,0.631255599,1,0,1,100000000,100,100000000,20,1,1,0.84,0.1,ELC,RES.SPACE-HEAT.EXISTING-AVERAGE,0,0,0,0.170633091,0.233977656,0,0,0.198155701,0,0,0,0,0,0,0.244121298,0.153112254,0,0,0,0,0,0,0,0
RHEAAHBUE01 [RES.HEAT.EXISTING-AVERAGE: .01.ELC.HEAT PUMP.AIR.NGA.BOILER.UNDERFLOOR.],UK,2010,10.52092666,1,0.631255599,1,0,1,100000000,100,100000000,20,1,1,0.84,0.1,ELC,RES.SPACE-HEAT.EXISTING-AVERAGE,0,0,0,0.170633091,0.233977656,0,0,0.198155701,0,0,0,0,0,0,0.244121298,0.153112254,0,0,0,0,0,0,0,0
RHEAAHHRE01 [RES.HEAT.EXISTING-AVERAGE: .01.ELC.HEAT PUMP.AIR.HDG.BOILER.RADIATOR.],UK,2010,10.52092666,1,0.631255599,1,0,1,100000000,100,100000000,20,1,1,2.51,0.1,ELC,RES.SPACE-HEAT.EXISTING-AVERAGE,0,0,0,0.170633091,0.233977656,0,0,0.198155701,0,0,0,0,0,0,0.244121298,0.153112254,0,0,0,0,0,0,0,0
RHEAAHHUE01 [RES.HEAT.EXISTING-AVERAGE: .01.ELC.HEAT PUMP.AIR.HDG.BOILER.UNDERFLOOR.],UK,2010,10.52092666,1,0.631255599,1,0,1,100000000,100,100000000,20,1,1,2.51,0.1,ELC,RES.SPACE-HEAT.EXISTING-AVERAGE,0,0,0,0.170633091,0.233977656,0,0,0.198155701,0,0,0,0,0,0,0.244121298,0.153112254,0,0,0,0,0,0,0,0
RHEAAHPRE01 [RES.HEAT.EXISTING-AVERAGE: .01.ELC.HEAT PUMP.AIR.RADIATOR.],UK,2010,30.97431898,1,1.548715949,1,0,1,100000000,100,100000000,20,1,1,2.51,0.1,ELC,RES.SPACE-HEAT.EXISTING-AVERAGE,0,0,0,0.170633091,0.233977656,0,0,0.198155701,0,0,0,0,0,0,0.244121298,0.153112254,0,0,0,0,0,0,0,0
RHEAAHPUE01 [RES.HEAT.EXISTING-AVERAGE: .01.ELC.HEAT PUMP.AIR.UNDERFLOOR.],UK,2010,30.97431898,1,1.548715949,1,0,1,100000000,100,100000000,20,1,1,2.51,0.1,ELC,RES.SPACE-HEAT.EXISTING-AVERAGE,0,0,0,0.170633091,0.233977656,0,0,0.198155701,0,0,0,0,0,0,0.244121298,0.153112254,0,0,0,0,0,0,0,0
RHEAAHSRE01 [RES.HEAT.EXISTING-AVERAGE: .01.ELC.HEAT PUMP.AIR.SOLAR-THERMAL.RADIATOR.],UK,2010,42.86398485,1,2.143199243,1,0,1,100000000,100,100000000,20,1,1,2.51,0.1,ELC,RES.SPACE-HEAT.EXISTING-AVERAGE,0,0,0,0.170633091,0.233977656,0,0,0.198155701,0,0,0,0,0,0,0.244121298,0.153112254,0,0,0,0,0,0,0,0
RHEAAHSUE01 [RES.HEAT.EXISTING-AVERAGE: .01.ELC.HEAT PUMP.AIR.SOLAR-THERMAL.UNDERFLOOR.],UK,2010,42.86398485,1,2.143199243,1,0,1,100000000,100,100000000,20,1,1,2.51,0.1,ELC,RES.SPACE-HEAT.EXISTING-AVERAGE,0,0,0,0.170633091,0.233977656,0,0,0.198155701,0,0,0,0,0,0,0.244121298,0.153112254,0,0,0,0,0,0,0,0
RHEABLCRG01 [RES.HEAT.EXISTING-AVERAGE: .01.NGA.BOILER.CON.RADIATOR.],UK,2010,2.850904536,1,0.285090454,1,0,1,100000000,100,100000000,15,1,1,0.84,0.1,NGA,RES.SPACE-HEAT.EXISTING-AVERAGE,0.054528134,0.047201524,0.052977028,0,0,0.052493242,0.065430769,0,0.068253683,0.069729978,0.043800062,0.080123889,0.083400664,0.072847154,0,0,0,0,0,0.058238821,0.07711145,0.092418031,0.081445572,0
RHEABLCRH01 [RES.HEAT.EXISTING-AVERAGE: .01.HDG.BOILER.CON.RADIATOR.],UK,2010,2.95143025,1,0.295143025,1,0,1,100000000,100,100000000,15,1,1,0.84,0.1,HYDROGEN,RES.SPACE-HEAT.EXISTING-AVERAGE,0,0,0,0,0,0,0,0,0,0,0,0,0,0,0,0,0,0,0,0,0,0,0,0
RHEABLCRO01 [RES.HEAT.EXISTING-AVERAGE: .01.KER.BOILER.CON.RADIATOR.],UK,2010,4.694445123,1,0.469444512,1,0,1,100000000,100,100000000,15,1,1,0.84,0.1,KEROSENE,RES.SPACE-HEAT.EXISTING-AVERAGE,0,0,0,0,0.370784622,0,0,0,0,0,0,0,0,0,0,0,0.331665917,0.29754946,0,0,0,0,0,0
RHEABLCRP01 [RES.HEAT.EXISTING-AVERAGE: .01.PEL.BOILER.CON.RADIATOR.],UK,2010,23.69048611,1,2.369048611,1,0,1,100000000,100,100000000,20,1,1,0.74,0.1,PELLETS,RES.SPACE-HEAT.EXISTING-AVERAGE,0,0,0,0,0.370784622,0,0,0,0,0,0,0,0,0,0,0,0.331665917,0.29754946,0,0,0,0,0,0
RHEABLRRE01 [RES.HEAT.EXISTING-AVERAGE: .01.ELC.BOILER.CON.RADIATOR.],UK,2010,2.190124477,1,0.219012448,1,0,1,100000000,100,100000000,15,1,1,1,0.1,ELC,RES.SPACE-HEAT.EXISTING-AVERAGE,0,0,0,0.170633091,0.233977656,0,0,0.198155701,0,0,0,0,0,0,0.244121298,0.153112254,0,0,0,0,0,0,0,0
RHEABLRRW01 [RES.HEAT.EXISTING-AVERAGE: .01.WOD.BOILER.CON.RADIATOR.],UK,2010,23.69048611,1,2.369048611,1,0,1,100000000,100,100000000,20,1,1,0.74,0.1,WOOD,RES.SPACE-HEAT.EXISTING-AVERAGE,0,0,0,0,0.370784622,0,0,0,0,0,0,0,0,0,0,0,0.331665917,0.29754946,0,0,0,0,0,0
RHEABLSRE01 [RES.HEAT.EXISTING-AVERAGE: .01.ELC.BOILER.CON.SOLAR-THERMAL.RADIATOR.],UK,2010,7.468098403,1,0.74680984,1,0,1,100000000,100,100000000,15,1,1,1,0.1,ELC,RES.SPACE-HEAT.EXISTING-AVERAGE,0,0,0,0.170633091,0.233977656,0,0,0.198155701,0,0,0,0,0,0,0.244121298,0.153112254,0,0,0,0,0,0,0,0
RHEABLSRG01 [RES.HEAT.EXISTING-AVERAGE: .01.NGA.BOILER.CON.SOLAR-THERMAL.RADIATOR.],UK,2010,8.113928687,1,0.811392869,1,0,1,100000000,100,100000000,15,1,1,0.84,0.1,NGA,RES.SPACE-HEAT.EXISTING-AVERAGE,0.054528134,0.047201524,0.052977028,0,0,0.052493242,0.065430769,0,0.068253683,0.069729978,0.043800062,0.080123889,0.083400664,0.072847154,0,0,0,0,0,0.058238821,0.07711145,0.092418031,0.081445572,0
RHEABLSRH01 [RES.HEAT.EXISTING-AVERAGE: .01.HDG.BOILER.CON.SOLAR-THERMAL.RADIATOR.],UK,2010,8.113928687,1,0.811392869,1,0,1,100000000,100,100000000,19,1,1,0.84,0.1,SOLAR,RES.SPACE-HEAT.EXISTING-AVERAGE,0,0,0,0,0,0,0,0,0,0,0,0,0,0,0,0,0,0,0,0,0,0,0,0
RHEABLSRO01 [RES.HEAT.EXISTING-AVERAGE: .01.KER.BOILER.CON.SOLAR-THERMAL.RADIATOR.],UK,2010,9.91576021,1,0.991576021,1,0,1,100000000,100,100000000,15,1,1,0.84,0.1,SOLAR,RES.SPACE-HEAT.EXISTING-AVERAGE,0,0,0,0,0,0,0,0,0,0,0,0,0,0,0,0,0,0,0,0,0,0,0,0
RHEABLSRP01 [RES.HEAT.EXISTING-AVERAGE: .01.PEL.BOILER.CON.SOLAR-THERMAL.RADIATOR.],UK,2010,28.48202652,1,2.848202652,1,0,1,100000000,100,100000000,20,1,1,0.74,0.1,SOLAR,RES.SPACE-HEAT.EXISTING-AVERAGE,0,0,0,0,0,0,0,0,0,0,0,0,0,0,0,0,0,0,0,0,0,0,0,0
RHEABLSRW01 [RES.HEAT.EXISTING-AVERAGE: .01.WOD.BOILER.CON.SOLAR-THERMAL.RADIATOR.],UK,2010,28.48202652,1,2.848202652,1,0,1,100000000,100,100000000,20,1,1,1,0.1,SOLAR,RES.SPACE-HEAT.EXISTING-AVERAGE,0,0,0,0,0,0,0,0,0,0,0,0,0,0,0,0,0,0,0,0,0,0,0,0
RHEACHBRH01 [RES.HEAT.EXISTING-AVERAGE: .01.HDG.MICRO-CHP-BOILER.STD.RADIATOR.],UK,2010,1.527137988,1,0.076356899,1,0,1,100000000,100,100000000,15,1,1,0.88,0.1,HYDROGEN,RES.SPACE-HEAT.EXISTING-AVERAGE,0,0,0,0,0,0,0,0,0,0,0,0,0,0,0,0,0,0,0,0,0,0,0,0
RHEACHPRG01 [RES.HEAT.EXISTING-AVERAGE: .01.GAS.MICRO-CHP.STD.RADIATOR.],UK,2010,373.0881334,1,18.65440667,1,0,1,100000000,100,100000000,15,1,1,0.8,0.1,NGA,RES.SPACE-HEAT.EXISTING-AVERAGE,0.054528134,0.047201524,0.052977028,0,0,0.052493242,0.065430769,0,0.068253683,0.069729978,0.043800062,0.080123889,0.083400664,0.072847154,0,0,0,0,0,0.058238821,0.07711145,0.092418031,0.081445572,0
RHEACHPRH01 [RES.HEAT.EXISTING-AVERAGE: .01.HDG.MICRO-CHP.STD.RADIATOR.],UK,2010,7697.416168,1,300.0321672,1,0,1,100000000,100,100000000,15,1,1,0.88,0.1,HYDROGEN,RES.SPACE-HEAT.EXISTING-AVERAGE,0,0,0,0,0,0,0,0,0,0,0,0,0,0,0,0,0,0,0,0,0,0,0,0
RHEACHPRW01 [RES.HEAT.EXISTING-AVERAGE: .01.PELH.MICRO-CHP.STD.RADIATOR.],UK,2010,855.689699,1,42.78448495,1,0,1,100000000,100,100000000,15,1,1,0.8,0.1,PELLETS,RES.SPACE-HEAT.EXISTING-AVERAGE,0,0,0,0,0.370784622,0,0,0,0,0,0,0,0,0,0,0,0.331665917,0.29754946,0,0,0,0,0,0
RHEACSV01 [RES.HEAT.EXISTING-AVERAGE: .01.CONSERVATION-MEASURES.],UK,2010,0.000281026,1,0.000281026,1,0,1,100000000,100,100000000,50,1,1,1,0.1,ELC,RES.SPACE-HEAT.EXISTING-AVERAGE,0,0,0,0.170633091,0.233977656,0,0,0.198155701,0,0,0,0,0,0,0.244121298,0.153112254,0,0,0,0,0,0,0,0
RHEACSVCAV01 [RES.HEAT.EXISTING-AVERAGE: .01.CONSERVATION.CAVITY-WALL.EASY.],UK,2010,22.2701748,1,0.000281026,1,0,1,100000000,100,48.36568575,200,1,1,1,0.1,ELC,RES.SPACE-HEAT.EXISTING-AVERAGE,0,0,0,0.170633091,0.233977656,0,0,0.198155701,0,0,0,0,0,0,0.244121298,0.153112254,0,0,0,0,0,0,0,0
RHEACSVCAV02 [RES.HEAT.EXISTING-AVERAGE: .02.CONSERVATION.CAVITY-WALL.HARD.],UK,2010,52.01868024,1,0.000281026,1,0,1,100000000,100,73.64839916,200,1,1,1,0.1,ELC,RES.SPACE-HEAT.EXISTING-AVERAGE,0,0,0,0.170633091,0.233977656,0,0,0.198155701,0,0,0,0,0,0,0.244121298,0.153112254,0,0,0,0,0,0,0,0
RHEACSVCON01 [RES.HEAT.EXISTING-AVERAGE: .01.CONSERVATION.HEATING-CONTROLS.],UK,2010,0.001,1,0.000281026,1,0,1,100000000,100,0,200,1,1,1,0.1,ELC,RES.SPACE-HEAT.EXISTING-AVERAGE,0,0,0,0.170633091,0.233977656,0,0,0.198155701,0,0,0,0,0,0,0.244121298,0.153112254,0,0,0,0,0,0,0,0
RHEACSVCYL01 [RES.HEAT.EXISTING-AVERAGE: .01.CONSERVATION.HOT-WATER-CYLINDER-INSULATION],UK,2010,0.001,1,0.000281026,1,0,1,100000000,100,0,200,1,1,1,0.1,ELC,RES.SPACE-HEAT.EXISTING-AVERAGE,0,0,0,0.170633091,0.233977656,0,0,0.198155701,0,0,0,0,0,0,0.244121298,0.153112254,0,0,0,0,0,0,0,0
RHEACSVDFT01 [RES.HEAT.EXISTING-AVERAGE: .01.CONSERVATION.DRAFT-PROOFING.],UK,2010,0.001,1,0.000281026,1,0,1,100000000,100,0,200,1,1,1,0.1,ELC,RES.SPACE-HEAT.EXISTING-AVERAGE,0,0,0,0.170633091,0.233977656,0,0,0.198155701,0,0,0,0,0,0,0.244121298,0.153112254,0,0,0,0,0,0,0,0
RHEACSVFLR01 [RES.HEAT.EXISTING-AVERAGE: .01.CONSERVATION.FLOOR-INSULATION.],UK,2010,490.2484932,1,0.000281026,1,0,1,100000000,100,2.404797489,200,1,1,1,0.1,ELC,RES.SPACE-HEAT.EXISTING-AVERAGE,0,0,0,0.170633091,0.233977656,0,0,0.198155701,0,0,0,0,0,0,0.244121298,0.153112254,0,0,0,0,0,0,0,0
RHEACSVFLU01 [RES.HEAT.EXISTING-AVERAGE: .01.CONSERVATION.BOILER.FLUE-GAS-HEAT-RECOVERY.],UK,2010,0.001,1,0.000281026,1,0,1,100000000,100,0,200,1,1,1,0.1,ELC,RES.SPACE-HEAT.EXISTING-AVERAGE,0,0,0,0.170633091,0.233977656,0,0,0.198155701,0,0,0,0,0,0,0.244121298,0.153112254,0,0,0,0,0,0,0,0
RHEACSVLOF01 [RES.HEAT.EXISTING-AVERAGE: .01.CONSERVATION.LOFT-INSULATION.NEW.],UK,2010,0.001,1,0.000281026,1,0,1,100000000,100,0,200,1,1,1,0.1,ELC,RES.SPACE-HEAT.EXISTING-AVERAGE,0,0,0,0.170633091,0.233977656,0,0,0.198155701,0,0,0,0,0,0,0.244121298,0.153112254,0,0,0,0,0,0,0,0
RHEACSVLOF02 [RES.HEAT.EXISTING-AVERAGE: .01.CONSERVATION.LOFT-INSULATION.TOPUP.],UK,2010,48.14667877,1,0.000281026,1,0,1,100000000,100,55.70497562,200,1,1,1,0.1,ELC,RES.SPACE-HEAT.EXISTING-AVERAGE,0,0,0,0.170633091,0.233977656,0,0,0.198155701,0,0,0,0,0,0,0.244121298,0.153112254,0,0,0,0,0,0,0,0
RHEACSVSOL01 [RES.HEAT.EXISTING-AVERAGE: .01.CONSERVATION.SOLID-WALL.SYSTEM.],UK,2010,171.7822523,1,0.000281026,1,0,1,100000000,100,19.41787698,200,1,1,1,0.1,SOLAR,RES.SPACE-HEAT.EXISTING-AVERAGE,0,0,0,0,0,0,0,0,0,0,0,0,0,0,0,0,0,0,0,0,0,0,0,0
RHEACSVSOL02 [RES.HEAT.EXISTING-AVERAGE: .02.CONSERVATION.SOLID-WALL.PRE-1966-SOLID-BRICK.],UK,2010,193.1945035,1,0.000281026,1,0,1,100000000,100,224.2887558,200,1,1,1,0.1,SOLAR,RES.SPACE-HEAT.EXISTING-AVERAGE,0,0,0,0,0,0,0,0,0,0,0,0,0,0,0,0,0,0,0,0,0,0,0,0
RHEACSVSOL03 [RES.HEAT.EXISTING-AVERAGE: .03.CONSERVATION.SOLID-WALL.OTHER.],UK,2010,279.3067281,1,0.000281026,1,0,1,100000000,100,71.59629715,200,1,1,1,0.1,SOLAR,RES.SPACE-HEAT.EXISTING-AVERAGE,0,0,0,0,0,0,0,0,0,0,0,0,0,0,0,0,0,0,0,0,0,0,0,0
RHEACSVWIN01 [RES.HEAT.EXISTING-AVERAGE: .01.CONSERVATION.WINDOWS.DOUBLE-GLAZING.],UK,2010,0.001,1,0.000281026,1,0,1,100000000,100,0,200,1,1,1,0.1,ELC,RES.SPACE-HEAT.EXISTING-AVERAGE,0,0,0,0.170633091,0.233977656,0,0,0.198155701,0,0,0,0,0,0,0.244121298,0.153112254,0,0,0,0,0,0,0,0
RHEAGHBRE01 [RES.HEAT.EXISTING-AVERAGE: .01.ELC.HEAT PUMP.GROUND.NGA.BOILER.RADIATOR.],UK,2010,18.10932041,1,1.086559225,1,0,1,100000000,100,100000000,20,1,1,0.84,0.1,ELC,RES.SPACE-HEAT.EXISTING-AVERAGE,0,0,0,0.170633091,0.233977656,0,0,0.198155701,0,0,0,0,0,0,0.244121298,0.153112254,0,0,0,0,0,0,0,0
RHEAGHBUE01 [RES.HEAT.EXISTING-AVERAGE: .01.ELC.HEAT PUMP.GROUND.NGA.BOILER.UNDERFLOOR.],UK,2010,18.10932041,1,1.086559225,1,0,1,100000000,100,100000000,20,1,1,0.84,0.1,ELC,RES.SPACE-HEAT.EXISTING-AVERAGE,0,0,0,0.170633091,0.233977656,0,0,0.198155701,0,0,0,0,0,0,0.244121298,0.153112254,0,0,0,0,0,0,0,0
RHEAGHHRE01 [RES.HEAT.EXISTING-AVERAGE: .01.ELC.HEAT PUMP.GROUND.HDG.BOILER.RADIATOR.],UK,2010,18.10932041,1,1.086559225,1,0,1,100000000,100,100000000,20,1,1,2.84,0.1,ELC,RES.SPACE-HEAT.EXISTING-AVERAGE,0,0,0,0.170633091,0.233977656,0,0,0.198155701,0,0,0,0,0,0,0.244121298,0.153112254,0,0,0,0,0,0,0,0
RHEAGHHUE01 [RES.HEAT.EXISTING-AVERAGE: .01.ELC.HEAT PUMP.GROUND.HDG.BOILER.UNDERFLOOR.],UK,2010,18.10932041,1,1.086559225,1,0,1,100000000,100,100000000,20,1,1,2.84,0.1,ELC,RES.SPACE-HEAT.EXISTING-AVERAGE,0,0,0,0.170633091,0.233977656,0,0,0.198155701,0,0,0,0,0,0,0.244121298,0.153112254,0,0,0,0,0,0,0,0
RHEAGHPRE01 [RES.HEAT.EXISTING-AVERAGE: .01.ELC.HEAT PUMP.GROUND.RADIATOR.],UK,2010,58.79842941,1,2.939921471,1,0,1,100000000,100,100000000,20,1,1,2.84,0.1,ELC,RES.SPACE-HEAT.EXISTING-AVERAGE,0,0,0,0.170633091,0.233977656,0,0,0.198155701,0,0,0,0,0,0,0.244121298,0.153112254,0,0,0,0,0,0,0,0
RHEAGHPUE01 [RES.HEAT.EXISTING-AVERAGE: .01.ELC.HEAT PUMP.GROUND.UNDERFLOOR.],UK,2010,58.79842941,1,2.939921471,1,0,1,100000000,100,100000000,20,1,1,2.84,0.1,ELC,RES.SPACE-HEAT.EXISTING-AVERAGE,0,0,0,0.170633091,0.233977656,0,0,0.198155701,0,0,0,0,0,0,0.244121298,0.153112254,0,0,0,0,0,0,0,0
RHEAGHSRE01 [RES.HEAT.EXISTING-AVERAGE: .01.ELC.HEAT PUMP.GROUND.SOLAR-THERMAL.RADIATOR.],UK,2010,69.07041445,1,3.453520722,1,0,1,100000000,100,100000000,20,1,1,2.84,0.1,ELC,RES.SPACE-HEAT.EXISTING-AVERAGE,0,0,0,0.170633091,0.233977656,0,0,0.198155701,0,0,0,0,0,0,0.244121298,0.153112254,0,0,0,0,0,0,0,0
RHEAGHSUE01 [RES.HEAT.EXISTING-AVERAGE: .01.ELC.HEAT PUMP.GROUND.SOLAR-THERMAL.UNDERFLOOR.],UK,2010,69.07041445,1,3.453520722,1,0,1,100000000,100,100000000,20,1,1,2.84,0.1,ELC,RES.SPACE-HEAT.EXISTING-AVERAGE,0,0,0,0.170633091,0.233977656,0,0,0.198155701,0,0,0,0,0,0,0.244121298,0.153112254,0,0,0,0,0,0,0,0
RHEANSTRE01 [RES.HEAT.EXISTING-AVERAGE: .01.ELC.RESISTANCE.STANDALONE.NIGHT-STORAGE.],UK,2010,2.995925321,1,0.299592532,1,0,1,100000000,100,100000000,15,1,1,0.7,0.1,ELC,RES.SPACE-HEAT.EXISTING-AVERAGE,0,0,0,0.170633091,0.233977656,0,0,0.198155701,0,0,0,0,0,0,0.244121298,0.153112254,0,0,0,0,0,0,0,0
RHEARAD01 [RES.HEAT.EXISTING-AVERAGE: .01.HTP.RADIATOR.],UK,2010,35.94357034,1,0.718871407,1,0,1,100000000,100,100000000,50,1,1,1,0.1,ELC,RES.SPACE-HEAT.EXISTING-AVERAGE,0,0,0,0.170633091,0.233977656,0,0,0.198155701,0,0,0,0,0,0,0.244121298,0.153112254,0,0,0,0,0,0,0,0
RHEAREFCG01 [RES.HEAT.EXISTING-AVERAGE: .01.HDG.MICRO-CHP.REFORMER.],UK,2010,5.079913571,1,0.253995679,1,0,1,100000000,100,100000000,15,0.102330509,1,0.81,0.1,HYDROGEN,RES.SPACE-HEAT.EXISTING-AVERAGE,0,0,0,0,0,0,0,0,0,0,0,0,0,0,0,0,0,0,0,0,0,0,0,0
RHEASA01 [RES.HEAT.EXISTING-AVERAGE: .01.STANDALONE.DELIVERY.],UK,2010,0.000281026,1,0.000281026,1,0,1,100000000,100,100000000,50,1,1,1,0.1,ELC,RES.SPACE-HEAT.EXISTING-AVERAGE,0,0,0,0.170633091,0.233977656,0,0,0.198155701,0,0,0,0,0,0,0.244121298,0.153112254,0,0,0,0,0,0,0,0
RHEASHTRE01 [RES.HEAT.EXISTING-AVERAGE: .01.ELC.RESISTANCE.STANDALONE.],UK,2010,2.621434656,1,0.262143466,1,0,1,100000000,100,100000000,15,1,1,0.9,0.1,ELC,RES.SPACE-HEAT.EXISTING-AVERAGE,0,0,0,0.170633091,0.233977656,0,0,0.198155701,0,0,0,0,0,0,0.244121298,0.153112254,0,0,0,0,0,0,0,0
RHEASHTRG01 [RES.HEAT.EXISTING-AVERAGE: .01.NGA.HEATER.STANDALONE.],UK,2010,6.108551952,1,0.610855195,1,0,1,100000000,100,100000000,15,1,1,0.7,0.1,NGA,RES.SPACE-HEAT.EXISTING-AVERAGE,0.054528134,0.047201524,0.052977028,0,0,0.052493242,0.065430769,0,0.068253683,0.069729978,0.043800062,0.080123889,0.083400664,0.072847154,0,0,0,0,0,0.058238821,0.07711145,0.092418031,0.081445572,0
RHEASTGNT01 [RES.HEAT.EXISTING-AVERAGE: .01.ELC.NIGHT-STORAGE.HEAT-SUPPLY.],UK,2010,0.001,1,0.001,1,0,1,100000000,100,100000000,15,1,1,1,0.1,ELC,RES.SPACE-HEAT.EXISTING-AVERAGE,0,0,0,0.170633091,0.233977656,0,0,0.198155701,0,0,0,0,0,0,0.244121298,0.153112254,0,0,0,0,0,0,0,0
RHEAUND01 [RES.HEAT.EXISTING-AVERAGE: .01.HTP.UNDERFLOOR.],UK,2010,83.89028528,1,0.838902853,1,0,1,100000000,100,100000000,50,1,1,1,0.1,ELC,RES.SPACE-HEAT.EXISTING-AVERAGE,0,0,0,0.170633091,0.233977656,0,0,0.198155701,0,0,0,0,0,0,0.244121298,0.153112254,0,0,0,0,0,0,0,0
RHNAAHBRE01 [RES.HEAT.NEW-AVERAGE: .01.ELC.HEAT PUMP.AIR.NGA.BOILER.RADIATOR.],UK,2010,8.416741326,1,0.50500448,1,0,1,100000000,100,100000000,20,1,1,0.84,0.1,ELC,RES.SPACE-HEAT.NEW-AVERAGE,0,0,0,0.170633091,0.233977656,0,0,0.198155701,0,0,0,0,0,0,0.244121298,0.153112254,0,0,0,0,0,0,0,0
RHNAAHBUE01 [RES.HEAT.NEW-AVERAGE: .01.ELC.HEAT PUMP.AIR.NGA.BOILER.UNDERFLOOR.],UK,2010,8.416741326,1,0.50500448,1,0,1,100000000,100,100000000,20,1,1,0.84,0.1,ELC,RES.SPACE-HEAT.NEW-AVERAGE,0,0,0,0.170633091,0.233977656,0,0,0.198155701,0,0,0,0,0,0,0.244121298,0.153112254,0,0,0,0,0,0,0,0
RHNAAHHRE01 [RES.HEAT.NEW-AVERAGE: .01.ELC.HEAT PUMP.AIR.HDG.BOILER.RADIATOR.],UK,2010,8.416741326,1,0.50500448,1,0,1,100000000,100,100000000,20,1,1,2.8865,0.1,ELC,RES.SPACE-HEAT.NEW-AVERAGE,0,0,0,0.170633091,0.233977656,0,0,0.198155701,0,0,0,0,0,0,0.244121298,0.153112254,0,0,0,0,0,0,0,0
RHNAAHHUE01 [RES.HEAT.NEW-AVERAGE: .01.ELC.HEAT PUMP.AIR.HDG.BOILER.UNDERFLOOR.],UK,2010,8.416741326,1,0.50500448,1,0,1,100000000,100,100000000,20,1,1,2.8865,0.1,ELC,RES.SPACE-HEAT.NEW-AVERAGE,0,0,0,0.170633091,0.233977656,0,0,0.198155701,0,0,0,0,0,0,0.244121298,0.153112254,0,0,0,0,0,0,0,0
RHNAAHPRE01 [RES.HEAT.NEW-AVERAGE: .01.ELC.HEAT PUMP.AIR.RADIATOR.],UK,2010,24.77945518,1,1.238972759,1,0,1,100000000,100,100000000,20,1,1,2.8865,0.1,ELC,RES.SPACE-HEAT.NEW-AVERAGE,0,0,0,0.170633091,0.233977656,0,0,0.198155701,0,0,0,0,0,0,0.244121298,0.153112254,0,0,0,0,0,0,0,0
RHNAAHPUE01 [RES.HEAT.NEW-AVERAGE: .01.ELC.HEAT PUMP.AIR.UNDERFLOOR.],UK,2010,24.77945518,1,1.238972759,1,0,1,100000000,100,100000000,20,1,1,2.8865,0.1,ELC,RES.SPACE-HEAT.NEW-AVERAGE,0,0,0,0.170633091,0.233977656,0,0,0.198155701,0,0,0,0,0,0,0.244121298,0.153112254,0,0,0,0,0,0,0,0
RHNAAHSRE01 [RES.HEAT.NEW-AVERAGE: .01.ELC.HEAT PUMP.AIR.SOLAR-THERMAL.RADIATOR.],UK,2010,34.61537204,1,1.730768602,1,0,1,100000000,100,100000000,20,1,1,2.8865,0.1,ELC,RES.SPACE-HEAT.NEW-AVERAGE,0,0,0,0.170633091,0.233977656,0,0,0.198155701,0,0,0,0,0,0,0.244121298,0.153112254,0,0,0,0,0,0,0,0
RHNAAHSUE01 [RES.HEAT.NEW-AVERAGE: .01.ELC.HEAT PUMP.AIR.SOLAR-THERMAL.UNDERFLOOR.],UK,2010,34.61537204,1,1.730768602,1,0,1,100000000,100,100000000,20,1,1,2.8865,0.1,ELC,RES.SPACE-HEAT.NEW-AVERAGE,0,0,0,0.170633091,0.233977656,0,0,0.198155701,0,0,0,0,0,0,0.244121298,0.153112254,0,0,0,0,0,0,0,0
RHNABLCRG01 [RES.HEAT.NEW-AVERAGE: .01.NGA.BOILER.CON.RADIATOR.],UK,2010,2.280723629,1,0.228072363,1,0,1,100000000,100,100000000,15,1,1,0.84,0.1,NGA,RES.SPACE-HEAT.NEW-AVERAGE,0.054528134,0.047201524,0.052977028,0,0,0.052493242,0.065430769,0,0.068253683,0.069729978,0.043800062,0.080123889,0.083400664,0.072847154,0,0,0,0,0,0.058238821,0.07711145,0.092418031,0.081445572,0
RHNABLCRH01 [RES.HEAT.NEW-AVERAGE: .01.HDG.BOILER.CON.RADIATOR.],UK,2010,2.3611442,1,0.23611442,1,0,1,100000000,100,100000000,15,1,1,0.84,0.1,HYDROGEN,RES.SPACE-HEAT.NEW-AVERAGE,0,0,0,0,0,0,0,0,0,0,0,0,0,0,0,0,0,0,0,0,0,0,0,0
RHNABLCRO01 [RES.HEAT.NEW-AVERAGE: .01.KER.BOILER.CON.RADIATOR.],UK,2010,3.755556098,1,0.37555561,1,0,1,100000000,100,100000000,15,1,1,0.84,0.1,KEROSENE,RES.SPACE-HEAT.NEW-AVERAGE,0,0,0,0,0.370784622,0,0,0,0,0,0,0,0,0,0,0,0.331665917,0.29754946,0,0,0,0,0,0
RHNABLCRP01 [RES.HEAT.NEW-AVERAGE: .01.PEL.BOILER.CON.RADIATOR.],UK,2010,18.95238889,1,1.895238889,1,0,1,100000000,100,100000000,20,1,1,0.74,0.1,PELLETS,RES.SPACE-HEAT.NEW-AVERAGE,0,0,0,0,0.370784622,0,0,0,0,0,0,0,0,0,0,0,0.331665917,0.29754946,0,0,0,0,0,0
RHNABLRRE01 [RES.HEAT.NEW-AVERAGE: .01.ELC.BOILER.CON.RADIATOR.],UK,2010,1.752099582,1,0.175209958,1,0,1,100000000,100,100000000,15,1,1,1,0.1,ELC,RES.SPACE-HEAT.NEW-AVERAGE,0,0,0,0.170633091,0.233977656,0,0,0.198155701,0,0,0,0,0,0,0.244121298,0.153112254,0,0,0,0,0,0,0,0
RHNABLRRW01 [RES.HEAT.NEW-AVERAGE: .01.WOD.BOILER.CON.RADIATOR.],UK,2010,18.95238889,1,1.895238889,1,0,1,100000000,100,100000000,20,1,1,0.74,0.1,WOOD,RES.SPACE-HEAT.NEW-AVERAGE,0,0,0,0,0.370784622,0,0,0,0,0,0,0,0,0,0,0,0.331665917,0.29754946,0,0,0,0,0,0
RHNABLSRE01 [RES.HEAT.NEW-AVERAGE: .01.ELC.BOILER.CON.SOLAR-THERMAL.RADIATOR.],UK,2010,6.100631833,1,0.610063183,1,0,1,100000000,100,100000000,15,1,1,1,0.1,ELC,RES.SPACE-HEAT.NEW-AVERAGE,0,0,0,0.170633091,0.233977656,0,0,0.198155701,0,0,0,0,0,0,0.244121298,0.153112254,0,0,0,0,0,0,0,0
RHNABLSRG01 [RES.HEAT.NEW-AVERAGE: .01.NGA.BOILER.CON.SOLAR-THERMAL.RADIATOR.],UK,2010,6.61729606,1,0.661729606,1,0,1,100000000,100,100000000,15,1,1,0.84,0.1,NGA,RES.SPACE-HEAT.NEW-AVERAGE,0.054528134,0.047201524,0.052977028,0,0,0.052493242,0.065430769,0,0.068253683,0.069729978,0.043800062,0.080123889,0.083400664,0.072847154,0,0,0,0,0,0.058238821,0.07711145,0.092418031,0.081445572,0
RHNABLSRH01 [RES.HEAT.NEW-AVERAGE: .01.HDG.BOILER.CON.SOLAR-THERMAL.RADIATOR.],UK,2010,6.61729606,1,0.661729606,1,0,1,100000000,100,100000000,19,1,1,0.84,0.1,SOLAR,RES.SPACE-HEAT.NEW-AVERAGE,0,0,0,0,0,0,0,0,0,0,0,0,0,0,0,0,0,0,0,0,0,0,0,0
RHNABLSRO01 [RES.HEAT.NEW-AVERAGE: .01.KER.BOILER.CON.SOLAR-THERMAL.RADIATOR.],UK,2010,8.058761278,1,0.805876128,1,0,1,100000000,100,100000000,15,1,1,0.84,0.1,SOLAR,RES.SPACE-HEAT.NEW-AVERAGE,0,0,0,0,0,0,0,0,0,0,0,0,0,0,0,0,0,0,0,0,0,0,0,0
RHNABLSRP01 [RES.HEAT.NEW-AVERAGE: .01.PEL.BOILER.CON.SOLAR-THERMAL.RADIATOR.],UK,2010,22.91177432,1,2.291177432,1,0,1,100000000,100,100000000,20,1,1,0.74,0.1,SOLAR,RES.SPACE-HEAT.NEW-AVERAGE,0,0,0,0,0,0,0,0,0,0,0,0,0,0,0,0,0,0,0,0,0,0,0,0
RHNABLSRW01 [RES.HEAT.NEW-AVERAGE: .01.WOD.BOILER.CON.SOLAR-THERMAL.RADIATOR.],UK,2010,22.91177432,1,2.291177432,1,0,1,100000000,100,100000000,20,1,1,1,0.1,SOLAR,RES.SPACE-HEAT.NEW-AVERAGE,0,0,0,0,0,0,0,0,0,0,0,0,0,0,0,0,0,0,0,0,0,0,0,0
RHNACHBRH01 [RES.HEAT.NEW-AVERAGE: .01.HDG.MICRO-CHP-BOILER.STD.RADIATOR.],UK,2010,1.22171039,1,0.06108552,1,0,1,100000000,100,100000000,15,1,1,0.88,0.1,HYDROGEN,RES.SPACE-HEAT.EXISTING-AVERAGE,0,0,0,0,0,0,0,0,0,0,0,0,0,0,0,0,0,0,0,0,0,0,0,0
RHNACHPRG01 [RES.HEAT.NEW-AVERAGE: .01.GAS.MICRO-CHP.STD.RADIATOR.],UK,2010,276.1965883,1,13.80982941,1,0,1,100000000,100,100000000,15,1,1,0.8,0.1,NGA,RES.SPACE-HEAT.EXISTING-AVERAGE,0.054528134,0.047201524,0.052977028,0,0,0.052493242,0.065430769,0,0.068253683,0.069729978,0.043800062,0.080123889,0.083400664,0.072847154,0,0,0,0,0,0.058238821,0.07711145,0.092418031,0.081445572,0
RHNACHPRH01 [RES.HEAT.NEW-AVERAGE: .01.HDG.MICRO-CHP.STD.RADIATOR.],UK,2010,7697.416168,1,300.0321672,1,0,1,100000000,100,100000000,15,1,1,0.88,0.1,HYDROGEN,RES.SPACE-HEAT.EXISTING-AVERAGE,0,0,0,0,0,0,0,0,0,0,0,0,0,0,0,0,0,0,0,0,0,0,0,0
RHNACHPRW01 [RES.HEAT.NEW-AVERAGE: .01.PELH.MICRO-CHP.STD.RADIATOR.],UK,2010,662.2778408,1,33.11389204,1,0,1,100000000,100,100000000,15,1,1,0.8,0.1,PELLETS,RES.SPACE-HEAT.EXISTING-AVERAGE,0,0,0,0,0.370784622,0,0,0,0,0,0,0,0,0,0,0,0.331665917,0.29754946,0,0,0,0,0,0
RHNAGHBRE01 [RES.HEAT.NEW-AVERAGE: .01.ELC.HEAT PUMP.GROUND.NGA.BOILER.RADIATOR.],UK,2010,14.48745633,1,0.86924738,1,0,1,100000000,100,100000000,20,1,1,0.84,0.1,ELC,RES.SPACE-HEAT.NEW-AVERAGE,0,0,0,0.170633091,0.233977656,0,0,0.198155701,0,0,0,0,0,0,0.244121298,0.153112254,0,0,0,0,0,0,0,0
RHNAGHBUE01 [RES.HEAT.NEW-AVERAGE: .01.ELC.HEAT PUMP.GROUND.NGA.BOILER.UNDERFLOOR.],UK,2010,14.48745633,1,0.86924738,1,0,1,100000000,100,100000000,20,1,1,0.84,0.1,ELC,RES.SPACE-HEAT.NEW-AVERAGE,0,0,0,0.170633091,0.233977656,0,0,0.198155701,0,0,0,0,0,0,0.244121298,0.153112254,0,0,0,0,0,0,0,0
RHNAGHHRE01 [RES.HEAT.NEW-AVERAGE: .01.ELC.HEAT PUMP.GROUND.HDG.BOILER.RADIATOR.],UK,2010,14.48745633,1,0.86924738,1,0,1,100000000,100,100000000,20,1,1,3.266,0.1,ELC,RES.SPACE-HEAT.NEW-AVERAGE,0,0,0,0.170633091,0.233977656,0,0,0.198155701,0,0,0,0,0,0,0.244121298,0.153112254,0,0,0,0,0,0,0,0
RHNAGHHUE01 [RES.HEAT.NEW-AVERAGE: .01.ELC.HEAT PUMP.GROUND.HDG.BOILER.UNDERFLOOR.],UK,2010,14.48745633,1,0.86924738,1,0,1,100000000,100,100000000,20,1,1,3.266,0.1,ELC,RES.SPACE-HEAT.NEW-AVERAGE,0,0,0,0.170633091,0.233977656,0,0,0.198155701,0,0,0,0,0,0,0.244121298,0.153112254,0,0,0,0,0,0,0,0
RHNAGHPRE01 [RES.HEAT.NEW-AVERAGE: .01.ELC.HEAT PUMP.GROUND.RADIATOR.],UK,2010,47.03874353,1,2.351937177,1,0,1,100000000,100,100000000,20,1,1,3.266,0.1,ELC,RES.SPACE-HEAT.NEW-AVERAGE,0,0,0,0.170633091,0.233977656,0,0,0.198155701,0,0,0,0,0,0,0.244121298,0.153112254,0,0,0,0,0,0,0,0
RHNAGHPUE01 [RES.HEAT.NEW-AVERAGE: .01.ELC.HEAT PUMP.GROUND.UNDERFLOOR.],UK,2010,47.03874353,1,2.351937177,1,0,1,100000000,100,100000000,20,1,1,3.266,0.1,ELC,RES.SPACE-HEAT.NEW-AVERAGE,0,0,0,0.170633091,0.233977656,0,0,0.198155701,0,0,0,0,0,0,0.244121298,0.153112254,0,0,0,0,0,0,0,0
RHNAGHSRE01 [RES.HEAT.NEW-AVERAGE: .01.ELC.HEAT PUMP.GROUND.SOLAR-THERMAL.RADIATOR.],UK,2010,55.58051571,1,2.779025786,1,0,1,100000000,100,100000000,20,1,1,3.266,0.1,ELC,RES.SPACE-HEAT.NEW-AVERAGE,0,0,0,0.170633091,0.233977656,0,0,0.198155701,0,0,0,0,0,0,0.244121298,0.153112254,0,0,0,0,0,0,0,0
RHNAGHSUE01 [RES.HEAT.NEW-AVERAGE: .01.ELC.HEAT PUMP.GROUND.SOLAR-THERMAL.UNDERFLOOR.],UK,2010,55.58051571,1,2.779025786,1,0,1,100000000,100,100000000,20,1,1,3.266,0.1,ELC,RES.SPACE-HEAT.NEW-AVERAGE,0,0,0,0.170633091,0.233977656,0,0,0.198155701,0,0,0,0,0,0,0.244121298,0.153112254,0,0,0,0,0,0,0,0
RHNANSTRE01 [RES.HEAT.NEW-AVERAGE: .01.ELC.RESISTANCE.STANDALONE.NIGHT-STORAGE.],UK,2010,2.396740257,1,0.239674026,1,0,1,100000000,100,100000000,15,1,1,0.7,0.1,ELC,RES.SPACE-HEAT.NEW-AVERAGE,0,0,0,0.170633091,0.233977656,0,0,0.198155701,0,0,0,0,0,0,0.244121298,0.153112254,0,0,0,0,0,0,0,0
RHNARAD01 [RES.HEAT.NEW-AVERAGE: .01.HTP.RADIATOR.],UK,2010,32.94745569,1,0.658949114,1,0,1,100000000,100,100000000,50,1,1,1,0.1,ELC,RES.SPACE-HEAT.NEW-AVERAGE,0,0,0,0.170633091,0.233977656,0,0,0.198155701,0,0,0,0,0,0,0.244121298,0.153112254,0,0,0,0,0,0,0,0
RHNAREFCG01 [RES.HEAT.NEW-AVERAGE: .01.HDG.MICRO-CHP.REFORMER.],UK,2010,3.962121658,1,0.198106083,1,0,1,100000000,100,100000000,15,0.060406361,1,0.81,0.1,HYDROGEN,RES.SPACE-HEAT.EXISTING-AVERAGE,0,0,0,0,0,0,0,0,0,0,0,0,0,0,0,0,0,0,0,0,0,0,0,0
RHNASA01 [RES.HEAT.NEW-AVERAGE: .01.STANDALONE.DELIVERY.],UK,2010,0.000281026,1,0.000281026,1,0,1,100000000,100,100000000,50,1,1,1,0.1,ELC,RES.SPACE-HEAT.NEW-AVERAGE,0,0,0,0.170633091,0.233977656,0,0,0.198155701,0,0,0,0,0,0,0.244121298,0.153112254,0,0,0,0,0,0,0,0
RHNASHTRE01 [RES.HEAT.NEW-AVERAGE: .01.ELC.RESISTANCE.STANDALONE.],UK,2010,2.097147725,1,0.209714772,1,0,1,100000000,100,100000000,15,1,1,0.9,0.1,ELC,RES.SPACE-HEAT.NEW-AVERAGE,0,0,0,0.170633091,0.233977656,0,0,0.198155701,0,0,0,0,0,0,0.244121298,0.153112254,0,0,0,0,0,0,0,0
RHNASHTRG01 [RES.HEAT.NEW-AVERAGE: .01.NGA.HEATER.STANDALONE.],UK,2010,4.886841562,1,0.488684156,1,0,1,100000000,100,100000000,15,1,1,0.7,0.1,NGA,RES.SPACE-HEAT.NEW-AVERAGE,0.054528134,0.047201524,0.052977028,0,0,0.052493242,0.065430769,0,0.068253683,0.069729978,0.043800062,0.080123889,0.083400664,0.072847154,0,0,0,0,0,0.058238821,0.07711145,0.092418031,0.081445572,0
RHNASTGNT01 [RES.HEAT.NEW-AVERAGE: .01.ELC.NIGHT-STORAGE.HEAT-SUPPLY.],UK,2010,0.001,1,0.001,1,0,1,100000000,100,100000000,15,1,1,1,0.1,ELC,RES.SPACE-HEAT.NEW-AVERAGE,0,0,0,0.170633091,0.233977656,0,0,0.198155701,0,0,0,0,0,0,0.244121298,0.153112254,0,0,0,0,0,0,0,0
RHNAUND01 [RES.HEAT.NEW-AVERAGE: .01.HTP.UNDERFLOOR.],UK,2010,50.33847814,1,1.006769563,1,0,1,100000000,100,100000000,50,1,1,1,0.1,ELC,RES.SPACE-HEAT.NEW-AVERAGE,0,0,0,0.170633091,0.233977656,0,0,0.198155701,0,0,0,0,0,0,0.244121298,0.153112254,0,0,0,0,0,0,0,0
RWEACSV01 [RES.WATER.EXISTING-AVERAGE: .01.CONSERVATION-MEASURES.],UK,2010,0.000593143,1,0.000593143,1,0,1,100000000,100,100000000,50,1,1,1,0.1,ELC,RES.HOT-WATER.EXISTING-AVERAGE,0,0,0,0.170633091,0.233977656,0,0,0.198155701,0,0,0,0,0,0,0.244121298,0.153112254,0,0,0,0,0,0,0,0
RWEASA01 [RES.WATER.EXISTING-AVERAGE: .01.STANDALONE.DELIVERY.],UK,2010,0.000593143,1,0.000593143,1,0,1,100000000,100,100000000,50,1,1,1,0.1,ELC,RES.HOT-WATER.EXISTING-AVERAGE,0,0,0,0.170633091,0.233977656,0,0,0.198155701,0,0,0,0,0,0,0.244121298,0.153112254,0,0,0,0,0,0,0,0
RWEAWHTRE01 [RES.WATER.EXISTING-AVERAGE: .01.ELC.RESISTANCE.STANDALONE.],UK,2010,2.621434656,1,0.262143466,1,0,1,100000000,100,100000000,15,1,1,0.85,0.1,ELC,RES.HOT-WATER.EXISTING-AVERAGE,0,0,0,0.170633091,0.233977656,0,0,0.198155701,0,0,0,0,0,0,0.244121298,0.153112254,0,0,0,0,0,0,0,0
RWEAWHTRG01 [RES.WATER.EXISTING-AVERAGE: .01.NGA.BOILER.STD.STANDALONE.],UK,2010,6.108551952,1,0.610855195,1,0,1,100000000,100,100000000,15,1,1,0.8,0.1,NGA,RES.HOT-WATER.EXISTING-AVERAGE,0.054528134,0.047201524,0.052977028,0,0,0.052493242,0.065430769,0,0.068253683,0.069729978,0.043800062,0.080123889,0.083400664,0.072847154,0,0,0,0,0,0.058238821,0.07711145,0.092418031,0.081445572,0
RWNASA01 [RES.WATER.NEW-AVERAGE: .01.STANDALONE.DELIVERY.],UK,2010,0.000593143,1,0.000593143,1,0,1,100000000,100,100000000,50,1,1,1,0.1,ELC,RES.HOT-WATER.NEW-AVERAGE,0,0,0,0.170633091,0.233977656,0,0,0.198155701,0,0,0,0,0,0,0.244121298,0.153112254,0,0,0,0,0,0,0,0
RWNAWHTRE01 [RES.WATER.NEW-AVERAGE: .01.ELC.RESISTANCE.STANDALONE.],UK,2010,2.097147725,1,0.209714772,1,0,1,100000000,100,100000000,15,1,1,0.85,0.1,ELC,RES.HOT-WATER.NEW-AVERAGE,0,0,0,0.170633091,0.233977656,0,0,0.198155701,0,0,0,0,0,0,0.244121298,0.153112254,0,0,0,0,0,0,0,0
RWNAWHTRG01 [RES.WATER.NEW-AVERAGE: .01.NGA.BOILER.STD.STANDALONE.],UK,2010,4.886841562,1,0.488684156,1,0,1,100000000,100,100000000,15,1,1,0.8,0.1,NGA,RES.HOT-WATER.NEW-AVERAGE,0.054528134,0.047201524,0.052977028,0,0,0.052493242,0.065430769,0,0.068253683,0.069729978,0.043800062,0.080123889,0.083400664,0.072847154,0,0,0,0,0,0.058238821,0.07711145,0.092418031,0.081445572,0
